// Generated by tools/generate_premium_assets.py from approved style guides.
#pragma once
#include <Arduino.h>
#define PREMIUM_HAT_W 28
#define PREMIUM_HAT_H 22
#define PREMIUM_ACC_W 28
#define PREMIUM_ACC_H 26
#define PREMIUM_BG_W 45
#define PREMIUM_BG_H 80
#define PREMIUM_SLOT_W 14
#define PREMIUM_SLOT_H 12
#define PREMIUM_ITEM_W 16
#define PREMIUM_ITEM_H 16
static const uint16_t PREMIUM_HATS[9][616] PROGMEM = {
  {
    0x0000,0x0000,0x0000,0x0000,0x0000,0x0000,0x0000,0x0000,0x0000,0x0000,0x0000,0x0000,0x0000,0x0000,0x0000,0x0000,0x0000,0x0000,0x0000,0x0000,0x0000,0x0000,0x0000,0x0000,0x0000,0x0000,0x0000,0x0000,
    0x0000,0x0000,0x0000,0x0000,0x0000,0x0000,0x0000,0x0000,0x0000,0x0000,0x0000,0x0000,0x0000,0x0000,0x0000,0x0000,0x0000,0x0000,0x0000,0x0000,0x0000,0x0000,0x0000,0x0000,0x0000,0x0000,0x0000,0x0000,
    0x0000,0x0000,0x0000,0x0000,0x0000,0x0000,0x0000,0x0000,0x0000,0x0000,0x0000,0x0000,0x0000,0x0000,0x0000,0x0000,0x0000,0x0000,0x0000,0x0000,0x0000,0x0000,0x0000,0x0000,0x0000,0x0000,0x0000,0x0000,
    0x0000,0x0000,0x0000,0x0000,0x0000,0x0000,0x0000,0x0000,0x0000,0x0000,0x0000,0x0000,0x0000,0x0000,0x0000,0x0000,0x0000,0x0000,0x0000,0x0000,0x0000,0x0000,0x0000,0x0000,0x0000,0x0000,0x0000,0x0000,
    0x0000,0x0000,0x0000,0x0000,0x0000,0x0000,0x0000,0x0000,0x0000,0x0000,0x0000,0x0000,0x0000,0x0000,0x0000,0x0000,0x0000,0x0000,0x0000,0x0000,0x0000,0x0000,0x0000,0x0000,0x0000,0x0000,0x0000,0x0000,
    0x0000,0x0000,0x0000,0x0000,0x0000,0x0000,0x0000,0x0000,0x0000,0x0000,0x0000,0x0000,0x0000,0x0000,0x0000,0x0000,0x0000,0x0000,0x0000,0x0000,0x0000,0x0000,0x0000,0x0000,0x0000,0x0000,0x0000,0x0000,
    0x0000,0x0000,0x0000,0x0000,0x0000,0x0000,0x0000,0x0000,0x0000,0x0000,0x0000,0x0000,0x0000,0x0000,0x0000,0x0000,0x0000,0x0000,0x0000,0x0000,0x0000,0x0000,0x0000,0x0000,0x0000,0x0000,0x0000,0x0000,
    0x0000,0x0000,0x0000,0x0000,0x0000,0x0000,0x0000,0x0000,0x0000,0x0000,0x0000,0x0000,0x0000,0x0000,0x0000,0x0000,0x0000,0x0000,0x0000,0x0000,0x0000,0x0000,0x0000,0x0000,0x0000,0x0000,0x0000,0x0000,
    0x0000,0x0000,0x0000,0x0000,0x0000,0x0000,0x0000,0x0000,0x0000,0x0000,0x0000,0x0000,0x0000,0x0000,0x0000,0x0000,0x0000,0x0000,0x0000,0x0000,0x0000,0x0000,0x0000,0x0000,0x0000,0x0000,0x0000,0x0000,
    0x0000,0x0000,0x0000,0x0000,0x0000,0x0000,0x0000,0x0000,0x0000,0x0000,0x0000,0x0000,0x0000,0x0000,0x0000,0x0000,0x0000,0x0000,0x0000,0x0000,0x0000,0x0000,0x0000,0x0000,0x0000,0x0000,0x0000,0x0000,
    0x0000,0x0000,0x0000,0x0000,0x0000,0x0000,0x0000,0x0000,0x0000,0x0000,0x0000,0x0000,0x0000,0x0000,0x0000,0x0000,0x0000,0x0000,0x0000,0x0000,0x0000,0x0000,0x0000,0x0000,0x0000,0x0000,0x0000,0x0000,
    0x0000,0x0000,0x0000,0x0000,0x0000,0x0000,0x0000,0x0000,0x0000,0x0000,0x0000,0x0000,0x48A6,0x6085,0x5885,0x5085,0x0000,0x0000,0x0000,0x0000,0x0000,0x0000,0x0000,0x0000,0x0000,0x0000,0x0000,0x0000,
    0x0000,0x0000,0x0000,0x0000,0x0000,0x0000,0x0000,0x0000,0x0000,0x4066,0xE105,0xE945,0xF1C6,0xF206,0xF1C5,0xF1E6,0xF185,0xE165,0x28A4,0x0000,0x0000,0x0000,0x0000,0x0000,0x0000,0x0000,0x0000,0x0000,
    0x0000,0x0000,0x0000,0x0000,0x0000,0x0000,0x0000,0x0000,0x2844,0xC0A4,0xE985,0xE985,0xF206,0xF206,0xF1E6,0xF206,0xD986,0xE165,0xD125,0x0000,0x0000,0x0000,0x0000,0x0000,0x0000,0x0000,0x0000,0x0000,
    0x0000,0x0000,0x0000,0x0000,0x0000,0x0000,0x0000,0x0000,0xA0E5,0xD925,0xD925,0xE965,0xF1E6,0xF206,0xF1E6,0xE9C6,0xD125,0xC8C4,0xD125,0x9104,0x0000,0x0000,0x0000,0x0000,0x0000,0x0000,0x0000,0x0000,
    0x0000,0x0000,0x0000,0x0000,0x0000,0x0000,0x0000,0x38A7,0xA8C5,0xB8E4,0xD104,0xD924,0xD944,0xD944,0xD924,0xD924,0xD104,0xB8C4,0xD104,0xC0E4,0x2084,0x0000,0x0000,0x0000,0x0000,0x0000,0x0000,0x0000,
    0x0000,0x0000,0x0000,0x0000,0x0000,0x0000,0x0000,0x3065,0x90A5,0xC0C4,0xC105,0xC0E4,0xD965,0xD944,0xD924,0xD904,0xC0C4,0xB8E4,0xD104,0xB0C4,0x20A5,0x0000,0x0000,0x0000,0x0000,0x0000,0x0000,0x0000,
    0x0000,0x0000,0x0000,0x0000,0x0000,0x0000,0x2124,0xA0A5,0xC905,0xE145,0xD924,0xE104,0x60A5,0x5084,0xD904,0xD0E4,0xC0C4,0xB0C4,0xD124,0xA084,0x18A6,0x0000,0x0000,0x0000,0x0000,0x0000,0x0000,0x0000,
    0x0000,0x0000,0x0000,0x0000,0x0000,0x8925,0xC8C4,0xE104,0xF185,0xF1E6,0xF1C5,0xE985,0xE985,0xB8E4,0xA0C5,0x9084,0x7084,0xA8C5,0xB8A4,0xA064,0x1886,0x0000,0x0000,0x0000,0x0000,0x0000,0x0000,0x0000,
    0x0000,0x0000,0x0000,0x0000,0x8065,0xC0A4,0xD8C4,0xD0C5,0xD0C5,0xF165,0xE945,0xE165,0xD924,0xD104,0xD924,0xC083,0xA843,0x4864,0x9865,0x9065,0x1045,0x0000,0x0000,0x0000,0x0000,0x0000,0x0000,0x0000,
    0x0000,0x0000,0x0000,0x0000,0x40A5,0x3065,0x0000,0x0000,0x0000,0x3844,0x7024,0xB884,0xD904,0xD104,0xC0E4,0xC0C4,0xA883,0x4844,0x0000,0x0000,0x0000,0x0000,0x0000,0x0000,0x0000,0x0000,0x0000,0x0000,
    0x0000,0x0000,0x0000,0x0000,0x0000,0x0000,0x0000,0x0000,0x0000,0x0000,0x0000,0x30C4,0xB0A6,0xB0A5,0xC0C5,0x9864,0x18E4,0x0000,0x0000,0x0000,0x0000,0x0000,0x0000,0x0000,0x0000,0x0000,0x0000,0x0000,
  },
  {
    0x0000,0x0000,0x0000,0x0000,0x0000,0x0000,0x0000,0x0000,0x0000,0x0000,0x0000,0x0000,0x0000,0x0000,0x0000,0x0000,0x0000,0x0000,0x0000,0x0000,0x0000,0x0000,0x0000,0x0000,0x0000,0x0000,0x0000,0x0000,
    0x0000,0x0000,0x0000,0x0000,0x0000,0x0000,0x0000,0x0000,0x0000,0x0000,0x0000,0x0000,0x0000,0x0000,0x0000,0x0000,0x0000,0x0000,0x0000,0x0000,0x0000,0x0000,0x0000,0x0000,0x0000,0x0000,0x0000,0x0000,
    0x0000,0x0000,0x0000,0x0000,0x0000,0x0000,0x0000,0x0000,0x0000,0x0000,0x0000,0x0000,0x0000,0x0000,0x0000,0x0000,0x0000,0x0000,0x0000,0x0000,0x0000,0x0000,0x0000,0x0000,0x0000,0x0000,0x0000,0x0000,
    0x0000,0x0000,0x0000,0x0000,0x0000,0x0000,0x0000,0x0000,0x0000,0x0000,0x0000,0x0000,0x0000,0x10C6,0x08A5,0x1085,0x0000,0x0000,0x0000,0x0000,0x0000,0x0000,0x0000,0x0000,0x0000,0x0000,0x0000,0x0000,
    0x0000,0x0000,0x0000,0x0000,0x0000,0x0000,0x0000,0x0000,0x0000,0x0000,0x0000,0x0000,0x1231,0x1252,0x2379,0x11CE,0x08C7,0x0000,0x0000,0x0000,0x0000,0x0000,0x0000,0x0000,0x0000,0x0000,0x0000,0x0000,
    0x0000,0x0000,0x0000,0x0000,0x0000,0x0000,0x0000,0x0000,0x0000,0x0000,0x0000,0x10C7,0x1A93,0x1B99,0x11AD,0x12D5,0x1293,0x0807,0x0000,0x0000,0x0000,0x0000,0x0000,0x0000,0x0000,0x0000,0x0000,0x0000,
    0x0000,0x0000,0x0000,0x0000,0x0000,0x0000,0x0000,0x0000,0x0000,0x0000,0x0000,0x10C7,0x1232,0x11F0,0x1274,0x11F0,0x116C,0x0827,0x0000,0x0000,0x0000,0x0000,0x0000,0x0000,0x0000,0x0000,0x0000,0x0000,
    0x0000,0x0000,0x0000,0x0000,0x0000,0x0000,0x0000,0x0000,0x0000,0x0000,0x1087,0x08C5,0x10A6,0x08A6,0x08A6,0x08A5,0x08A5,0x10A8,0x0000,0x0000,0x0000,0x0000,0x0000,0x0000,0x0000,0x0000,0x0000,0x0000,
    0x0000,0x0000,0x0000,0x0000,0x0000,0x0000,0x0000,0x0000,0x0000,0x10A6,0x1272,0x1A92,0x1230,0x112B,0x114B,0x11CE,0x1210,0x114B,0x1129,0x10A6,0x0000,0x0000,0x0000,0x0000,0x0000,0x0000,0x0000,0x0000,
    0x0000,0x0000,0x0000,0x0000,0x0000,0x0000,0x0000,0x08C5,0x2378,0x1AD5,0x1AB4,0x2B98,0x11EF,0x2BB8,0x1251,0x1B16,0x118D,0x1294,0x116C,0x11F0,0x110A,0x1107,0x0000,0x0000,0x0000,0x0000,0x0000,0x0000,
    0x0000,0x0000,0x0000,0x0000,0x0000,0x0000,0x08A5,0x23B9,0x1A51,0x11EF,0x33D9,0x1AB4,0x1251,0x12B4,0x11CE,0x1B17,0x1231,0x1210,0x1232,0x1231,0x11AD,0x116C,0x0000,0x0000,0x0000,0x0000,0x0000,0x0000,
    0x0000,0x0000,0x0000,0x0000,0x0000,0x13B7,0x118D,0x23BA,0x1252,0x2378,0x12F6,0x12B4,0x11CF,0x12B4,0x1210,0x1AF6,0x1212,0x094B,0x1273,0x1211,0x11CE,0x11CE,0x11AD,0x0000,0x0000,0x0000,0x0000,0x0000,
    0x0000,0x0000,0x0000,0x0000,0x10A6,0x1252,0x1252,0x1AB5,0x118D,0x1231,0x1317,0x11CE,0x1293,0x12F5,0x098D,0x1AF6,0x12F7,0x11CE,0x1294,0x1253,0x112A,0x1210,0x096C,0x1087,0x0000,0x0000,0x0000,0x0000,
    0x0000,0x0000,0x0000,0x0000,0x08A6,0x1272,0x1B16,0x1253,0x11EF,0x1273,0x1252,0x12D6,0x09AE,0x12F6,0x11CE,0x1294,0x12B5,0x094C,0x11AF,0x11F0,0x098D,0x118D,0x092A,0x10A7,0x0000,0x0000,0x0000,0x0000,
    0x0000,0x0000,0x0000,0x0827,0x1210,0x118D,0x09AD,0x118D,0x114B,0x094B,0x08C7,0x08A6,0x08A6,0x0886,0x08A6,0x08A6,0x08A6,0x0886,0x0885,0x1210,0x114A,0x118C,0x094B,0x094B,0x10C8,0x0000,0x0000,0x0000,
    0x0000,0x0000,0x0000,0x0847,0x0886,0x08A6,0x1A92,0x3C3A,0x1B37,0x3C3A,0x23B9,0x12B5,0x2357,0x2BD9,0x1AB4,0x2378,0x1B58,0x1B38,0x1B16,0x1B38,0x12D5,0x1231,0x08C7,0x08A6,0x10A7,0x0000,0x0000,0x0000,
    0x0000,0x0000,0x0000,0x114A,0x33D9,0x1B37,0x1B37,0x1A73,0x118D,0x2399,0x1294,0x11EF,0x1A73,0x12D5,0x11CE,0x12F5,0x12F7,0x1AD6,0x1210,0x12F6,0x1251,0x116B,0x1293,0x11CE,0x112A,0x0000,0x0000,0x0000,
    0x0000,0x0000,0x10C7,0x11AD,0x1317,0x120F,0x343A,0x1293,0x118D,0x12D6,0x12B4,0x1273,0x1252,0x12B5,0x11AE,0x1AD5,0x12D5,0x1AD5,0x1230,0x1273,0x1252,0x112A,0x1231,0x116C,0x1109,0x08A5,0x0000,0x0000,
    0x0000,0x0000,0x10A6,0x118D,0x1AF6,0x11CE,0x1B58,0x11AE,0x11EF,0x1294,0x12B4,0x1210,0x1231,0x12F6,0x11CE,0x11CF,0x12D5,0x1252,0x11CE,0x1252,0x1231,0x112A,0x1231,0x116C,0x1109,0x08A5,0x0000,0x0000,
    0x0000,0x0000,0x10A6,0x118D,0x12B4,0x11EF,0x1211,0x11AE,0x114A,0x09CF,0x09CF,0x094B,0x096B,0x09AD,0x092A,0x0909,0x09F0,0x116C,0x112A,0x09AD,0x11CF,0x112A,0x1210,0x096C,0x1109,0x08A6,0x0000,0x0000,
    0x0000,0x0000,0x10A6,0x094B,0x11F0,0x11EF,0x116C,0x1109,0x10A6,0x0886,0x0886,0x0886,0x0886,0x0886,0x0885,0x0886,0x0886,0x0886,0x0886,0x08A6,0x092A,0x112A,0x11AD,0x092A,0x1109,0x08A5,0x0000,0x0000,
    0x0000,0x0000,0x0000,0x08A6,0x08A6,0x0000,0x0000,0x0000,0x0000,0x0000,0x0000,0x0000,0x0000,0x0000,0x0000,0x0000,0x0000,0x0000,0x0000,0x0000,0x0000,0x0000,0x0000,0x08A6,0x10A6,0x0000,0x0000,0x0000,
  },
  {
    0x0000,0x0000,0x0000,0x0000,0x0000,0x0000,0x0000,0x0000,0x0000,0x0000,0x0000,0x0000,0x0000,0x0000,0x0000,0x0000,0x0000,0x0000,0x0000,0x0000,0x0000,0x0000,0x0000,0x0000,0x0000,0x0000,0x0000,0x0000,
    0x0000,0x0000,0x0000,0x0000,0x0000,0x0000,0x0000,0x0000,0x0000,0x0000,0x0000,0x0000,0x0000,0x0000,0x0000,0x0000,0x0000,0x0000,0x0000,0x0000,0x0000,0x0000,0x0000,0x0000,0x0000,0x0000,0x0000,0x0000,
    0x0000,0x0000,0x0000,0x0000,0x0000,0x0000,0x0000,0x0000,0x0000,0x0000,0x0000,0x0000,0x0000,0x0000,0x0000,0x0000,0x0000,0x0000,0x0000,0x0000,0x0000,0x0000,0x0000,0x0000,0x0000,0x0000,0x0000,0x0000,
    0x0000,0x0000,0x0000,0x0000,0x0000,0x0000,0x0000,0x0000,0x0000,0x0000,0x0000,0x0000,0x0000,0x0000,0x0000,0x0000,0x0000,0x0000,0x0000,0x0000,0x0000,0x0000,0x0000,0x0000,0x0000,0x0000,0x0000,0x0000,
    0x0000,0x0000,0x0000,0x0000,0x0000,0x0000,0x0000,0x0000,0x0000,0x0000,0x0000,0x0000,0x0000,0x0000,0x0000,0x0000,0x0000,0x0000,0x0000,0x0000,0x0000,0x0000,0x0000,0x0000,0x0000,0x0000,0x0000,0x0000,
    0x0000,0x0000,0x0000,0x0000,0x0000,0x0000,0x0000,0x0000,0x0000,0x0000,0x0000,0x0000,0x0000,0x0000,0x0000,0x0000,0x0000,0x0000,0x0000,0x0000,0x0000,0x0000,0x0000,0x0000,0x0000,0x0000,0x0000,0x0000,
    0x0000,0x0000,0x0000,0x0000,0x0000,0x0000,0x0000,0x0000,0x0000,0x0000,0x0000,0x0000,0x0000,0x0000,0x0000,0x0000,0x0000,0x0000,0x0000,0x0000,0x0000,0x0000,0x0000,0x0000,0x0000,0x0000,0x0000,0x0000,
    0x0000,0x0000,0x0000,0x0000,0x0000,0x0000,0x0000,0x0000,0x0000,0x0000,0x0000,0x0000,0x0000,0x0000,0x0000,0x0000,0x0000,0x0000,0x0000,0x0000,0x0000,0x0000,0x0000,0x0000,0x0000,0x0000,0x0000,0x0000,
    0x0000,0x0000,0x0000,0x0000,0x0000,0x0000,0x0000,0x0000,0x0000,0x0000,0x0000,0x0000,0x0000,0x0000,0x0000,0x0000,0x0000,0x0000,0x0000,0x0000,0x0000,0x0000,0x0000,0x0000,0x0000,0x0000,0x0000,0x0000,
    0x0000,0x0000,0x0000,0x0000,0x0000,0x0000,0x0000,0x0000,0x0000,0x0000,0x0000,0x0000,0x0000,0x0000,0x0000,0x0000,0x0000,0x0000,0x0000,0x0000,0x0000,0x0000,0x0000,0x0000,0x0000,0x0000,0x0000,0x0000,
    0x0000,0x0000,0x0000,0x0000,0x0000,0x0000,0x0000,0x0000,0x0000,0x0000,0x0000,0x0000,0x0000,0x0000,0x0000,0x0000,0x0000,0x0000,0x0000,0x0000,0x0000,0x0000,0x0000,0x0000,0x0000,0x0000,0x0000,0x0000,
    0x0000,0x0000,0x0000,0x0000,0x0000,0x0000,0x0000,0x0000,0x0000,0x0000,0x0000,0x10A5,0x10C6,0x10A5,0x10A5,0x10A5,0x10A5,0x0000,0x0000,0x0000,0x0000,0x0000,0x0000,0x0000,0x0000,0x0000,0x0000,0x0000,
    0x0000,0x0000,0x0000,0x0000,0x0000,0x0000,0x0000,0x0000,0x10A5,0xFE8C,0xFF11,0xFF0F,0xFEAC,0xFE6B,0xFDA9,0xFE6B,0xFE4A,0xFD47,0xFD47,0x10A4,0x0000,0x0000,0x0000,0x0000,0x0000,0x0000,0x0000,0x0000,
    0x0000,0x0000,0x0000,0x0000,0x0000,0x0000,0x10E6,0xFDA9,0xFE2A,0xFF11,0xFF11,0xFEEF,0xFE6B,0xFE8C,0xFE6C,0xFE8B,0xFE4A,0xFE2A,0xF507,0xEC26,0xF4C6,0x08C5,0x0000,0x0000,0x0000,0x0000,0x0000,0x0000,
    0x0000,0x0000,0x0000,0x0000,0x0000,0x0000,0x10A4,0xFDC9,0xFE8C,0xFF10,0xFECF,0xFECD,0xFE6B,0xFE6B,0xFD89,0xFDE9,0xFD48,0xF4E7,0xF4E7,0xF4E7,0xF4A6,0x18C6,0x0000,0x0000,0x0000,0x0000,0x0000,0x0000,
    0x0000,0x0000,0x0000,0x0000,0x0000,0x0000,0xFD48,0xFD69,0xFE4A,0xFEEF,0xFC4B,0xF247,0xD945,0xD925,0xD925,0xD925,0xC905,0xDB45,0xFD28,0xEC66,0xDBA5,0xF487,0x0000,0x0000,0x0000,0x0000,0x0000,0x0000,
    0x0000,0x0000,0x0000,0x0000,0x0000,0x10A6,0xD925,0xE165,0xE165,0xF206,0xE9A6,0xE9A6,0xE965,0xE965,0xE965,0xE986,0xD904,0xC0C4,0xC8C4,0xB0A4,0xB0A3,0xB0A3,0x1085,0x0000,0x0000,0x0000,0x0000,0x0000,
    0x0000,0x0000,0x0000,0x0000,0x0000,0x1084,0xFDCA,0xFF0E,0xFEEF,0xFF51,0xFEEF,0xFEEF,0xFE6B,0xFE6B,0xFE6B,0xFD88,0xFE2B,0xFDC9,0xFD07,0xFD07,0xFD48,0xEC26,0x1084,0x0000,0x0000,0x0000,0x0000,0x0000,
    0x0000,0x0000,0x18A5,0x10A4,0xFE4B,0xFE8C,0xFF10,0xFEEE,0xFF32,0xFEEE,0xFE8B,0xFE49,0xFE6A,0xFE2A,0xFDE9,0xFE4A,0xFE6B,0xFD67,0xF506,0xF507,0xF507,0xF507,0xF507,0xEC87,0x0863,0x1085,0x0000,0x0000,
    0x0000,0xF5CA,0xFE4B,0xFDC9,0xCB44,0x91E3,0x10A4,0x10A4,0x6143,0x6143,0x6943,0x6143,0x6143,0x6143,0x6143,0x6143,0x6143,0x6143,0x6943,0x6943,0x10A4,0x10A4,0x6943,0xC2C4,0xE405,0xFD07,0xF507,0x0000,
    0x18C6,0x89A4,0x6103,0x6102,0x5902,0x5902,0x6943,0x7163,0x7163,0x7163,0x7163,0x6963,0x6963,0x6943,0x6943,0x6943,0x6943,0x6963,0x6943,0x6943,0x6963,0x6963,0x6123,0x6103,0x6102,0x6103,0x8163,0x18C6,
    0x0000,0x0000,0x10A5,0x10A5,0x10A5,0x10A5,0x1084,0x1085,0x10A5,0x10A5,0x10A5,0x10A5,0x10A5,0x1085,0x1085,0x10A5,0x1084,0x1085,0x10A5,0x10A5,0x10A5,0x1084,0x10A4,0x10A4,0x10A5,0x10A5,0x0000,0x0000,
  },
  {
    0x0000,0x0000,0x0000,0x0000,0x0000,0x0000,0x0000,0x0000,0x0000,0x0000,0x0000,0x0000,0x0000,0x0000,0x0000,0x0000,0x0000,0x0000,0x0000,0x0000,0x0000,0x0000,0x0000,0x0000,0x0000,0x0000,0x0000,0x0000,
    0x0000,0x0000,0x0000,0x0000,0x0000,0x0000,0x0000,0x0000,0x0000,0x0000,0x0000,0x0000,0x0000,0x0000,0x0000,0x0000,0x0000,0x0000,0x0000,0x0000,0x0000,0x0000,0x0000,0x0000,0x0000,0x0000,0x0000,0x0000,
    0x0000,0x0000,0x0000,0x0000,0x0000,0x0000,0x0000,0x0000,0x0000,0x0000,0x0000,0x0000,0x0000,0x0000,0x0000,0x0000,0x0000,0x0000,0x0000,0x0000,0x0000,0x0000,0x0000,0x0000,0x0000,0x0000,0x0000,0x0000,
    0x0000,0x0000,0x0000,0x0000,0x0000,0x0000,0x0000,0x0000,0x0000,0x0000,0x0000,0x0000,0x0000,0x0000,0x0000,0x0000,0x0000,0x0000,0x0000,0x0000,0x0000,0x0000,0x0000,0x0000,0x0000,0x0000,0x0000,0x0000,
    0x0000,0x0000,0x0000,0x0000,0x0000,0x0000,0x0000,0x0000,0x0000,0x0000,0x0000,0x0000,0x0000,0x0000,0x0000,0x0000,0x0000,0x0000,0x0000,0x0000,0x0000,0x0000,0x0000,0x0000,0x0000,0x0000,0x0000,0x0000,
    0x0000,0x0000,0x0000,0x0000,0x0000,0x0000,0x0000,0x0000,0x0000,0x0000,0x0000,0x0000,0x0000,0x0000,0x0000,0x0000,0x0000,0x0000,0x0000,0x0000,0x0000,0x0000,0x0000,0x0000,0x0000,0x0000,0x0000,0x0000,
    0x0000,0x0000,0x0000,0x0000,0x0000,0x0000,0x0000,0x0000,0x0000,0x0000,0x0000,0x0000,0x0000,0x0000,0x0000,0x0000,0x0000,0x0000,0x0000,0x0000,0x0000,0x0000,0x0000,0x0000,0x0000,0x0000,0x0000,0x0000,
    0x0000,0x0000,0x0000,0x0000,0x0000,0x0000,0x0000,0x0000,0x0000,0x0000,0x0000,0x0000,0x0000,0x0000,0x0000,0x0000,0x0000,0x0000,0x0000,0x0000,0x0000,0x0000,0x0000,0x0000,0x0000,0x0000,0x0000,0x0000,
    0x0000,0x0000,0x0000,0x0000,0x0000,0x0000,0x0000,0x0000,0x0000,0x0000,0x0000,0x0000,0x0000,0x0000,0x0000,0x0000,0x0000,0x0000,0x0000,0x0000,0x0000,0x0000,0x0000,0x0000,0x0000,0x0000,0x0000,0x0000,
    0x0000,0x0000,0x0000,0x0000,0x0000,0x0000,0x0000,0x0000,0x0000,0x0000,0x0000,0x0000,0x0000,0x0000,0x0000,0x0000,0x0000,0x0000,0x0000,0x0000,0x0000,0x0000,0x0000,0x0000,0x0000,0x0000,0x0000,0x0000,
    0x0000,0x0000,0x0000,0x0000,0x0000,0x0000,0x0000,0x0000,0x0000,0x0000,0x0000,0x0000,0x0000,0x0000,0x0000,0x0000,0x0000,0x0000,0x0000,0x0000,0x0000,0x0000,0x0000,0x0000,0x0000,0x0000,0x0000,0x0000,
    0x0000,0x0000,0x0000,0x0000,0x0000,0x0000,0x0000,0x0000,0x0000,0x0000,0x0000,0x0000,0x0000,0x0000,0x0000,0x0000,0x0000,0x0000,0x0000,0x0000,0x0000,0x0000,0x0000,0x0000,0x0000,0x0000,0x0000,0x0000,
    0x0000,0x0000,0x0000,0x0000,0x0000,0x0000,0x0000,0x0000,0x0000,0x0000,0x0000,0x324B,0x0000,0x0000,0x0000,0x4287,0x0000,0x0000,0x0000,0x0000,0x0000,0x0000,0x0000,0x0000,0x0000,0x0000,0x0000,0x0000,
    0x0000,0x0000,0x0000,0x0000,0x0000,0x0000,0x0000,0x0000,0x6B29,0x31AA,0x12E7,0x3B67,0x0000,0x0000,0xC362,0xEC22,0x0000,0x0000,0x0000,0x0000,0x0000,0x0000,0x0000,0x0000,0x0000,0x0000,0x0000,0x0000,
    0x0000,0x0000,0x0000,0x0000,0x0000,0x0000,0x0000,0x4A67,0xEEE9,0x4969,0xF2AF,0xFBD2,0x0000,0xDC60,0xF5E0,0x9A48,0xA268,0xDB0C,0x0000,0x0000,0x0000,0x0000,0x0000,0x0000,0x0000,0x0000,0x0000,0x0000,
    0x0000,0x0000,0x0000,0x0000,0x0000,0x0000,0x5288,0xF7F6,0xCB4B,0x81A9,0xFBAE,0xFBEF,0xAA2A,0xAA47,0x72AB,0xF7DC,0x69C7,0xB30A,0x41C8,0x0000,0x1228,0x0000,0x0000,0x0000,0x0000,0x0000,0x0000,0x0000,
    0x0000,0x0000,0x0000,0x0000,0x0000,0x0000,0x0000,0x32CA,0xDA4C,0xFD30,0xFF2E,0xFD2C,0xFACC,0xD4F2,0xFF7C,0xEDC9,0xE67B,0xD69A,0x79E9,0x0000,0x2149,0x0000,0x0000,0x0000,0x0000,0x0000,0x0000,0x0000,
    0x0000,0x0000,0x0000,0x0000,0x0000,0x0000,0x2246,0x85A3,0x4ACA,0xFBF0,0xFC0E,0xFB2E,0xFC71,0xAAA9,0xEE36,0xF66C,0xD553,0xB5B4,0x4247,0x0000,0x3168,0x0000,0x0000,0x0000,0x0000,0x0000,0x0000,0x0000,
    0x0000,0x0000,0x0000,0x0000,0x0000,0x0000,0x0000,0x2AA8,0x3368,0xFB30,0xDAEB,0x6928,0xFE97,0xF44D,0x422A,0xFF9C,0xCE39,0x0000,0x0000,0x0000,0x2967,0x0000,0x0000,0x0000,0x0000,0x0000,0x0000,0x0000,
    0x0000,0x0000,0x0000,0x0000,0x0000,0x0000,0x0000,0x0000,0x0000,0x3248,0x4209,0x0000,0x4B87,0x4A49,0x0000,0x5B4D,0x0000,0x0000,0x0000,0x0000,0x0000,0x0000,0x0000,0x0000,0x0000,0x0000,0x0000,0x0000,
    0x0000,0x0000,0x0000,0x0000,0x0000,0x0000,0x0000,0x0000,0x0000,0x0000,0x0000,0x0000,0x0000,0x0000,0x0000,0x0000,0x0000,0x0000,0x0000,0x0000,0x1144,0x0000,0x0000,0x0000,0x0000,0x0000,0x0000,0x0000,
    0x0000,0x0000,0x0000,0x0000,0x0000,0x0000,0x0000,0x0000,0x0000,0x0000,0x0000,0x0000,0x0000,0x0000,0x0000,0x0000,0x0000,0x0000,0x0000,0x0000,0x1A24,0x0000,0x0000,0x0000,0x0000,0x0000,0x0000,0x0000,
  },
  {
    0x0000,0x0000,0x0000,0x0000,0x0000,0x0000,0x0000,0x0000,0x0000,0x0000,0x0000,0x0000,0x0000,0x0000,0x0000,0x0000,0x0000,0x0000,0x0000,0x0000,0x0000,0x0000,0x0000,0x0000,0x0000,0x0000,0x0000,0x0000,
    0x0000,0x0000,0x0000,0x0000,0x0000,0x0000,0x0000,0x0000,0x0000,0x0000,0x0000,0x0000,0x0000,0x0000,0x0000,0x0000,0x0000,0x0000,0x0000,0x0000,0x0000,0x0000,0x0000,0x0000,0x0000,0x0000,0x0000,0x0000,
    0x0000,0x0000,0x0000,0x0000,0x0000,0x0000,0x0000,0x0000,0x0000,0x0000,0x0000,0x0000,0x0000,0x0000,0x0000,0x0000,0x0000,0x0000,0x0000,0x0000,0x0000,0x0000,0x0000,0x0000,0x0000,0x0000,0x0000,0x0000,
    0x0000,0x0000,0x0000,0x0000,0x0000,0x0000,0x0000,0x0000,0x0000,0x0000,0x0000,0x0000,0x0000,0x0000,0x0000,0x0000,0x0000,0x394A,0x392A,0x3929,0x0000,0x0000,0x0000,0x0000,0x0000,0x0000,0x0000,0x0000,
    0x0000,0x0000,0x0000,0x0000,0x0000,0x0000,0x0000,0x0000,0x0000,0x0000,0x0000,0x0000,0x0000,0x0000,0x0000,0x1148,0x50F2,0xA2F7,0xA2D7,0xA316,0x69F1,0x3189,0x0000,0x0000,0x0000,0x0000,0x0000,0x0000,
    0x0000,0x0000,0x0000,0x0000,0x0000,0x0000,0x0000,0x0000,0x0000,0x0000,0x0000,0x0000,0x0000,0x0000,0x18E6,0x9AB7,0xAAF7,0xB338,0xAAF8,0x9AD5,0x9314,0x9B16,0x0000,0x0000,0x0000,0x0000,0x0000,0x0000,
    0x0000,0x0000,0x0000,0x0000,0x0000,0x0000,0x0000,0x0000,0x0000,0x0000,0x0000,0x0000,0x0000,0x1988,0x91F4,0xAAF8,0xB358,0xB317,0x9A56,0x69F2,0x6211,0x81F4,0x6271,0x0000,0x0000,0x0000,0x0000,0x0000,
    0x0000,0x0000,0x0000,0x0000,0x0000,0x0000,0x0000,0x0000,0x0000,0x0000,0x0000,0x0000,0x0966,0x6931,0xAAD6,0xC338,0xE572,0xA2D6,0x7974,0x7313,0x2168,0x28CA,0x6210,0x2A07,0x0000,0x0000,0x0000,0x0000,
    0x0000,0x0000,0x0000,0x0000,0x0000,0x0000,0x0000,0x0000,0x0000,0x0000,0x0000,0x0000,0x7A53,0x9275,0xB2F7,0xF5EB,0xF60C,0xA293,0x7992,0x2089,0x0000,0x0000,0x0000,0x0000,0x0000,0x0000,0x0000,0x0000,
    0x0000,0x0000,0x0000,0x0000,0x0000,0x0000,0x0000,0x0000,0x0000,0x0000,0x0000,0x1A0B,0x8AD3,0x9295,0xAB17,0xD410,0xF5CA,0xBB8D,0x9210,0x18AA,0x0000,0x0000,0x0000,0x0000,0x0000,0x0000,0x0000,0x0000,
    0x0000,0x0000,0x0000,0x0000,0x0000,0x0000,0x0000,0x0000,0x0000,0x0000,0x0000,0x216B,0xA372,0xA314,0xAB17,0xCBF2,0xC390,0xB2AE,0x91EE,0x20AA,0x0000,0x0000,0x0000,0x0000,0x0000,0x0000,0x0000,0x0000,
    0x0000,0x0000,0x0000,0x0000,0x0000,0x0000,0x0000,0x0000,0x0000,0x0000,0x08AA,0x82F1,0x9333,0xAB36,0xAB37,0xC44B,0xA331,0x9A52,0xC407,0x2109,0x0000,0x0000,0x0000,0x0000,0x0000,0x0000,0x0000,0x0000,
    0x0000,0x0000,0x0000,0x0000,0x0000,0x0000,0x0000,0x0000,0x0000,0x0000,0x20AA,0x7A91,0xC3EF,0xA2D7,0xAB18,0x9315,0x9AB4,0x9253,0xA2AE,0x724D,0x0000,0x0000,0x0000,0x0000,0x0000,0x0000,0x0000,0x0000,
    0x0000,0x0000,0x0000,0x0000,0x0000,0x0000,0x0000,0x0000,0x0000,0x18EA,0x7A51,0x9292,0xFDE6,0xAAB6,0xA2D7,0xA2F5,0x9AB5,0x8A33,0x79D2,0x79D2,0x20A9,0x0000,0x0000,0x0000,0x0000,0x0000,0x0000,0x0000,
    0x0000,0x0000,0x0000,0x0000,0x0000,0x0000,0x0000,0x0000,0x0000,0x20AA,0x7A30,0xFE08,0xFE04,0xFE83,0xCC30,0xA2B7,0xA296,0x8A90,0x7191,0x6190,0x1069,0x0000,0x0000,0x0000,0x0000,0x0000,0x0000,0x0000,
    0x0000,0x0000,0x0000,0x0000,0x0000,0x0000,0x0000,0x0000,0x0000,0x40CE,0x722F,0xB38C,0xFE04,0xECC9,0x9AB5,0xA2B6,0x9AF5,0xE547,0x8A6F,0x69D0,0x518E,0x0000,0x0000,0x0000,0x0000,0x0000,0x0000,0x0000,
    0x0000,0x0000,0x0000,0x0000,0x0000,0x0000,0x49CD,0x59AF,0x30CB,0x6170,0x69F0,0xD46D,0xA2D6,0xCBF0,0x9A96,0x9A96,0xAB10,0xD4C7,0x92AC,0x71F0,0x598F,0x494E,0x59D1,0x0000,0x0000,0x0000,0x0000,0x0000,
    0x0000,0x0000,0x0000,0x0000,0x0000,0x42EA,0x71B3,0x81D3,0x50F1,0x5911,0x7213,0x79F3,0x9AB5,0x9A75,0x9A75,0x9295,0x8A13,0x8A4E,0x71CF,0x618F,0x5990,0x71D3,0x69D2,0x490E,0x0000,0x0000,0x0000,0x0000,
    0x0000,0x0000,0x0000,0x0000,0x0000,0x20E8,0x81F2,0x9273,0xB350,0xBBCF,0xAB17,0x9A96,0x8A53,0x71B2,0x71B2,0x71B2,0x71B2,0x6992,0x79F2,0x9AB2,0xAB8E,0x92B3,0x8A52,0x71B0,0x28E8,0x0000,0x0000,0x0000,
    0x0000,0x0000,0x0000,0x0000,0x0000,0x0000,0x2908,0x614F,0xB350,0xAB52,0xAAF6,0xA296,0x9A76,0xA276,0xA297,0xA2B6,0x9AB6,0x9A96,0x9A95,0x9A74,0xA370,0x8212,0x614F,0x38CC,0x0000,0x0000,0x0000,0x0000,
    0x0000,0x0000,0x0000,0x0000,0x0000,0x0000,0x0000,0x3A4B,0x38CF,0x38CE,0x3090,0x89F6,0xAAF7,0xAAB7,0xAAB7,0xAAD7,0xAB17,0x8A35,0x81D4,0x9A96,0x40CD,0x38CC,0x414B,0x0000,0x0000,0x0000,0x0000,0x0000,
    0x0000,0x0000,0x0000,0x0000,0x0000,0x0000,0x0000,0x0000,0x0000,0x0000,0x0000,0x18E8,0x28EA,0x30CA,0x30AB,0x30AA,0x30CB,0x30AB,0x30AA,0x2869,0x0000,0x0000,0x0000,0x0000,0x0000,0x0000,0x0000,0x0000,
  },
  {
    0x0000,0x0000,0x0000,0x0000,0x0000,0x0000,0x0000,0x0000,0x0000,0x0000,0x0000,0x0000,0x0000,0x0000,0x0000,0x0000,0x0000,0x0000,0x0000,0x0000,0x0000,0x0000,0x0000,0x0000,0x0000,0x0000,0x0000,0x0000,
    0x0000,0x0000,0x0000,0x0000,0x0000,0x0000,0x0000,0x0000,0x0000,0x0000,0x0000,0x0000,0x0000,0x0000,0x0000,0x0000,0x0000,0x0000,0x0000,0x0000,0x0000,0x0000,0x0000,0x0000,0x0000,0x0000,0x0000,0x0000,
    0x0000,0x0000,0x0000,0x0000,0x0000,0x0000,0x0000,0x0000,0x0000,0x0000,0x0000,0x0000,0x0000,0x0000,0x0000,0x0000,0x0000,0x0000,0x0000,0x0000,0x0000,0x0000,0x0000,0x0000,0x0000,0x0000,0x0000,0x0000,
    0x0000,0x0000,0x0000,0x0000,0x0000,0x0000,0x0000,0x0000,0x0000,0x0000,0x0000,0x0000,0x0000,0x0000,0x0000,0x0000,0x0000,0x0000,0x0000,0x0000,0x0000,0x0000,0x0000,0x0000,0x0000,0x0000,0x0000,0x0000,
    0x0000,0x0000,0x0000,0x0000,0x0000,0x0000,0x0000,0x0000,0x0000,0x0000,0x2107,0x2106,0x2107,0x2907,0x2928,0x2927,0x2106,0x2108,0x0000,0x0000,0x0000,0x0000,0x0000,0x0000,0x0000,0x0000,0x0000,0x0000,
    0x0000,0x0000,0x0000,0x0000,0x0000,0x0000,0x0083,0x39A9,0x39CA,0x41EA,0x4209,0x39C9,0x39E9,0x41EA,0x420A,0x4209,0x39C8,0x39C8,0x3187,0x39E9,0x420B,0x0904,0x0000,0x0000,0x0000,0x0000,0x0000,0x0000,
    0x0000,0x0000,0x0000,0x0000,0x0000,0x0000,0x18C6,0x3168,0x5AED,0x630D,0x420A,0x39E9,0x39C9,0x39E9,0x420A,0x4209,0x39C9,0x31A8,0x422A,0x52AC,0x39C9,0x20E7,0x0000,0x0000,0x0000,0x0000,0x0000,0x0000,
    0x0000,0x0000,0x0000,0x0000,0x0000,0x0000,0x18C6,0x2948,0x2947,0x5AED,0x6B4E,0x7BD0,0x738E,0x736E,0x736F,0x736E,0x6B4E,0x630D,0x3A0A,0x2127,0x2968,0x20C6,0x0000,0x0000,0x0000,0x0000,0x0000,0x0000,
    0x0000,0x0000,0x0000,0x0000,0x0000,0x0000,0x18E7,0x2968,0x2968,0x39C9,0x41E9,0x632D,0x8C31,0x7BCF,0x422A,0x422A,0x420A,0x39C9,0x2147,0x2968,0x3189,0x20C7,0x0000,0x0000,0x0000,0x0000,0x0000,0x0000,
    0x0000,0x0000,0x0000,0x0000,0x0000,0x0000,0x1145,0x3189,0x2988,0x420A,0x41E9,0x5AEC,0x7BAF,0x7BAF,0x422A,0x422A,0x422A,0x420A,0x2968,0x2968,0x20E7,0x0000,0x0000,0x0000,0x0000,0x0000,0x0000,0x0000,
    0x0000,0x0000,0x0000,0x0000,0x0000,0x0000,0x0000,0x18E6,0x2988,0x420A,0x41E9,0x52AB,0x7BCF,0x7BD0,0x422A,0x422A,0x422A,0x2968,0x2968,0x2968,0x1886,0x0000,0x0000,0x0000,0x0000,0x0000,0x0000,0x0000,
    0x0000,0x0000,0x0000,0x0000,0x0000,0x0000,0x0000,0x18E5,0x29A8,0x41EA,0x41EA,0x526B,0x7BAF,0x7BAF,0x422A,0x422A,0x422A,0x2988,0x2988,0x2968,0x1046,0x0000,0x0000,0x0000,0x0000,0x0000,0x0000,0x0000,
    0x0000,0x0000,0x0000,0x0000,0x0000,0x0000,0x0000,0x10C4,0x2988,0x420A,0x420A,0x528B,0x7BD0,0x736E,0x422A,0x422A,0x4A4B,0x39C9,0x2988,0x2988,0x1066,0x0000,0x0000,0x0000,0x0000,0x0000,0x0000,0x0000,
    0x0000,0x0000,0x0000,0x0000,0x0000,0x0000,0x0000,0x1084,0x2988,0x420B,0x420A,0x52AC,0x83F0,0x6B4E,0x422A,0x422A,0x4A4B,0x2989,0x2988,0x29A8,0x10A7,0x0000,0x0000,0x0000,0x0000,0x0000,0x0000,0x0000,
    0x0000,0x0000,0x0000,0x0000,0x0000,0x0000,0x0000,0x1085,0x2968,0x420A,0x41EA,0x52AC,0x8411,0x6B6E,0x422A,0x424A,0x4A4B,0x2988,0x3188,0x29A8,0x10C8,0x0000,0x0000,0x0000,0x0000,0x0000,0x0000,0x0000,
    0x0000,0x0000,0x0000,0x0000,0x0000,0x0000,0x0000,0x18A6,0x1104,0x39EA,0x41C9,0x5AAC,0x83F0,0x734E,0x420A,0x422A,0x422A,0x2968,0x3168,0x1926,0x18E8,0x0000,0x0000,0x0000,0x0000,0x0000,0x0000,0x0000,
    0x0000,0x0000,0x0000,0x0000,0x0000,0x0000,0x0000,0x1886,0x9884,0x30A4,0x18E6,0x1968,0x5B2E,0x4A6B,0x2988,0x2988,0x2967,0x18E5,0x20A5,0x9864,0x18A7,0x0000,0x0000,0x0000,0x0000,0x0000,0x0000,0x0000,
    0x0000,0x0000,0x0000,0x0000,0x0000,0x20E7,0x20E7,0x10A5,0x90C5,0xC8E4,0xD905,0xE9A5,0xFA87,0xFA67,0xE965,0xE124,0xC0E4,0xC0C4,0xB0C4,0x9084,0x10E6,0x2107,0x20C5,0x0000,0x0000,0x0000,0x0000,0x0000,
    0x0000,0x0000,0x0000,0x0000,0x10C7,0x31A9,0x2927,0x18E5,0x5064,0x90A3,0xB0A4,0xC8E4,0xE9C5,0xF1C5,0xD125,0xC104,0xB8A4,0xA064,0x68C6,0x68C5,0x1927,0x39E9,0x39E9,0x0000,0x0000,0x0000,0x0000,0x0000,
    0x0000,0x0000,0x0000,0x0000,0x2969,0x4A6B,0x31A9,0x2948,0x2947,0x4147,0x68C5,0xB0E5,0xD125,0xD104,0xA8C5,0xA0C5,0x98A4,0x7884,0x3107,0x2106,0x39E9,0x420A,0x3A09,0x2105,0x0000,0x0000,0x0000,0x0000,
    0x0000,0x0000,0x0000,0x0000,0x18E6,0x1908,0x420A,0x52CC,0x5ACC,0x5A8B,0x4209,0x5AEC,0x630D,0x4229,0x4229,0x4A4A,0x4A4B,0x4A4A,0x420A,0x422A,0x4A6B,0x31A8,0x2147,0x0000,0x0000,0x0000,0x0000,0x0000,
    0x0000,0x0000,0x0000,0x0000,0x0000,0x0000,0x1085,0x10A5,0x2107,0x39A9,0x5ACC,0x528C,0x62EC,0x630D,0x5ACC,0x422A,0x422A,0x3A09,0x31C8,0x10A5,0x10C5,0x10C5,0x0000,0x0000,0x0000,0x0000,0x0000,0x0000,
  },
  {
    0x0000,0x0000,0x0000,0x0000,0x0000,0x0000,0x0000,0x0000,0x0000,0x0000,0x0000,0x0000,0x0000,0x0000,0x0000,0x0000,0x0000,0x0000,0x0000,0x0000,0x0000,0x0000,0x0000,0x0000,0x0000,0x0000,0x0000,0x0000,
    0x0000,0x0000,0x0000,0x0000,0x0000,0x0000,0x0000,0x0000,0x0000,0x0000,0x0000,0x0000,0x0000,0x0000,0x0000,0x0000,0x0000,0x0000,0x0000,0x0000,0x0000,0x0000,0x0000,0x0000,0x0000,0x0000,0x0000,0x0000,
    0x0000,0x0000,0x0000,0x0000,0x0000,0x0000,0x0000,0x0000,0x0000,0x0000,0x0000,0x0000,0x0000,0x0000,0x0000,0x0000,0x0000,0x0000,0x0000,0x0000,0x0000,0x0000,0x0000,0x0000,0x0000,0x0000,0x0000,0x0000,
    0x0000,0x0000,0x0000,0x0000,0x0000,0x0000,0x0000,0x0000,0x0000,0x0000,0x0000,0x0000,0x0000,0x0000,0x0000,0x0000,0x0000,0x0000,0x0000,0x0000,0x0000,0x0000,0x0000,0x0000,0x0000,0x0000,0x0000,0x0000,
    0x0000,0x0000,0x0000,0x0000,0x0000,0x0000,0x0000,0x0000,0x0000,0x0000,0x0000,0x0000,0x0000,0x0000,0x0000,0x0000,0x0000,0x0000,0x0000,0x0000,0x0000,0x0000,0x0000,0x0000,0x0000,0x0000,0x0000,0x0000,
    0x0000,0x0000,0x0000,0x0000,0x0000,0x0000,0x0000,0x0000,0x0000,0x0000,0x0000,0x0000,0x0000,0x0000,0x0000,0x0000,0x0000,0x0000,0x0000,0x0000,0x0000,0x0000,0x0000,0x0000,0x0000,0x0000,0x0000,0x0000,
    0x0000,0x0000,0x0000,0x0000,0x0000,0x0000,0x0000,0x0000,0x0000,0x0000,0x0000,0x0000,0x0000,0x0000,0x0000,0x0000,0x0000,0x0000,0x0000,0x0000,0x0000,0x0000,0x0000,0x0000,0x0000,0x0000,0x0000,0x0000,
    0x0000,0x0000,0x0000,0x0000,0x0000,0x0000,0x0000,0x0000,0x0000,0x0000,0x0000,0x0000,0x0000,0x0000,0x0000,0x0000,0x0000,0x0000,0x0000,0x0000,0x0000,0x0000,0x0000,0x0000,0x0000,0x0000,0x0000,0x0000,
    0x0000,0x0000,0x0000,0x0000,0x0000,0x0000,0x0000,0x0000,0x0000,0x0000,0x0000,0x0000,0x0000,0x0000,0x0000,0x0000,0x0000,0x0000,0x0000,0x0000,0x0000,0x0000,0x0000,0x0000,0x0000,0x0000,0x0000,0x0000,
    0x0000,0x0000,0x0000,0x0000,0x0000,0x0000,0x0000,0x0000,0x0000,0x0000,0x0000,0x0000,0x0000,0x0000,0x0000,0x0000,0x0000,0x0000,0x0000,0x0000,0x0000,0x0000,0x0000,0x0000,0x0000,0x0000,0x0000,0x0000,
    0x0000,0x0000,0x0000,0x0000,0x0000,0x0000,0x0000,0x0000,0x0000,0x0000,0x0000,0x0000,0x0000,0x0000,0x0000,0x0000,0x0000,0x0000,0x0000,0x0000,0x0000,0x0000,0x0000,0x0000,0x0000,0x0000,0x0000,0x0000,
    0x0000,0x0000,0x0000,0x0000,0x0000,0x0000,0x0000,0x0000,0x0000,0x0000,0x0000,0x0000,0x0000,0x0000,0x0000,0x0000,0x0000,0x0000,0x0000,0x0000,0x0000,0x0000,0x0000,0x0000,0x0000,0x0000,0x0000,0x0000,
    0x0000,0x0000,0x0000,0x0000,0x0000,0x0000,0x0000,0x0000,0x0000,0x0000,0x0000,0x0000,0x0000,0x0000,0x0000,0x0000,0x0000,0x0000,0x0000,0x0000,0x0000,0x0000,0x0000,0x0000,0x0000,0x0000,0x0000,0x0000,
    0x0000,0x0000,0x0000,0x0000,0x0000,0x0000,0x0000,0x0000,0x0000,0x0000,0x0000,0x0000,0x0000,0x0000,0x0000,0x0000,0x0000,0x0000,0x0000,0x0000,0x0000,0x0000,0x0000,0x0000,0x0000,0x0000,0x0000,0x0000,
    0x0000,0x0000,0x0000,0x0000,0x0000,0x0000,0x0000,0x0000,0x0000,0x0000,0x0000,0x0000,0x0000,0x0000,0x0000,0x0000,0x0000,0x0000,0x0000,0x0000,0x0000,0x0000,0x0000,0x0000,0x0000,0x0000,0x0000,0x0000,
    0x0000,0x0000,0x0000,0x0000,0x0000,0x0000,0x0000,0x0000,0x0000,0x0000,0x0000,0x0000,0x0000,0x0000,0x0000,0x0000,0x0000,0x0000,0x0000,0x0000,0x0000,0x0000,0x0000,0x0000,0x0000,0x0000,0x0000,0x0000,
    0x0000,0x0000,0x0000,0x0000,0x0000,0x0000,0x0000,0x0000,0x0000,0x0000,0xD409,0xCD0B,0xD5EF,0xC5EF,0xC56C,0xC427,0x0000,0x0000,0x0000,0x0000,0x0000,0x0000,0x0000,0x0000,0x0000,0x0000,0x0000,0x0000,
    0x0000,0x0000,0x0000,0x0000,0x0000,0x0000,0x0000,0x0000,0xDD43,0xED26,0xD383,0x8A24,0x9A26,0xA266,0xAA05,0xC285,0xF5A7,0xE4C6,0x0000,0x0000,0x0000,0x0000,0x0000,0x0000,0x0000,0x0000,0x0000,0x0000,
    0x0000,0x0000,0x0000,0x0000,0x0000,0x0000,0x0000,0x0000,0xF563,0x3186,0x0000,0x0000,0x0000,0x0000,0x0000,0x0000,0x0000,0xFDA6,0x0000,0x0000,0x0000,0x0000,0x0000,0x0000,0x0000,0x0000,0x0000,0x0000,
    0x0000,0x0000,0x0000,0x0000,0x0000,0x0000,0x0000,0x0000,0xB303,0xF669,0xECE5,0xD488,0xD44A,0xCBE9,0xC3C6,0xC366,0xF669,0xD3C4,0x0000,0x0000,0x0000,0x0000,0x0000,0x0000,0x0000,0x0000,0x0000,0x0000,
    0x0000,0x0000,0x0000,0x0000,0x0000,0x0000,0x0000,0x0000,0x0000,0x0000,0xF3A3,0xFC63,0xFCE4,0xF4A4,0xFCE4,0xEAC3,0x0000,0x0000,0x0000,0x0000,0x0000,0x0000,0x0000,0x0000,0x0000,0x0000,0x0000,0x0000,
    0x0000,0x0000,0x0000,0x0000,0x0000,0x0000,0x0000,0x0000,0x0000,0x0000,0x0000,0x0000,0x0000,0x0000,0x0000,0x0000,0x0000,0x0000,0x0000,0x0000,0x0000,0x0000,0x0000,0x0000,0x0000,0x0000,0x0000,0x0000,
  },
  {
    0x0000,0x0000,0x0000,0x0000,0x0000,0x0000,0x0000,0x0000,0x0000,0x0000,0x0000,0x0000,0x0000,0x0000,0x0000,0x0000,0x0000,0x0000,0x0000,0x0000,0x0000,0x0000,0x0000,0x0000,0x0000,0x0000,0x0000,0x0000,
    0x0000,0x0000,0x0000,0x0000,0x0000,0x0000,0x0000,0x0000,0x0000,0x0000,0x0000,0x0000,0x0000,0x0000,0x0000,0x0000,0x0000,0x0000,0x0000,0x0000,0x0000,0x0000,0x0000,0x0000,0x0000,0x0000,0x0000,0x0000,
    0x0000,0x0000,0x0000,0x0000,0x0000,0x0000,0x0000,0x0000,0x0000,0x0000,0x0000,0x0000,0x0000,0x0000,0x0000,0x0000,0x0000,0x0000,0x0000,0x0000,0x0000,0x0000,0x0000,0x0000,0x0000,0x0000,0x0000,0x0000,
    0x0000,0x0000,0x0000,0x0000,0x0000,0x0000,0x0000,0x0000,0x0000,0x0000,0x0000,0x0000,0x0000,0x0000,0x0000,0x0000,0x0000,0x0000,0x0000,0x0000,0x0000,0x0000,0x0000,0x0000,0x0000,0x0000,0x0000,0x0000,
    0x0000,0x0000,0x0000,0x0000,0x0000,0x0000,0x0000,0x0000,0x0000,0x0000,0x0000,0x0000,0x0000,0x0000,0x0000,0x0000,0x0000,0x0000,0x0000,0x0000,0x0000,0x0000,0x0000,0x0000,0x0000,0x0000,0x0000,0x0000,
    0x0000,0x0000,0x0000,0x0000,0x0000,0x0000,0x0000,0x0000,0x0000,0x0000,0x0000,0x0000,0x0000,0x0000,0x0000,0x0000,0x0000,0x0000,0x0000,0x0000,0x0000,0x0000,0x0000,0x0000,0x0000,0x0000,0x0000,0x0000,
    0x0000,0x0000,0x0000,0x0000,0x0000,0x0000,0x0000,0x0000,0x0000,0x0000,0x0000,0x0000,0x0000,0x0000,0x0000,0x0000,0x0000,0x0000,0x0000,0x0000,0x0000,0x0000,0x0000,0x0000,0x0000,0x0000,0x0000,0x0000,
    0x0000,0x0000,0x0000,0x0000,0x0000,0x0000,0x0000,0x0000,0x0000,0x0000,0x0000,0x0000,0x0000,0x0000,0x0000,0x0000,0x0000,0x0000,0x0000,0x0000,0x0000,0x0000,0x0000,0x0000,0x0000,0x0000,0x0000,0x0000,
    0x0000,0x0000,0x0000,0x0000,0x0000,0x0000,0x0000,0x0000,0x0000,0x0000,0x0000,0x0000,0x0000,0x0000,0x0000,0x0000,0x0000,0x0000,0x0000,0x0000,0x0000,0x0000,0x0000,0x0000,0x0000,0x0000,0x0000,0x0000,
    0x0000,0x0000,0x0000,0x0000,0x0000,0x0000,0x0000,0x0000,0x0000,0x0000,0x0000,0x0000,0x0000,0x0000,0x0000,0x0000,0x0000,0x0000,0x0000,0x0000,0x0000,0x0000,0x0000,0x0000,0x0000,0x0000,0x0000,0x0000,
    0x0000,0x0000,0x0000,0x0000,0x0000,0x0000,0x0000,0x0000,0x0000,0x0000,0x0000,0x0000,0x0000,0x8263,0xECE9,0x0000,0x0000,0x0000,0x0000,0x0000,0x0000,0x0000,0x0000,0x0000,0x0000,0x0000,0x0000,0x0000,
    0x0000,0x0000,0x0000,0x0000,0x0000,0x0000,0x0000,0x0000,0x0000,0x0000,0x0000,0x0000,0x7102,0xFF72,0xFF93,0xE523,0x0000,0x0000,0x0000,0x0000,0x0000,0x0000,0x0000,0x0000,0x0000,0x0000,0x0000,0x0000,
    0x0000,0x0000,0x0000,0x0000,0x0000,0x0000,0x0000,0x0000,0x3107,0xF625,0x39A3,0x0000,0x3943,0xECC3,0xFD83,0xDC01,0x0000,0x0000,0xFDA9,0x68A2,0x0000,0x0000,0x0000,0x0000,0x0000,0x0000,0x0000,0x0000,
    0x0000,0x0000,0x0000,0x0000,0x0000,0x0000,0x6144,0x0000,0xFCE2,0xE664,0x8262,0x0000,0x0000,0xB362,0xFD82,0x30C3,0x0000,0x5981,0xEC65,0xF5C8,0x0000,0x4A83,0x6344,0x0000,0x0000,0x0000,0x0000,0x0000,
    0x0000,0x0000,0x0000,0x0000,0x0000,0x4165,0xF3C8,0x0000,0xFD83,0x92C5,0xC2A3,0x2124,0xE3E4,0xFF0E,0xFDE6,0xFFAC,0x0000,0xFDA7,0xA2E3,0xFD66,0x0000,0x5183,0x9A43,0x0000,0x0000,0x0000,0x0000,0x0000,
    0x0000,0x0000,0x0000,0x0000,0x0000,0x0000,0xDBA9,0xFE62,0xA263,0x9263,0x8A23,0x30C3,0xFE67,0xFECB,0xFE67,0xFE28,0xE549,0xA2C2,0xA303,0x9AA3,0x4982,0xFCA5,0x2904,0x0000,0x0000,0x0000,0x0000,0x0000,
    0x0000,0x0000,0x0000,0x0000,0x0000,0x0000,0xA2C8,0xF4A1,0x7984,0x71A2,0x71E3,0xF6A8,0xFEC7,0xAE19,0x0273,0xF5A6,0xFDE6,0x6982,0x79E1,0x8202,0xEDC7,0xEB41,0x2925,0x0000,0x0000,0x0000,0x0000,0x0000,
    0x0000,0x0000,0x0000,0x0000,0x0000,0x0000,0xA2C8,0xDBC1,0xF505,0xFDC6,0xFE89,0xFDE5,0xFEE4,0x22F3,0x1C3B,0x4A67,0xFDA4,0xFDA3,0xF5C8,0xED05,0xF442,0xD3A1,0x3106,0x0000,0x0000,0x0000,0x0000,0x0000,
    0x0000,0x0000,0x0000,0x0000,0x0000,0x0000,0x8F18,0xDBA1,0x4EFA,0x82C4,0xF502,0xFDA5,0xFEC8,0x0A11,0x0B15,0x49E7,0xFD84,0xFD22,0xEC20,0x9E3B,0xF442,0x6E78,0x2884,0x0000,0x0000,0x0000,0x0000,0x0000,
    0x0000,0x0000,0x0000,0x0000,0x0000,0x0000,0xBA66,0xC2C2,0xA343,0xE3E1,0xDC22,0xEC42,0xF4A4,0xE3C3,0x72A6,0xF4E4,0xF503,0xEC62,0xE3E2,0xCBA5,0xDB64,0xBA82,0x20C5,0x0000,0x0000,0x0000,0x0000,0x0000,
    0x0000,0x0000,0x0000,0x0000,0x0000,0x0000,0x3943,0xB1E3,0xDB43,0xFC42,0xFD03,0xFE25,0xFE66,0xFEA6,0xFDE3,0xFDC3,0xFE04,0xF522,0xEC22,0xEC04,0xD364,0x4864,0x0000,0x0000,0x0000,0x0000,0x0000,0x0000,
    0x0000,0x0000,0x0000,0x0000,0x0000,0x0000,0x0000,0x1965,0x31A5,0x39E5,0x41E6,0x4186,0x4165,0x4165,0x39C6,0x39C6,0x4185,0x3945,0x3186,0x4186,0x3986,0x0000,0x0000,0x0000,0x0000,0x0000,0x0000,0x0000,
  },
  {
    0x0000,0x0000,0x0000,0x0000,0x0000,0x0000,0x0000,0x0000,0x0000,0x0000,0x0000,0x0000,0x0000,0x0000,0x0000,0x0000,0x0000,0x0000,0x0000,0x0000,0x0000,0x0000,0x0000,0x0000,0x0000,0x0000,0x0000,0x0000,
    0x0000,0x0000,0x0000,0x0000,0x0000,0x0000,0x0000,0x0000,0x0000,0x0000,0x0000,0x0000,0x0000,0x0000,0x0000,0x0000,0x0000,0x0000,0x0000,0x0000,0x0000,0x0000,0x0000,0x0000,0x0000,0x0000,0x0000,0x0000,
    0x0000,0x0000,0x0000,0x0000,0x0000,0x0000,0x0000,0x0000,0x0000,0x0000,0x0000,0x0000,0x0000,0x0000,0x0000,0x0000,0x0000,0x0000,0x0000,0x0000,0x0000,0x0000,0x0000,0x0000,0x0000,0x0000,0x0000,0x0000,
    0x0000,0x0000,0x0000,0x0000,0x0000,0x0000,0x0000,0x0000,0x0000,0x0000,0x0000,0x0000,0x0000,0x0000,0x0000,0x0000,0x0000,0x0000,0x0000,0x0000,0x0000,0x0000,0x0000,0x0000,0x0000,0x0000,0x0000,0x0000,
    0x0000,0x0000,0x0000,0x0000,0x0000,0x0000,0x0000,0x0000,0x0000,0x0000,0x0000,0x0000,0x0000,0x0000,0x0000,0x0000,0x0000,0x0000,0x0000,0x0000,0x0000,0x0000,0x0000,0x0000,0x0000,0x0000,0x0000,0x0000,
    0x0000,0x0000,0x0000,0x0000,0x0000,0x0000,0x0000,0x0000,0x0000,0x0000,0x0000,0x0000,0x0000,0x0000,0x0000,0x0000,0x0000,0x0000,0x0000,0x0000,0x0000,0x0000,0x0000,0x0000,0x0000,0x0000,0x0000,0x0000,
    0x0000,0x0000,0x0000,0x0000,0x0000,0x0000,0x0000,0x0000,0x0000,0x0000,0x0000,0x0000,0x0000,0x0000,0x0000,0x0000,0x0000,0x0000,0x0000,0x0000,0x0000,0x0000,0x0000,0x0000,0x0000,0x0000,0x0000,0x0000,
    0x0000,0x0000,0x0000,0x0000,0x0000,0x0000,0x0000,0x0000,0x0000,0x0000,0x0000,0x0000,0x0000,0x0000,0x0000,0x0000,0x0000,0x0000,0x0000,0x0000,0x0000,0x0000,0x0000,0x0000,0x0000,0x0000,0x0000,0x0000,
    0x0000,0x0000,0x0000,0x0000,0x0000,0x0000,0x0000,0x0000,0x0000,0x0000,0x0000,0x0000,0x0000,0xB2E4,0x82A2,0x0000,0x0000,0x0000,0x0000,0x0000,0x0000,0x0000,0x0000,0x0000,0x0000,0x0000,0x0000,0x0000,
    0x0000,0x0000,0x0000,0x0000,0x0000,0x0000,0x0000,0x0000,0x0000,0x0000,0x0000,0x0000,0xED08,0xFFDD,0xFE4A,0x9BA2,0x0000,0x0000,0x0000,0x0000,0x0000,0x0000,0x0000,0x0000,0x0000,0x0000,0x0000,0x0000,
    0x0000,0x0000,0x0000,0x0000,0x0000,0x0000,0x0000,0x52A7,0xB204,0x0000,0x0000,0x59E5,0xEDA6,0xFDE5,0xFD63,0xA301,0x0000,0x0000,0x8B83,0xCB26,0x0000,0x0000,0x0000,0x0000,0x0000,0x0000,0x0000,0x0000,
    0x0000,0x0000,0x0000,0x0000,0x0000,0x0000,0x39E9,0xEC02,0xDCA4,0x0000,0x0000,0x0000,0x61E3,0xFD83,0xCBE1,0x0000,0x0000,0x0000,0xFD87,0xFECC,0x0000,0x0000,0x0000,0x0000,0x0000,0x0000,0x0000,0x0000,
    0x0000,0x0000,0x0000,0x0000,0xFDEE,0x0000,0x61E7,0xFDA1,0xBB21,0x4923,0x0000,0x0000,0xFDE4,0xFF0A,0xFD82,0x41C2,0x0000,0xFD43,0xDBC4,0xFCA3,0x5204,0x0000,0xFF0A,0x68A4,0x0000,0x0000,0x0000,0x0000,
    0x0000,0x0000,0x0000,0x0000,0xE328,0x0000,0xC2E4,0xF4A1,0x9262,0xB204,0x8265,0xC323,0xFFB3,0xFEEB,0xF5E7,0xFE49,0xABC2,0xF504,0xAB03,0xC383,0xDC42,0x1142,0xD2E3,0x4862,0x0000,0x0000,0x0000,0x0000,
    0x0000,0x0000,0x0000,0x0000,0x71E7,0xFEE2,0x59E4,0x9A42,0x9243,0x79C3,0x3104,0xFF0A,0xFF0B,0xFEC9,0xF564,0xFDE8,0x38C0,0x9262,0xA303,0x9AC2,0x92A2,0x4142,0xEBC4,0x20C3,0x0000,0x0000,0x0000,0x0000,
    0x0000,0x0000,0x0000,0x0000,0x79E6,0xF481,0xFE49,0x81A3,0x6982,0x6203,0xFF2B,0xFEA6,0xEF10,0x13F8,0x230F,0xFDA6,0xF5A5,0x81E1,0x79E1,0x8222,0xE404,0xFECB,0xD2E1,0x0000,0x0000,0x0000,0x0000,0x0000,
    0x0000,0x0000,0x0000,0x0000,0x69E6,0xDBA1,0xF4A4,0xFD06,0x9A64,0xF628,0xFDC4,0xFE04,0x2252,0x6DFC,0x0BDA,0xED46,0xFD84,0xFDA2,0x9A81,0xFDA7,0xF505,0xEBE2,0xC300,0x0000,0x0000,0x0000,0x0000,0x0000,
    0x0000,0x0000,0x0000,0x0000,0x4A06,0xD3E2,0x6A66,0xB58D,0xF4E2,0xECC3,0xFDA3,0xFE03,0x1233,0x0B79,0x13D8,0xE505,0xFD63,0xF4E0,0xF4A1,0xE465,0xAAA5,0xF401,0x0000,0x0000,0x0000,0x0000,0x0000,0x0000,
    0x0000,0x0000,0x0000,0x0000,0x4185,0xE383,0x5A86,0x02AE,0xF461,0xECC2,0xF563,0xFE45,0xFF4C,0x0A30,0x2A6C,0xFD23,0xFD63,0xECA1,0xE3E2,0x29D0,0x08E9,0xDBA2,0x9A42,0x0000,0x0000,0x0000,0x0000,0x0000,
    0x0000,0x0000,0x0000,0x0000,0x91E5,0xBAE3,0xCAC2,0xCB01,0xD361,0xC321,0xD342,0xE3C3,0xF443,0xF442,0xE403,0xDBE3,0xD3C2,0xCB82,0xCB63,0xEBA2,0xEBC3,0xCB02,0xB242,0x0000,0x0000,0x0000,0x0000,0x0000,
    0x0000,0x0000,0x0000,0x0000,0x0000,0xBA23,0xEBA3,0xEB83,0xFCC2,0xFE04,0xFEA5,0xFF26,0xFF8A,0xFEE4,0xFEA3,0xFE63,0xFE23,0xF5E3,0xEC43,0xF423,0xF402,0xB204,0x1883,0x0000,0x0000,0x0000,0x0000,0x0000,
    0x0000,0x0000,0x0000,0x0000,0x0000,0x0000,0x0000,0x0000,0x0000,0x0000,0x0000,0x0000,0x0000,0x0000,0x0000,0x0000,0x0000,0x0000,0x0000,0x0000,0x0000,0x0000,0x0000,0x0000,0x0000,0x0000,0x0000,0x0000,
  },
};
static const uint16_t PREMIUM_ACCESSORIES[9][728] PROGMEM = {
  {
    0x0000,0x0000,0x0000,0x0000,0x0000,0x0000,0x0000,0x0000,0x0000,0x0000,0x0000,0x0000,0x0000,0x0000,0x0000,0x0000,0x0000,0x0000,0x0000,0x0000,0x0000,0x0000,0x0000,0x0000,0x0000,0x0000,0x0000,0x0000,
    0x0000,0x0000,0x0000,0x0000,0x0000,0x0000,0x0000,0x0000,0x0000,0x0000,0x0000,0x0000,0x0000,0x0000,0x0000,0x0000,0x0000,0x0000,0x0000,0x0000,0x0000,0x0000,0x0000,0x0000,0x0000,0x0000,0x0000,0x0000,
    0x0000,0x0000,0x0000,0x0000,0x0000,0x0000,0x0000,0x0000,0x0000,0x0000,0x0000,0x0000,0x0000,0x0000,0x0000,0x0000,0x0000,0x0000,0x0000,0x0000,0x0000,0x0000,0x0000,0x0000,0x0000,0x0000,0x0000,0x0000,
    0x0000,0x0000,0x0000,0x0000,0x0000,0x0000,0x0000,0x0000,0x0000,0x0000,0x0000,0x0000,0x0000,0x0000,0x0000,0x0000,0x0000,0x0000,0x0000,0x0000,0x0000,0x0000,0x0000,0x0000,0x0000,0x0000,0x0000,0x0000,
    0x0000,0x0000,0x0000,0x0000,0x0000,0x0000,0x0000,0x0000,0x0000,0x0000,0x0000,0x0000,0x0000,0x0000,0x0000,0x0000,0x0000,0x0000,0x0000,0x0000,0x0000,0x0000,0x0000,0x0000,0x0000,0x0000,0x0000,0x0000,
    0x0000,0x0000,0x0000,0x0000,0x0000,0x0000,0x0000,0x0000,0x0000,0x0000,0x0000,0x0000,0x0000,0x0000,0x0000,0x0000,0x0000,0x0000,0x0000,0x0000,0x0000,0x0000,0x0000,0x0000,0x0000,0x0000,0x0000,0x0000,
    0x0000,0x0000,0x0000,0x0000,0x0000,0x0000,0x0000,0x0000,0x0000,0x0000,0x0000,0x0000,0x0000,0x0000,0x0000,0x0000,0x0000,0x0000,0x0000,0x0000,0x0000,0x0000,0x0000,0x0000,0x0000,0x0000,0x0000,0x0000,
    0x0000,0x0000,0x0000,0x0000,0x0000,0x0000,0x0000,0x0000,0x0000,0x0000,0x0000,0x0000,0x0000,0x0000,0x0000,0x0000,0x0000,0x0000,0x0000,0x0000,0x0000,0x0000,0x0000,0x0000,0x0000,0x0000,0x0000,0x0000,
    0x0000,0x0000,0x0000,0x0000,0x0000,0x0000,0x0000,0x0000,0x0000,0x0000,0x0000,0x0000,0x0000,0x0000,0x0000,0x0000,0x0000,0x0000,0x0000,0x0000,0x0000,0x0000,0x0000,0x0000,0x0000,0x0000,0x0000,0x0000,
    0x0000,0x0000,0x0000,0x0000,0x0000,0x0000,0x0000,0x0000,0x0000,0x0000,0x0000,0x0000,0x0000,0x0000,0x0000,0x0000,0x0000,0x0000,0x0000,0x0000,0x0000,0x0000,0x0000,0x0000,0x0000,0x0000,0x0000,0x0000,
    0x0000,0x0000,0x0000,0x0000,0x0000,0x0000,0x0000,0x0000,0x0000,0x0000,0x0000,0x0000,0x0000,0x0000,0x0000,0x0000,0x0000,0x0000,0x0000,0x0000,0x0000,0x0000,0x0000,0x0000,0x0000,0x0000,0x0000,0x0000,
    0x0000,0x0000,0x0000,0x0000,0x0000,0x0000,0x0000,0x0000,0x0000,0x0000,0x0000,0x0000,0x0000,0x0000,0x0000,0x0000,0x0000,0x0000,0x0000,0x0000,0x0000,0x0000,0x0000,0x0000,0x0000,0x0000,0x0000,0x0000,
    0x0000,0x0000,0x0000,0x0000,0x0000,0x0000,0x0000,0x0000,0x0000,0x0000,0x0000,0x0000,0x0000,0x0000,0x0000,0x0000,0x0000,0x0000,0x0000,0x0000,0x0000,0x0000,0x0000,0x0000,0x0000,0x0000,0x0000,0x0000,
    0x0000,0x0000,0x0000,0x0000,0x0000,0x0000,0x0000,0x0000,0x0000,0x0000,0x0000,0x0000,0x0000,0x0000,0x0000,0x0000,0x0000,0x0000,0x0000,0x0000,0x0000,0x0000,0x0000,0x0000,0x0000,0x0000,0x0000,0x0000,
    0x0000,0x0000,0x0000,0x0000,0x0000,0x0000,0x0000,0x0000,0x0000,0x0000,0x0000,0x0000,0x0000,0x0000,0x0000,0x0000,0x0000,0x0000,0x0000,0x0000,0x0000,0x0000,0x0000,0x0000,0x0000,0x0000,0x0000,0x0000,
    0x0000,0x0000,0x0000,0x0000,0x0000,0x0000,0x0000,0x0000,0x0000,0x0000,0x0000,0x0000,0x0000,0x0000,0x0000,0x0000,0x0000,0x0000,0x0000,0x0000,0x0000,0x0000,0x0000,0x0000,0x0000,0x0000,0x0000,0x0000,
    0x0000,0x0000,0x0000,0x0000,0x0000,0x0000,0x0000,0x0000,0x0000,0x0000,0x0000,0x0000,0x0000,0x0000,0x0000,0x0000,0x0000,0x0000,0x0000,0x0000,0x0000,0x0000,0x0000,0x0000,0x0000,0x0000,0x0000,0x0000,
    0x0000,0x0000,0x0000,0x0000,0x0000,0x0000,0x0000,0x0000,0x0000,0x0000,0x0000,0x0000,0x0000,0x0000,0x0000,0x0000,0x0000,0x0000,0x0000,0x0000,0x0000,0x0000,0x0000,0x0000,0x0000,0x0000,0x0000,0x0000,
    0x0000,0x0000,0x0000,0x0000,0x0000,0x0000,0x0000,0x0000,0x0000,0x0000,0x0000,0x0000,0x0000,0x0000,0x0000,0x0000,0x0000,0x0000,0x0000,0x0000,0x0000,0x0000,0x0000,0x0000,0x0000,0x0000,0x0000,0x0000,
    0x0000,0x0000,0x0000,0x0000,0x0000,0x0000,0x0000,0x0000,0x0000,0x0000,0x0000,0x0000,0x0000,0x0000,0x0000,0x0000,0x0000,0x0000,0x0000,0x0000,0x0000,0x0000,0x0000,0x0000,0x0000,0x0000,0x0000,0x0000,
    0x0000,0x0000,0x0000,0x0000,0x0000,0x0000,0x0000,0x0000,0x0000,0xA866,0xF1A5,0x4124,0x0000,0x0000,0x0000,0xB125,0xC905,0x1103,0x0000,0x0000,0x0000,0x0000,0x0000,0x0000,0x0000,0x0000,0x0000,0x0000,
    0x0000,0x0000,0x0000,0x0000,0x0000,0x0000,0x0000,0x0000,0x0000,0xC0E6,0xD8C4,0xC0C3,0x8864,0xE9E6,0xC9C6,0xC0E4,0xE145,0x2104,0x0000,0x0000,0x0000,0x0000,0x0000,0x0000,0x0000,0x0000,0x0000,0x0000,
    0x0000,0x0000,0x0000,0x0000,0x0000,0x0000,0x0000,0x0000,0x0000,0xA8A6,0xD104,0x9044,0x8884,0xB864,0x70A3,0xC104,0xE124,0x18E3,0x0000,0x0000,0x0000,0x0000,0x0000,0x0000,0x0000,0x0000,0x0000,0x0000,
    0x0000,0x0000,0x0000,0x0000,0x0000,0x0000,0x0000,0x0000,0x0000,0x7885,0xD0E5,0x8884,0x10C2,0x18C2,0x30E3,0xC8C4,0xB084,0x10C4,0x0000,0x0000,0x0000,0x0000,0x0000,0x0000,0x0000,0x0000,0x0000,0x0000,
    0x0000,0x0000,0x0000,0x0000,0x0000,0x0000,0x0000,0x0000,0x0000,0x1141,0x20A4,0x0000,0x0000,0x0000,0x0000,0x0000,0x28A3,0x0000,0x0000,0x0000,0x0000,0x0000,0x0000,0x0000,0x0000,0x0000,0x0000,0x0000,
    0x0000,0x0000,0x0000,0x0000,0x0000,0x0000,0x0000,0x0000,0x0000,0x0000,0x0000,0x0000,0x0000,0x0000,0x0000,0x0000,0x0000,0x0000,0x0000,0x0000,0x0000,0x0000,0x0000,0x0000,0x0000,0x0000,0x0000,0x0000,
  },
  {
    0x0000,0x0000,0x0000,0x0000,0x0000,0x0000,0x0000,0x0000,0x0000,0x0000,0x0000,0x0000,0x0000,0x0000,0x0000,0x0000,0x0000,0x0000,0x0000,0x0000,0x0000,0x0000,0x0000,0x0000,0x0000,0x0000,0x0000,0x0000,
    0x0000,0x0000,0x0000,0x0000,0x0000,0x0000,0x0000,0x0000,0x0000,0x0000,0x0000,0x0000,0x0000,0x0000,0x0000,0x0000,0x0000,0x0000,0x0000,0x0000,0x0000,0x0000,0x0000,0x0000,0x0000,0x0000,0x0000,0x0000,
    0x0000,0x0000,0x0000,0x0000,0x0000,0x0000,0x0000,0x0000,0x0000,0x0000,0x0000,0x0000,0x0000,0x0000,0x0000,0x0000,0x0000,0x0000,0x0000,0x0000,0x0000,0x0000,0x0000,0x0000,0x0000,0x0000,0x0000,0x0000,
    0x0000,0x0000,0x0000,0x0000,0x0000,0x0000,0x0000,0x0000,0x0000,0x0000,0x0000,0x0000,0x0000,0x0000,0x0000,0x0000,0x0000,0x0000,0x0000,0x0000,0x0000,0x0000,0x0000,0x0000,0x0000,0x0000,0x0000,0x0000,
    0x0000,0x0000,0x0000,0x0000,0x0000,0x0000,0x0000,0x0000,0x0000,0x0000,0x0000,0x0000,0x0000,0x0000,0x0000,0x0000,0x0000,0x0000,0x0000,0x0000,0x0000,0x0000,0x0000,0x0000,0x0000,0x0000,0x0000,0x0000,
    0x0000,0x0000,0x0000,0x0000,0x0000,0x0000,0x0000,0x0000,0x0000,0x0000,0x0000,0x0000,0x0000,0x0000,0x0000,0x0000,0x0000,0x0000,0x0000,0x0000,0x0000,0x0000,0x0000,0x0000,0x0000,0x0000,0x0000,0x0000,
    0x0000,0x0000,0x0000,0x0000,0x0000,0x0000,0x0000,0x0000,0x0000,0x0000,0x0000,0x0000,0x0000,0x0000,0x0000,0x0000,0x0000,0x0000,0x0000,0x0000,0x0000,0x0000,0x0000,0x0000,0x0000,0x0000,0x0000,0x0000,
    0x0000,0x0000,0x0000,0x0000,0x0000,0x0000,0x0000,0x0000,0x0000,0x0000,0x0000,0x0000,0x0000,0x0000,0x0000,0x0000,0x0000,0x0000,0x0000,0x0000,0x0000,0x0000,0x0000,0x0000,0x0000,0x0000,0x0000,0x0000,
    0x0000,0x0000,0x0000,0x0000,0x0000,0x0000,0x0000,0x0000,0x0000,0x0000,0x0000,0x0000,0x0000,0x0000,0x0000,0x0000,0x0000,0x0000,0x0000,0x0000,0x0000,0x0000,0x0000,0x0000,0x0000,0x0000,0x0000,0x0000,
    0x0000,0x0000,0x0000,0x0000,0x0000,0x0000,0x0000,0x0000,0x0000,0x0000,0x0000,0x0000,0x0000,0x0000,0x0000,0x0000,0x0000,0x0000,0x0000,0x0000,0x0000,0x0000,0x0000,0x0000,0x0000,0x0000,0x0000,0x0000,
    0x0000,0x0000,0x0000,0x0000,0x0000,0x0000,0x0000,0x0000,0x0000,0x0000,0x0000,0x0000,0x0000,0x0000,0x0000,0x0000,0x0000,0x0000,0x0000,0x0000,0x0000,0x0000,0x0000,0x0000,0x0000,0x0000,0x0000,0x0000,
    0x0000,0x0000,0x0000,0x0000,0x0000,0x0000,0x0000,0x0000,0x0000,0x0000,0x0000,0x0000,0x0000,0x0000,0x0000,0x0000,0x0000,0x0000,0x0000,0x0000,0x0000,0x0000,0x0000,0x0000,0x0000,0x0000,0x0000,0x0000,
    0x0000,0x0000,0x0000,0x0000,0x0000,0x0000,0x0000,0x0000,0x0000,0x0000,0x0000,0x0000,0x0000,0x0000,0x0000,0x0000,0x0000,0x0000,0x0000,0x0000,0x0000,0x0000,0x0000,0x0000,0x0000,0x0000,0x0000,0x0000,
    0x0000,0x0000,0x0000,0x0000,0x0000,0x0000,0x0000,0x0000,0x0000,0x0000,0x0000,0x0000,0x0000,0x0000,0x0000,0x0000,0x0000,0x0000,0x0000,0x0000,0x0000,0x0000,0x0000,0x0000,0x0000,0x0000,0x0000,0x0000,
    0x0000,0x0000,0x0000,0x0000,0x0000,0x0000,0x0000,0x0000,0x0000,0x0000,0x0000,0x0000,0x0000,0x0000,0x0000,0x0000,0x0000,0x0000,0x0000,0x0000,0x0000,0x0000,0x0000,0x0000,0x0000,0x0000,0x0000,0x0000,
    0x0000,0x0000,0x0000,0x0000,0x0000,0x0000,0x0000,0x0000,0x0000,0x8AC4,0x0000,0x0000,0x0000,0x0000,0x0000,0x0000,0x0000,0xF5ED,0x0000,0x0000,0x0000,0x0000,0x0000,0x0000,0x0000,0x0000,0x0000,0x0000,
    0x0000,0x0000,0x0000,0x0000,0x0000,0x0000,0x0000,0x0000,0x0000,0x0000,0xBAE4,0x0000,0x0000,0x0000,0x0000,0x0000,0xC542,0xF5ED,0x0000,0x0000,0x0000,0x0000,0x0000,0x0000,0x0000,0x0000,0x0000,0x0000,
    0x0000,0x0000,0x0000,0x0000,0x0000,0x0000,0x0000,0x0000,0x0000,0x0000,0x0000,0xF524,0xB2C5,0x0000,0x0000,0xD3E5,0xF5ED,0x0000,0x0000,0x0000,0x0000,0x0000,0x0000,0x0000,0x0000,0x0000,0x0000,0x0000,
    0x0000,0x0000,0x0000,0x0000,0x0000,0x0000,0x0000,0x0000,0x0000,0x0000,0x0000,0x0000,0x0000,0xF689,0x2923,0x0000,0x0000,0x0000,0x0000,0x0000,0x0000,0x0000,0x0000,0x0000,0x0000,0x0000,0x0000,0x0000,
    0x0000,0x0000,0x0000,0x0000,0x0000,0x0000,0x0000,0x0000,0x0000,0x0000,0x0000,0x0000,0xF5ED,0xF608,0xBBE3,0x0000,0x0000,0x0000,0x0000,0x0000,0x0000,0x0000,0x0000,0x0000,0x0000,0x0000,0x0000,0x0000,
    0x0000,0x0000,0x0000,0x0000,0x0000,0x0000,0x0000,0x0000,0x0000,0x0000,0x0000,0xAB84,0xFE04,0xFFF5,0xFDC3,0x79C3,0x0000,0x0000,0x0000,0x0000,0x0000,0x0000,0x0000,0x0000,0x0000,0x0000,0x0000,0x0000,
    0x0000,0x0000,0x0000,0x0000,0x0000,0x0000,0x0000,0x0000,0x0000,0x0000,0x0000,0xE3C5,0xFDA4,0xFEC8,0xFE03,0xFDC3,0x0000,0x0000,0x0000,0x0000,0x0000,0x0000,0x0000,0x0000,0x0000,0x0000,0x0000,0x0000,
    0x0000,0x0000,0x0000,0x0000,0x0000,0x0000,0x0000,0x0000,0x0000,0x0000,0x0000,0x8204,0xED44,0xF582,0xDC21,0xDBE2,0x0000,0x0000,0x0000,0x0000,0x0000,0x0000,0x0000,0x0000,0x0000,0x0000,0x0000,0x0000,
    0x0000,0x0000,0x0000,0x0000,0x0000,0x0000,0x0000,0x0000,0x0000,0x0000,0x0000,0x0000,0x6A02,0xECA4,0xF465,0x0000,0x0000,0x0000,0x0000,0x0000,0x0000,0x0000,0x0000,0x0000,0x0000,0x0000,0x0000,0x0000,
    0x0000,0x0000,0x0000,0x0000,0x0000,0x0000,0x0000,0x0000,0x0000,0x0000,0x0000,0x0000,0x0000,0x0000,0x0000,0x0000,0x0000,0x0000,0x0000,0x0000,0x0000,0x0000,0x0000,0x0000,0x0000,0x0000,0x0000,0x0000,
    0x0000,0x0000,0x0000,0x0000,0x0000,0x0000,0x0000,0x0000,0x0000,0x0000,0x0000,0x0000,0x0000,0x0000,0x0000,0x0000,0x0000,0x0000,0x0000,0x0000,0x0000,0x0000,0x0000,0x0000,0x0000,0x0000,0x0000,0x0000,
  },
  {
    0x0000,0x0000,0x0000,0x0000,0x0000,0x0000,0x0000,0x0000,0x0000,0x0000,0x0000,0x0000,0x0000,0x0000,0x0000,0x0000,0x0000,0x0000,0x0000,0x0000,0x0000,0x0000,0x0000,0x0000,0x0000,0x0000,0x0000,0x0000,
    0x0000,0x0000,0x0000,0x0000,0x0000,0x0000,0x0000,0x0000,0x0000,0x0000,0x0000,0x0000,0x0000,0x0000,0x0000,0x0000,0x0000,0x0000,0x0000,0x0000,0x0000,0x0000,0x0000,0x0000,0x0000,0x0000,0x0000,0x0000,
    0x0000,0x0000,0x0000,0x0000,0x0000,0x0000,0x0000,0x0000,0x0000,0x0000,0x0000,0x0000,0x0000,0x0000,0x0000,0x0000,0x0000,0x0000,0x0000,0x0000,0x0000,0x0000,0x0000,0x0000,0x0000,0x0000,0x0000,0x0000,
    0x0000,0x0000,0x0000,0x0000,0x0000,0x0000,0x0000,0x0000,0x0000,0x0000,0x0000,0x0000,0x0000,0x0000,0x0000,0x0000,0x0000,0x0000,0x0000,0x0000,0x0000,0x0000,0x0000,0x0000,0x0000,0x0000,0x0000,0x0000,
    0x0000,0x0000,0x0000,0x0000,0x0000,0x0000,0x0000,0x0000,0x0000,0x0000,0x0000,0x0000,0x0000,0x0000,0x0000,0x0000,0x0000,0x0000,0x0000,0x0000,0x0000,0x0000,0x0000,0x0000,0x0000,0x0000,0x0000,0x0000,
    0x0000,0x0000,0x0000,0x0000,0x0000,0x0000,0x0000,0x0000,0x0000,0x0000,0x0000,0x0000,0x0000,0x0000,0x0000,0x0000,0x0000,0x0000,0x0000,0x0000,0x0000,0x0000,0x0000,0x0000,0x0000,0x0000,0x0000,0x0000,
    0x0000,0x0000,0x0000,0x0000,0x0000,0x0000,0x0000,0x0000,0x0000,0x0000,0x0000,0x0000,0x0000,0x0000,0x0000,0x0000,0x0000,0x0000,0x0000,0x0000,0x0000,0x0000,0x0000,0x0000,0x0000,0x0000,0x0000,0x0000,
    0x0000,0x0000,0x0000,0x0000,0x0000,0x0000,0x0000,0x0000,0x0000,0x0000,0x0000,0x0000,0x0000,0x0000,0x0000,0x0000,0x0000,0x0000,0x0000,0x0000,0x0000,0x0000,0x0000,0x0000,0x0000,0x0000,0x0000,0x0000,
    0x0000,0x0000,0x0000,0x0000,0x0000,0x0000,0x0000,0x0000,0x0000,0x0000,0x0000,0x0000,0x0000,0x0000,0x0000,0x0000,0x0000,0x0000,0x0000,0x0000,0x0000,0x0000,0x0000,0x0000,0x0000,0x0000,0x0000,0x0000,
    0x0000,0x0000,0x0000,0x0000,0x0000,0x0000,0x0000,0x0000,0x0000,0x0000,0x0000,0x0000,0x0000,0x0000,0x0000,0x0000,0x0000,0x0000,0x0000,0x0000,0x0000,0x0000,0x0000,0x0000,0x0000,0x0000,0x0000,0x0000,
    0x0000,0x0000,0x0000,0x0000,0x0000,0x0000,0x0000,0x0000,0x0000,0x0000,0x0000,0x0000,0x0000,0x0000,0x0000,0x0000,0x0000,0x0000,0x0000,0x0000,0x0000,0x0000,0x0000,0x0000,0x0000,0x0000,0x0000,0x0000,
    0x0000,0x0000,0x0000,0x0000,0x0000,0x0000,0x0000,0x0000,0x0000,0x0000,0x0000,0x0000,0x0000,0x0000,0x0000,0x0000,0x0000,0x0000,0x0000,0x0000,0x0000,0x0000,0x0000,0x0000,0x0000,0x0000,0x0000,0x0000,
    0x0000,0x0000,0x0000,0x0000,0x0000,0x0000,0x0000,0x0000,0x0000,0x0000,0x0000,0x0000,0x0000,0x0000,0x0000,0x0000,0x0000,0x0000,0x0000,0x0000,0x0000,0x0000,0x0000,0x0000,0x0000,0x0000,0x0000,0x0000,
    0x0000,0x0000,0x0000,0x0000,0x0000,0x0000,0x0000,0x0000,0x0000,0x0000,0x0000,0x0000,0x0000,0x0000,0x0000,0x0000,0x0000,0x0000,0x0000,0x0000,0x0000,0x0000,0x0000,0x0000,0x0000,0x0000,0x0000,0x0000,
    0x0000,0x0000,0x0000,0x0000,0x0000,0x0000,0x0000,0x0000,0x0000,0x0000,0x0000,0x0000,0x0000,0x0000,0x0000,0x0000,0x0000,0x0000,0x0000,0x0000,0x0000,0x0000,0x0000,0x0000,0x0000,0x0000,0x0000,0x0000,
    0x0000,0x0000,0x0000,0x0000,0x0000,0x0000,0x0000,0x0000,0x0000,0x0000,0x0000,0x0000,0x0000,0x0000,0x0000,0x0000,0x0000,0x0000,0x0000,0x0000,0x0000,0x0000,0x0000,0x0000,0x0000,0x0000,0x0000,0x0000,
    0x0000,0x0000,0x0000,0x0000,0x0000,0x0000,0x0000,0x0000,0x0000,0x0000,0x0000,0x0000,0x0000,0x0000,0x0000,0x0000,0x0000,0x0000,0x0000,0x0000,0x0000,0x0000,0x0000,0x0000,0x0000,0x0000,0x0000,0x0000,
    0x0000,0x0000,0x0000,0x0000,0x0000,0x0000,0x0000,0x0000,0x0000,0x0000,0x0000,0x0000,0x0000,0x0000,0x0000,0x0000,0x0000,0x0000,0x0000,0x0000,0x0000,0x0000,0x0000,0x0000,0x0000,0x0000,0x0000,0x0000,
    0x0000,0x0000,0x0000,0x0000,0x0000,0x0000,0x0000,0x0000,0x0000,0x0000,0x0000,0x0000,0x0000,0x0000,0x0000,0x0000,0x0000,0x0000,0x0000,0x0000,0x0000,0x0000,0x0000,0x0000,0x0000,0x0000,0x0000,0x0000,
    0x0000,0x0000,0x0000,0x0000,0x0000,0x0000,0x0000,0x0000,0x632B,0x630C,0x0000,0x0000,0x0000,0x0000,0x0000,0x832D,0x72CE,0x2184,0x0000,0x0000,0x0000,0x0000,0x0000,0x0000,0x0000,0x0000,0x0000,0x0000,
    0x0000,0x0000,0x0000,0x0000,0x0000,0x0000,0x1184,0x31C6,0x0000,0x0000,0x11C6,0x0000,0x0000,0x0000,0x2168,0x0000,0x0000,0x0000,0x0923,0x0000,0x0000,0x0000,0x0000,0x0000,0x0000,0x0000,0x0000,0x0000,
    0x0000,0x0000,0x0000,0x0000,0x0000,0x0000,0x5AC8,0x0000,0x0000,0x0000,0x0000,0x5A48,0x2168,0x79CB,0x0000,0x0000,0x0000,0x0000,0x6188,0x0000,0x3946,0x18C6,0x0000,0x0000,0x0000,0x0000,0x0000,0x0000,
    0x0000,0x0000,0x0000,0x0000,0x0000,0x0000,0x59E9,0x0000,0x0000,0x0000,0x0000,0x4987,0x19A6,0x59EB,0x0000,0x0000,0x0000,0x0000,0x5168,0x38EA,0x18E7,0x2168,0x3907,0x0000,0x0000,0x0000,0x0000,0x0000,
    0x0000,0x0000,0x0000,0x0000,0x0000,0x0000,0x21A6,0x0000,0x0000,0x0000,0x0000,0x2168,0x0000,0x2208,0x0000,0x0000,0x0000,0x0000,0x3986,0x0000,0x0000,0x0000,0x2168,0x0000,0x0000,0x0000,0x0000,0x0000,
    0x0000,0x0000,0x0000,0x0000,0x0000,0x0000,0x0000,0x4188,0x2168,0x31A6,0x2864,0x0000,0x0000,0x0000,0x29A6,0x0000,0x0000,0x62A7,0x0000,0x0000,0x0000,0x0000,0x0000,0x0000,0x0000,0x0000,0x0000,0x0000,
    0x0000,0x0000,0x0000,0x0000,0x0000,0x0000,0x0000,0x0000,0x0000,0x0000,0x0000,0x0000,0x0000,0x0000,0x0000,0x0000,0x0000,0x0000,0x0000,0x0000,0x0000,0x0000,0x0000,0x0000,0x0000,0x0000,0x0000,0x0000,
  },
  {
    0x0000,0x0000,0x0000,0x0000,0x0000,0x0000,0x0000,0x0000,0x0000,0x0000,0x0000,0x0000,0x0000,0x0000,0x0000,0x0000,0x0000,0x0000,0x0000,0x0000,0x0000,0x0000,0x0000,0x0000,0x0000,0x0000,0x0000,0x0000,
    0x0000,0x0000,0x0000,0x0000,0x0000,0x0000,0x0000,0x0000,0x0000,0x0000,0x0000,0x0000,0x0000,0x0000,0x0000,0x0000,0x0000,0x0000,0x0000,0x0000,0x0000,0x0000,0x0000,0x0000,0x0000,0x0000,0x0000,0x0000,
    0x0000,0x0000,0x0000,0x0000,0x0000,0x0000,0x0000,0x0000,0x0000,0x0000,0x0000,0x0000,0x0000,0x0000,0x0000,0x0000,0x0000,0x0000,0x0000,0x0000,0x0000,0x0000,0x0000,0x0000,0x0000,0x0000,0x0000,0x0000,
    0x0000,0x0000,0x0000,0x0000,0x0000,0x0000,0x0000,0x0000,0x0000,0x0000,0x0000,0x0000,0x0000,0x0000,0x0000,0x0000,0x0000,0x0000,0x0000,0x0000,0x0000,0x0000,0x0000,0x0000,0x0000,0x0000,0x0000,0x0000,
    0x0000,0x0000,0x0000,0x0000,0x0000,0x0000,0x0000,0x0000,0x0000,0x0000,0x0000,0x0000,0x0000,0x0000,0x0000,0x0000,0x0000,0x0000,0x0000,0x0000,0x0000,0x0000,0x0000,0x0000,0x0000,0x0000,0x0000,0x0000,
    0x0000,0x0000,0x0000,0x0000,0x0000,0x0000,0x0000,0x0000,0x0000,0x0000,0x0000,0x0000,0x0000,0x0000,0x0000,0x0000,0x0000,0x0000,0x0000,0x0000,0x0000,0x0000,0x0000,0x0000,0x0000,0x0000,0x0000,0x0000,
    0x0000,0x0000,0x0000,0x0000,0x0000,0x0000,0x0000,0x0000,0x0000,0x0000,0x0000,0x0000,0x0000,0x0000,0x0000,0x0000,0x0000,0x0000,0x0000,0x0000,0x0000,0x0000,0x0000,0x0000,0x0000,0x0000,0x0000,0x0000,
    0x0000,0x0000,0x0000,0x0000,0x0000,0x0000,0x0000,0x0000,0x0000,0x0000,0x0000,0x0000,0x0000,0x0000,0x0000,0x0000,0x0000,0x0000,0x0000,0x0000,0x0000,0x0000,0x0000,0x0000,0x0000,0x0000,0x0000,0x0000,
    0x0000,0x0000,0x0000,0x0000,0x0000,0x0000,0x0000,0x0000,0x0000,0x0000,0x0000,0x0000,0x0000,0x0000,0x0000,0x0000,0x0000,0x0000,0x0000,0x0000,0x0000,0x0000,0x0000,0x0000,0x0000,0x0000,0x0000,0x0000,
    0x0000,0x0000,0x0000,0x0000,0x0000,0x0000,0x0000,0x0000,0x0000,0x0000,0x0000,0x0000,0x0000,0x0000,0x0000,0x0000,0x0000,0x0000,0x0000,0x0000,0x0000,0x0000,0x0000,0x0000,0x0000,0x0000,0x0000,0x0000,
    0x0000,0x0000,0x0000,0x0000,0x0000,0x0000,0x0000,0x0000,0x0000,0x0000,0x0000,0x0000,0x0000,0x0000,0x0000,0x0000,0x0000,0x0000,0x0000,0x0000,0x0000,0x0000,0x0000,0x0000,0x0000,0x0000,0x0000,0x0000,
    0x0000,0x0000,0x0000,0x0000,0x0000,0x0000,0x0000,0x0000,0x0000,0x0000,0x0000,0x0000,0x0000,0x0000,0x0000,0x0000,0x0000,0x0000,0x0000,0x0000,0x0000,0x0000,0x0000,0x0000,0x0000,0x0000,0x0000,0x0000,
    0x0000,0x0000,0x0000,0x0000,0x0000,0x0000,0x0000,0x0000,0x0000,0x0000,0x0000,0x0000,0x0000,0x0000,0x0000,0x0000,0x0000,0x0000,0x0000,0x0000,0x0000,0x0000,0x0000,0x0000,0x0000,0x0000,0x0000,0x0000,
    0x0000,0x0000,0x0000,0x0000,0x0000,0x0000,0x0000,0x0000,0x0000,0x0000,0xA8C6,0xA0C5,0x5883,0x6884,0x60A4,0x7064,0x6044,0xB0C5,0x0000,0x0000,0x0000,0x0000,0x0000,0x0000,0x0000,0x0000,0x0000,0x0000,
    0x0000,0x0000,0x0000,0x0000,0x0000,0x0000,0x0000,0x0000,0x0000,0xB0C5,0x8083,0x3885,0x5884,0x4884,0x48A4,0x3064,0x5864,0xE945,0x4044,0x0000,0x0000,0x0000,0x0000,0x0000,0x0000,0x0000,0x0000,0x0000,
    0x0000,0x0000,0x0000,0x0000,0x0000,0x0000,0x0000,0x0000,0x0000,0x9884,0xE124,0xF227,0xA8C5,0xA0C4,0xC0E5,0xF165,0xFA06,0xB8C4,0x5843,0x0000,0x0000,0x0000,0x0000,0x0000,0x0000,0x0000,0x0000,0x0000,
    0x0000,0x0000,0x0000,0x0000,0x0000,0x0000,0x0000,0x0000,0x0000,0x9044,0x88A3,0xE104,0xD0E4,0xE985,0xF124,0xE0E4,0x8883,0x8063,0xA864,0x0000,0x0000,0x0000,0x0000,0x0000,0x0000,0x0000,0x0000,0x0000,
    0x0000,0x0000,0x0000,0x0000,0x0000,0x0000,0x0000,0x0000,0x0000,0x4183,0xB0A5,0xE904,0xD8E4,0xE145,0xF185,0xE125,0x9063,0x5864,0x0000,0x0000,0x0000,0x0000,0x0000,0x0000,0x0000,0x0000,0x0000,0x0000,
    0x0000,0x0000,0x0000,0x0000,0x0000,0x0000,0x0000,0x0000,0x0000,0x0000,0x0000,0x7885,0x7085,0x6863,0x7063,0x7844,0x6085,0x4065,0x0000,0x0000,0x0000,0x0000,0x0000,0x0000,0x0000,0x0000,0x0000,0x0000,
    0x0000,0x0000,0x0000,0x0000,0x0000,0x0000,0x0000,0x0000,0x0000,0x0000,0x0000,0x0000,0x0000,0x6844,0x9084,0xA084,0xB0E5,0xC0C4,0x0000,0x0000,0x0000,0x0000,0x0000,0x0000,0x0000,0x0000,0x0000,0x0000,
    0x0000,0x0000,0x0000,0x0000,0x0000,0x0000,0x0000,0x0000,0x0000,0x0000,0x0000,0x0000,0x0000,0xC8A4,0xC0C3,0xD904,0xB0E4,0xC0C4,0x40E3,0x0000,0x0000,0x0000,0x0000,0x0000,0x0000,0x0000,0x0000,0x0000,
    0x0000,0x0000,0x0000,0x0000,0x0000,0x0000,0x0000,0x0000,0x0000,0x0000,0x0000,0x0000,0x0983,0xF1A6,0xD124,0xF144,0x98A3,0xA8C4,0xD104,0x0000,0x0000,0x0000,0x0000,0x0000,0x0000,0x0000,0x0000,0x0000,
    0x0000,0x0000,0x0000,0x0000,0x0000,0x0000,0x0000,0x0000,0x0000,0x0000,0x0000,0x0000,0x1124,0xF1C6,0xE9A5,0xF165,0x2883,0x8063,0x80A3,0x0000,0x0000,0x0000,0x0000,0x0000,0x0000,0x0000,0x0000,0x0000,
    0x0000,0x0000,0x0000,0x0000,0x0000,0x0000,0x0000,0x0000,0x2105,0x0000,0x0000,0x0000,0x0000,0x90C3,0xB8C3,0x98C3,0x1865,0x0000,0x0000,0x0000,0x0000,0x0000,0x0000,0x0000,0x0000,0x0000,0x0000,0x0000,
    0x0000,0x0000,0x0000,0x0000,0x0000,0x0000,0x0000,0x0000,0x2907,0x0000,0x0000,0x0000,0x0000,0x60A5,0x60C4,0x68C4,0x0000,0x0000,0x0000,0x0000,0x0000,0x0000,0x0000,0x0000,0x0000,0x0000,0x0000,0x0000,
    0x0000,0x0000,0x0000,0x0000,0x0000,0x0000,0x0000,0x0000,0x0000,0x0000,0x0000,0x0000,0x0000,0x0000,0x0000,0x0000,0x0000,0x0000,0x0000,0x0000,0x0000,0x0000,0x0000,0x0000,0x0000,0x0000,0x0000,0x0000,
  },
  {
    0x0000,0x0000,0x0000,0x0000,0x0000,0x0000,0x0000,0x0000,0x0000,0x0000,0x0000,0x0000,0x0000,0x0000,0x0000,0x0000,0x0000,0x0000,0x0000,0x0000,0x0000,0x0000,0x0000,0x0000,0x0000,0x0000,0x0000,0x0000,
    0x0000,0x0000,0x0000,0x0000,0x0000,0x0000,0x0000,0x0000,0x0000,0x0000,0x0000,0x0000,0x0000,0x0000,0x0000,0x0000,0x0000,0x0000,0x0000,0x0000,0x0000,0x0000,0x0000,0x0000,0x0000,0x0000,0x0000,0x0000,
    0x0000,0x0000,0x0000,0x0000,0x0000,0x0000,0x0000,0x0000,0x0000,0x0000,0x0000,0x0000,0x0000,0x0000,0x0000,0x0000,0x0000,0x0000,0x0000,0x0000,0x0000,0x0000,0x0000,0x0000,0x0000,0x0000,0x0000,0x0000,
    0x0000,0x0000,0x0000,0x0000,0x0000,0x0000,0x0000,0x0000,0x0000,0x0000,0x0000,0x0000,0x0000,0x0000,0x0000,0x0000,0x0000,0x0000,0x0000,0x0000,0x0000,0x0000,0x0000,0x0000,0x0000,0x0000,0x0000,0x0000,
    0x0000,0x0000,0x0000,0x0000,0x0000,0x0000,0x0000,0x0000,0x0000,0x0000,0x0000,0x0000,0x0000,0x0000,0x0000,0x0000,0x0000,0x0000,0x0000,0x0000,0x0000,0x0000,0x0000,0x0000,0x0000,0x0000,0x0000,0x0000,
    0x0000,0x0000,0x0000,0x0000,0x0000,0x0000,0x0000,0x0000,0x0000,0x0000,0x0000,0x0000,0x0000,0x0000,0x0000,0x0000,0x0000,0x0000,0x0000,0x0000,0x0000,0x0000,0x0000,0x0000,0x0000,0x0000,0x0000,0x0000,
    0x0000,0x0000,0x0000,0x0000,0x0000,0x0000,0x0000,0x0000,0x0000,0x0000,0x0000,0x0000,0x0000,0x0000,0x0000,0x0000,0x0000,0x0000,0x0000,0x0000,0x0000,0x0000,0x0000,0x0000,0x0000,0x0000,0x0000,0x0000,
    0x0000,0x0000,0x0000,0x0000,0x0000,0x0000,0x0000,0x0000,0x0000,0x0000,0x0000,0x0000,0x0000,0x0000,0x0000,0x0000,0x0000,0x0000,0x0000,0x0000,0x0000,0x0000,0x0000,0x0000,0x0000,0x0000,0x0000,0x0000,
    0x0000,0x0000,0x0000,0x0000,0x0000,0x0000,0x0000,0x0000,0x0000,0x0000,0x0000,0x0000,0x0000,0x0000,0x0000,0x0000,0x0000,0x0000,0x0000,0x0000,0x0000,0x0000,0x0000,0x0000,0x0000,0x0000,0x0000,0x0000,
    0x0000,0x0000,0x0000,0x0000,0x0000,0x0000,0x0000,0x0000,0x0000,0x0000,0x0000,0x0000,0x0000,0x0000,0x0000,0x0000,0x0000,0x0000,0x0000,0x0000,0x0000,0x0000,0x0000,0x0000,0x0000,0x0000,0x0000,0x0000,
    0x0000,0x0000,0x0000,0x0000,0x0000,0x0000,0x0000,0x0000,0x0000,0x0000,0x0000,0x0000,0x0000,0x0000,0x0000,0x0000,0x0000,0x0000,0x0000,0x0000,0x0000,0x0000,0x0000,0x0000,0x0000,0x0000,0x0000,0x0000,
    0x0000,0x0000,0x0000,0x0000,0x0000,0x0000,0x0000,0x0000,0x0000,0x0000,0x0000,0x0000,0x0000,0x0000,0x0000,0x0000,0x0000,0x0000,0x0000,0x0000,0x0000,0x0000,0x0000,0x0000,0x0000,0x0000,0x0000,0x0000,
    0x0000,0x0000,0x0000,0x0000,0x0000,0x0000,0x0000,0x0000,0x0000,0x0000,0x0000,0x0000,0x0000,0x0000,0x0000,0x0000,0x0000,0x0000,0x0000,0x0000,0x0000,0x0000,0x0000,0x0000,0x0000,0x0000,0x0000,0x0000,
    0x0000,0x0000,0x0000,0x0000,0x0000,0x0000,0x0000,0x0000,0x0000,0x0000,0x0000,0x0000,0x0000,0x0000,0x0000,0x0000,0x0000,0x0000,0x0000,0x0000,0x0000,0x0000,0x0000,0x0000,0x0000,0x0000,0x0000,0x0000,
    0x0000,0x0000,0x0000,0x0000,0x0000,0x0000,0x0000,0x0000,0x0000,0x0000,0x0000,0x0000,0x0000,0x0000,0x0000,0x0000,0x0000,0x0000,0x0000,0x0000,0x0000,0x0000,0x0000,0x0000,0x0000,0x0000,0x0000,0x0000,
    0x0000,0x0000,0x0000,0x0000,0x0000,0x0000,0x0000,0x0000,0x0000,0x0000,0x0000,0x0000,0x0000,0x0000,0x0000,0x0000,0x0000,0x0000,0x0000,0x0000,0x0000,0x0000,0x0000,0x0000,0x0000,0x0000,0x0000,0x0000,
    0x0000,0x0000,0x0000,0x0000,0x0000,0x0000,0x0000,0x0000,0x0000,0x0000,0x0000,0x0000,0x0000,0x0000,0x0000,0x0000,0x0000,0x0000,0x0000,0x0000,0x0000,0x0000,0x0000,0x0000,0x0000,0x0000,0x0000,0x0000,
    0x0000,0x0000,0x0000,0x0000,0x0000,0x0000,0x0000,0x0000,0x0000,0x0000,0x0000,0x0000,0x0000,0x0000,0x0000,0x0000,0x0000,0x0000,0x0000,0x0000,0x0000,0x0000,0x0000,0x0000,0x0000,0x0000,0x0000,0x0000,
    0x0000,0x0000,0x0000,0x0000,0x0000,0x0000,0x0000,0x0000,0x0000,0x0000,0x0000,0x0000,0x0000,0x0000,0x0000,0x0000,0x0000,0x0000,0x0000,0x0000,0x0000,0x0000,0x0000,0x0000,0x0000,0x0000,0x0000,0x0000,
    0x0000,0x0000,0x0000,0x0000,0x0000,0x0000,0x0000,0x0000,0x0000,0x0000,0x0000,0x0000,0x0000,0x0000,0x0000,0x0000,0x0000,0x0000,0x0000,0x0000,0x0000,0x0000,0x0000,0x0000,0x0000,0x0000,0x0000,0x0000,
    0x0000,0x0000,0x0000,0x0000,0x0000,0x0000,0x2168,0x2168,0x0000,0x0000,0x2168,0x2168,0x0000,0x2168,0x0000,0x0000,0x0000,0x0000,0x0000,0x0000,0x0000,0x0000,0x0000,0x0000,0x0000,0x0000,0x0000,0x0000,
    0x0000,0x0000,0x0000,0x0000,0x0000,0x39EA,0x5A2B,0x9C30,0x4A4A,0x4209,0x2988,0x39A7,0x4A09,0x41C8,0xC5B4,0x6B0C,0x39C8,0x3188,0x2146,0x0000,0x0000,0x0000,0x0000,0x0000,0x0000,0x0000,0x0000,0x0000,
    0x0000,0x0000,0x0000,0x0000,0x0000,0x3167,0x5AAC,0x528A,0x4A2A,0x2947,0x2947,0x0884,0x2168,0x4209,0x9CD1,0x4209,0x3188,0x2947,0x39A9,0x2168,0x3188,0x28E8,0x0000,0x0000,0x0000,0x0000,0x0000,0x0000,
    0x0000,0x0000,0x0000,0x0000,0x0000,0x0000,0x31C8,0x4A2A,0x2127,0x2127,0x2167,0x2168,0x0000,0x31A9,0x422A,0x2127,0x2127,0x2127,0x18E5,0x2168,0x0000,0x20E6,0x0000,0x0000,0x0000,0x0000,0x0000,0x0000,
    0x0000,0x0000,0x0000,0x0000,0x0000,0x0000,0x2105,0x3168,0x2127,0x2106,0x00E3,0x0000,0x0000,0x0000,0x3168,0x2127,0x2947,0x39E7,0x0000,0x0000,0x0000,0x0000,0x0000,0x0000,0x0000,0x0000,0x0000,0x0000,
    0x0000,0x0000,0x0000,0x0000,0x0000,0x0000,0x0000,0x0963,0x0923,0x0141,0x0000,0x0000,0x0000,0x0000,0x0000,0x0943,0x0903,0x0000,0x0000,0x0000,0x0000,0x0000,0x0000,0x0000,0x0000,0x0000,0x0000,0x0000,
  },
  {
    0x0000,0x0000,0x0000,0x0000,0x0000,0x0000,0x0000,0x0000,0x0000,0x0000,0x0000,0x0000,0x0000,0x0000,0x0000,0x0000,0x0000,0x0000,0x0000,0x0000,0x0000,0x0000,0x0000,0x0000,0x0000,0x0000,0x0000,0x0000,
    0x0000,0x0000,0x0000,0x0000,0x0000,0x0000,0x0000,0x0000,0x0000,0x0000,0x0000,0x0000,0x0000,0x0000,0x0000,0x0000,0x0000,0x0000,0x0000,0x0000,0x0000,0x0000,0x0000,0x0000,0x0000,0x0000,0x0000,0x0000,
    0x0000,0x0000,0x0000,0x0000,0x0000,0x0000,0x0000,0x0000,0x0000,0x0000,0x0000,0x0000,0x0000,0x0000,0x0000,0x0000,0x0000,0x0000,0x0000,0x0000,0x0000,0x0000,0x0000,0x0000,0x0000,0x0000,0x0000,0x0000,
    0x0000,0x0000,0x0000,0x0000,0x0000,0x0000,0x0000,0x0000,0x0000,0x0000,0x0000,0x0000,0x0000,0x0000,0x0000,0x0000,0x0000,0x0000,0x0000,0x0000,0x0000,0x0000,0x0000,0x0000,0x0000,0x0000,0x0000,0x0000,
    0x0000,0x0000,0x0000,0x0000,0x0000,0x0000,0x0000,0x0000,0x0000,0x0000,0x0000,0x0000,0x0000,0x0000,0x0000,0x0000,0x0000,0x0000,0x0000,0x0000,0x0000,0x0000,0x0000,0x0000,0x0000,0x0000,0x0000,0x0000,
    0x0000,0x0000,0x0000,0x0000,0x0000,0x0000,0x0000,0x0000,0x0000,0x0000,0x0000,0x0000,0x0000,0x0000,0x0000,0x0000,0x0000,0x0000,0x0000,0x0000,0x0000,0x0000,0x0000,0x0000,0x0000,0x0000,0x0000,0x0000,
    0x0000,0x0000,0x0000,0x0000,0x0000,0x0000,0x0000,0x0000,0x0000,0x0000,0x0000,0x0000,0x0000,0x0000,0x0000,0x0000,0x0000,0x0000,0x0000,0x0000,0x0000,0x0000,0x0000,0x0000,0x0000,0x0000,0x0000,0x0000,
    0x0000,0x0000,0x0000,0x0000,0x0000,0x0000,0x0000,0x0000,0x0000,0x0000,0x0000,0x0000,0x0000,0x0000,0x0000,0x0000,0x0000,0x0000,0x0000,0x0000,0x0000,0x0000,0x0000,0x0000,0x0000,0x0000,0x0000,0x0000,
    0x0000,0x0000,0x0000,0x0000,0x0000,0x0000,0x0000,0x0000,0x0000,0x0000,0x0000,0x0000,0x0000,0x0000,0x0000,0x0000,0x0000,0x0000,0x0000,0x0000,0x0000,0x0000,0x0000,0x0000,0x0000,0x0000,0x0000,0x0000,
    0x0000,0x0000,0x0000,0x0000,0x0000,0x0000,0x0000,0x0000,0x0000,0x0000,0x0000,0x0000,0x0000,0x0000,0x0000,0x0000,0x0000,0x0000,0x0000,0x0000,0x0000,0x0000,0x0000,0x0000,0x0000,0x0000,0x0000,0x0000,
    0x0000,0x0000,0x0000,0x0000,0x0000,0x0000,0x0000,0x0000,0x0000,0x0000,0x0000,0x0000,0x0000,0x0000,0x0000,0x0000,0x0000,0x0000,0x0000,0x0000,0x0000,0x0000,0x0000,0x0000,0x0000,0x0000,0x0000,0x0000,
    0x0000,0x0000,0x0000,0x0000,0x0000,0x0000,0x0000,0x0000,0x0000,0x0000,0x0000,0x0000,0x0000,0x0000,0x0000,0x0000,0x0000,0x0000,0x0000,0x0000,0x0000,0x0000,0x0000,0x0000,0x0000,0x0000,0x0000,0x0000,
    0x0000,0x0000,0x0000,0x0000,0x0000,0x0000,0x0000,0x0000,0x0000,0x0000,0x0963,0x6183,0x0000,0x8226,0x0000,0x0000,0x0000,0x0000,0x0000,0x0000,0x0000,0x0000,0x0000,0x0000,0x0000,0x0000,0x0000,0x0000,
    0x0000,0x0000,0x0000,0x0000,0x0000,0x0000,0x0000,0x0000,0x0000,0x0000,0x5985,0x5123,0x0000,0x0000,0x3904,0x0000,0x71E5,0x4965,0x0000,0x0000,0x0000,0x0000,0x0000,0x0000,0x0000,0x0000,0x0000,0x0000,
    0x0000,0x0000,0x0000,0x0000,0x0000,0x0000,0x0000,0x0000,0x0000,0x4926,0xB2E5,0xBB46,0xC346,0xC305,0xBB05,0x9A24,0x6A25,0x0000,0x6987,0x0000,0x0000,0x0000,0x0000,0x0000,0x0000,0x0000,0x0000,0x0000,
    0x0000,0x0000,0x0000,0x0000,0x0000,0x0000,0x0000,0x0000,0x0000,0xB2A5,0xBB25,0xBB25,0xBB25,0xB305,0xBB05,0xE428,0x71C5,0x18C3,0x4903,0x0000,0x0000,0x0000,0x0000,0x0000,0x0000,0x0000,0x0000,0x0000,
    0x0000,0x0000,0x0000,0x0000,0x0000,0x0000,0x0000,0x0000,0x0000,0xB2E6,0xB2E5,0xB2E5,0xB2E5,0xB2E5,0xB2E5,0xC326,0x91A5,0x1123,0x4103,0x0000,0x0000,0x0000,0x0000,0x0000,0x0000,0x0000,0x0000,0x0000,
    0x0000,0x0000,0x0000,0x0000,0x0000,0x0000,0x0000,0x0000,0x0000,0xB2C6,0x9A44,0xD406,0xE4A5,0xAAC5,0x9204,0xAAA6,0xA1E5,0x18E3,0x4103,0x0000,0x0000,0x0000,0x0000,0x0000,0x0000,0x0000,0x0000,0x0000,
    0x0000,0x0000,0x0000,0x0000,0x0000,0x0000,0x0000,0x0000,0x0000,0x61A5,0xAA85,0x8A85,0x71A3,0x9224,0xAAC6,0x30C3,0xA225,0x18A2,0x4924,0x0000,0x0000,0x0000,0x0000,0x0000,0x0000,0x0000,0x0000,0x0000,
    0x0000,0x0000,0x0000,0x0000,0x0000,0x0000,0x0000,0x0000,0x18E5,0x8226,0x9A66,0x9AC6,0xB344,0x8245,0x9A86,0x9AA6,0x9A65,0x8A04,0x4944,0x0000,0x0000,0x0000,0x0000,0x0000,0x0000,0x0000,0x0000,0x0000,
    0x0000,0x0000,0x0000,0x0000,0x0000,0x0000,0x0000,0x0000,0x2105,0xCB67,0xBAE5,0x9225,0x8A05,0xCB86,0xC346,0x28C2,0x8225,0x9224,0x2904,0x0000,0x0000,0x0000,0x0000,0x0000,0x0000,0x0000,0x0000,0x0000,
    0x0000,0x0000,0x0000,0x0000,0x0000,0x0000,0x0000,0x0000,0x18E4,0x8204,0xE485,0x9245,0x8A25,0xC466,0x79E3,0x4903,0x69A4,0x9204,0x6165,0x0000,0x0000,0x0000,0x0000,0x0000,0x0000,0x0000,0x0000,0x0000,
    0x0000,0x0000,0x0000,0x0000,0x0000,0x0000,0x0000,0x0000,0x3125,0xA265,0x89C4,0xA265,0xAA64,0x8245,0xA264,0x5944,0x7984,0x6964,0x0000,0x0000,0x0000,0x0000,0x0000,0x0000,0x0000,0x0000,0x0000,0x0000,
    0x0000,0x0000,0x0000,0x0000,0x0000,0x0000,0x0000,0x0000,0x0000,0x4924,0x8184,0x79C4,0x89E4,0x7184,0x89A5,0x71A4,0x3104,0x0000,0x0000,0x0000,0x0000,0x0000,0x0000,0x0000,0x0000,0x0000,0x0000,0x0000,
    0x0000,0x0000,0x0000,0x0000,0x0000,0x0000,0x0000,0x0000,0x0000,0x0000,0x0000,0x0000,0x0000,0x0000,0x0000,0x0000,0x0000,0x0000,0x0000,0x0000,0x0000,0x0000,0x0000,0x0000,0x0000,0x0000,0x0000,0x0000,
    0x0000,0x0000,0x0000,0x0000,0x0000,0x0000,0x0000,0x0000,0x0000,0x0000,0x0000,0x0000,0x0000,0x0000,0x0000,0x0000,0x0000,0x0000,0x0000,0x0000,0x0000,0x0000,0x0000,0x0000,0x0000,0x0000,0x0000,0x0000,
  },
  {
    0x0000,0x0000,0x0000,0x0000,0x0000,0x0000,0x0000,0x0000,0x0000,0x0000,0x0000,0x0000,0x0000,0x0000,0x0000,0x0000,0x0000,0x0000,0x0000,0x0000,0x0000,0x0000,0x0000,0x0000,0x0000,0x0000,0x0000,0x0000,
    0x0000,0x0000,0x0000,0x0000,0x0000,0x0000,0x0000,0x0000,0x0000,0x0000,0x0000,0x0000,0x0000,0x0000,0x0000,0x0000,0x0000,0x0000,0x0000,0x0000,0x0000,0x0000,0x0000,0x0000,0x0000,0x0000,0x0000,0x0000,
    0x0000,0x0000,0x0000,0x0000,0x0000,0x0000,0x0000,0x0000,0x0000,0x0000,0x0000,0x0000,0x0000,0x0000,0x0000,0x0000,0x0000,0x0000,0x0000,0x0000,0x0000,0x0000,0x0000,0x0000,0x0000,0x0000,0x0000,0x0000,
    0x0000,0x0000,0x0000,0x0000,0x0000,0x0000,0x0000,0x0000,0x0000,0x0000,0x0000,0x0000,0x0000,0x0000,0x0000,0x0000,0x0000,0x0000,0x0000,0x0000,0x0000,0x0000,0x0000,0x0000,0x0000,0x0000,0x0000,0x0000,
    0x0000,0x0000,0x0000,0x0000,0x0000,0x0000,0x0000,0x0000,0x0000,0x0000,0x0000,0x0000,0x0000,0x0000,0x0000,0x0000,0x0000,0x0000,0x0000,0x0000,0x0000,0x0000,0x0000,0x0000,0x0000,0x0000,0x0000,0x0000,
    0x0000,0x0000,0x0000,0x0000,0x0000,0x0000,0x0000,0x0000,0x0000,0x0000,0x0000,0x0000,0x0000,0x0000,0x0000,0x0000,0x0000,0x0000,0x0000,0x0000,0x0000,0x0000,0x0000,0x0000,0x0000,0x0000,0x0000,0x0000,
    0x0000,0x0000,0x0000,0x0000,0x0000,0x0000,0x0000,0x0000,0x0000,0x0000,0x0000,0x0000,0x0000,0x0000,0x0000,0x0000,0x0000,0x0000,0x0000,0x0000,0x0000,0x0000,0x0000,0x0000,0x0000,0x0000,0x0000,0x0000,
    0x0000,0x0000,0x0000,0x0000,0x0000,0x0000,0x0000,0x0000,0x0000,0x0000,0x0000,0x0000,0x0000,0x0000,0x0000,0x0000,0x0000,0x0000,0x0000,0x0000,0x0000,0x0000,0x0000,0x0000,0x0000,0x0000,0x0000,0x0000,
    0x0000,0x0000,0x0000,0x0000,0x0000,0x0000,0x0000,0x0000,0x0000,0x0000,0x0000,0x0000,0x0000,0x0000,0x0000,0x0000,0x0000,0x0000,0x0000,0x0000,0x0000,0x0000,0x0000,0x0000,0x0000,0x0000,0x0000,0x0000,
    0x0000,0x0000,0x0000,0x0000,0x0000,0x0000,0x0000,0x0000,0x0000,0x0000,0x0000,0x0000,0x0000,0x0000,0x0000,0x0000,0x0000,0x0000,0x0000,0x0000,0x0000,0x0000,0x0000,0x0000,0x0000,0x0000,0x0000,0x0000,
    0x0000,0x0000,0x0000,0x0000,0x0000,0x0000,0x0000,0x0000,0x0000,0x0000,0x0000,0x0000,0x0000,0x0000,0x0000,0x0000,0x0000,0x0000,0x0000,0x0000,0x0000,0x0000,0x0000,0x0000,0x0000,0x0000,0x0000,0x0000,
    0x0000,0x0000,0x0000,0x0000,0x0000,0x0000,0x0000,0x0000,0x0000,0x0000,0x0000,0x0000,0x0000,0x0000,0x0000,0x0000,0x0000,0x0000,0x0000,0x0000,0x0000,0x0000,0x0000,0x0000,0x0000,0x0000,0x0000,0x0000,
    0x0000,0x0000,0x0000,0x0000,0x0000,0x0000,0x0000,0x0000,0x0000,0x0000,0x0000,0x0000,0x0000,0x0000,0x0000,0x0000,0x0000,0x0000,0x0000,0x0000,0x0000,0x0000,0x0000,0x0000,0x0000,0x0000,0x0000,0x0000,
    0x0000,0x0000,0x0000,0x0000,0x0000,0x0000,0x0000,0x0000,0x0000,0x0000,0x0000,0x18C3,0x18EA,0x212A,0x2129,0x28A7,0x0000,0x0000,0x0000,0x0000,0x0000,0x0000,0x0000,0x0000,0x0000,0x0000,0x0000,0x0000,
    0x0000,0x0000,0x0000,0x0000,0x0000,0x0000,0x0000,0x0000,0x0000,0x0000,0x0000,0xB0E5,0xFFDF,0x2BF9,0x2BF8,0xFFFF,0x2148,0x0000,0x0000,0x0000,0x0000,0x0000,0x0000,0x0000,0x0000,0x0000,0x0000,0x0000,
    0x0000,0x0000,0x0000,0x0000,0x0000,0x0000,0x0000,0x0000,0x0000,0x0000,0x0000,0xB106,0xF7BF,0x2BD8,0x2BD8,0xFFDE,0x2908,0x0000,0x0000,0x0000,0x0000,0x0000,0x0000,0x0000,0x0000,0x0000,0x0000,0x0000,
    0x0000,0x0000,0x0000,0x0000,0x0000,0x0000,0x0000,0x0000,0x0000,0x0000,0x0000,0xA906,0xFFDE,0x2BD8,0x2BD8,0xFF7D,0x30E6,0x0000,0x0000,0x0000,0x0000,0x0000,0x0000,0x0000,0x0000,0x0000,0x0000,0x0000,
    0x0000,0x0000,0x0000,0x0000,0x0000,0x0000,0x0000,0x0000,0x0000,0x0000,0x0000,0x08C1,0xEAAA,0x23B7,0x2B77,0xF309,0x0000,0x0000,0x0000,0x0000,0x0000,0x0000,0x0000,0x0000,0x0000,0x0000,0x0000,0x0000,
    0x0000,0x0000,0x0000,0x0000,0x0000,0x0000,0x0000,0x0000,0x0000,0x0000,0x0000,0x0000,0x70C4,0x2B35,0xF7DC,0x2964,0x0000,0x0000,0x0000,0x0000,0x0000,0x0000,0x0000,0x0000,0x0000,0x0000,0x0000,0x0000,
    0x0000,0x0000,0x0000,0x0000,0x0000,0x0000,0x0000,0x0000,0x0000,0x0000,0x0000,0x0000,0x0000,0x51E4,0x2084,0x0000,0x0000,0x0000,0x0000,0x0000,0x0000,0x0000,0x0000,0x0000,0x0000,0x0000,0x0000,0x0000,
    0x0000,0x0000,0x0000,0x0000,0x0000,0x0000,0x0000,0x0000,0x0000,0x0000,0x0000,0x0000,0x5222,0xF503,0xF504,0x1903,0x0000,0x0000,0x0000,0x0000,0x0000,0x0000,0x0000,0x0000,0x0000,0x0000,0x0000,0x0000,
    0x0000,0x0000,0x0000,0x0000,0x0000,0x0000,0x0000,0x0000,0x0000,0x0000,0x0000,0x0000,0xFEEC,0xFF4F,0xF564,0xF609,0x0000,0x0000,0x0000,0x0000,0x0000,0x0000,0x0000,0x0000,0x0000,0x0000,0x0000,0x0000,
    0x0000,0x0000,0x0000,0x0000,0x0000,0x0000,0x0000,0x0000,0x0000,0x0000,0x0000,0x0000,0x3163,0xECA2,0xF503,0x40C3,0x0000,0x0000,0x0000,0x0000,0x0000,0x0000,0x0000,0x0000,0x0000,0x0000,0x0000,0x0000,
    0x0000,0x0000,0x0000,0x0000,0x0000,0x0000,0x0000,0x0000,0x0000,0x0000,0x0000,0x0000,0x0000,0x0000,0x0000,0x0000,0x0000,0x0000,0x0000,0x0000,0x0000,0x0000,0x0000,0x0000,0x0000,0x0000,0x0000,0x0000,
    0x0000,0x0000,0x0000,0x0000,0x0000,0x0000,0x0000,0x0000,0x0000,0x0000,0x0000,0x0000,0x0000,0x0000,0x0000,0x0000,0x0000,0x0000,0x0000,0x0000,0x0000,0x0000,0x0000,0x0000,0x0000,0x0000,0x0000,0x0000,
    0x0000,0x0000,0x0000,0x0000,0x0000,0x0000,0x0000,0x0000,0x0000,0x0000,0x0000,0x0000,0x0000,0x0000,0x0000,0x0000,0x0000,0x0000,0x0000,0x0000,0x0000,0x0000,0x0000,0x0000,0x0000,0x0000,0x0000,0x0000,
  },
  {
    0x0000,0x0000,0x0000,0x0000,0x0000,0x0000,0x0000,0x0000,0x0000,0x0000,0x0000,0x0000,0x0000,0x0000,0x0000,0x0000,0x0000,0x0000,0x0000,0x0000,0x0000,0x0000,0x0000,0x0000,0x0000,0x0000,0x0000,0x0000,
    0x0000,0x0000,0x0000,0x0000,0x0000,0x0000,0x0000,0x0000,0x0000,0x0000,0x0000,0x0000,0x0000,0x0000,0x0000,0x0000,0x0000,0x0000,0x0000,0x0000,0x0000,0x0000,0x0000,0x0000,0x0000,0x0000,0x0000,0x0000,
    0x0000,0x0000,0x0000,0x0000,0x0000,0x0000,0x0000,0x0000,0x0000,0x0000,0x0000,0x0000,0x0000,0x0000,0x0000,0x0000,0x0000,0x0000,0x0000,0x0000,0x0000,0x0000,0x0000,0x0000,0x0000,0x0000,0x0000,0x0000,
    0x0000,0x0000,0x0000,0x0000,0x0000,0x0000,0x0000,0x0000,0x0000,0x0000,0x0000,0x0000,0x0000,0x0000,0x0000,0x0000,0x0000,0x0000,0x0000,0x0000,0x0000,0x0000,0x0000,0x0000,0x0000,0x0000,0x0000,0x0000,
    0x0000,0x0000,0x0000,0x0000,0x0000,0x0000,0x0000,0x0000,0x0000,0x0000,0x0000,0x0000,0x0000,0x0000,0x0000,0x0000,0x0000,0x0000,0x0000,0x0000,0x0000,0x0000,0x0000,0x0000,0x0000,0x0000,0x0000,0x0000,
    0x0000,0x0000,0x0000,0x0000,0x0000,0x0000,0x0000,0x0000,0x0000,0x0000,0x0000,0x0000,0x0000,0x0000,0x0000,0x0000,0x0000,0x0000,0x0000,0x0000,0x0000,0x0000,0x0000,0x0000,0x0000,0x0000,0x0000,0x0000,
    0x0000,0x0000,0x0000,0x0000,0x0000,0x0000,0x0000,0x0000,0x0000,0x0000,0x0000,0x0000,0x0000,0x0000,0x0000,0x0000,0x0000,0x0000,0x0000,0x0000,0x0000,0x0000,0x0000,0x0000,0x0000,0x0000,0x0000,0x0000,
    0x0000,0x0000,0x0000,0x0000,0x0000,0x0000,0x0000,0x0000,0x0000,0x40A4,0xC926,0xC164,0xB144,0xB963,0xB144,0xA143,0xB944,0xC145,0x48C4,0x3904,0x0000,0x0000,0x0000,0x0000,0x0000,0x0000,0x0000,0x0000,
    0x0000,0x0000,0x0000,0x0000,0x0000,0x0000,0x0000,0x0000,0x7844,0xC1A3,0x9083,0x98C3,0x6884,0x7084,0x70A4,0x60A4,0x68C5,0x6884,0xB102,0xEA22,0x0000,0x0000,0x0000,0x0000,0x0000,0x0000,0x0000,0x0000,
    0x0000,0x0000,0x0000,0x0000,0x0000,0x0000,0x0000,0xD3E7,0x6824,0x4864,0x5884,0x6084,0x5884,0x6085,0x6085,0x5084,0x58A4,0x60A5,0x6884,0xFDE6,0x9183,0x0000,0x0000,0x0000,0x0000,0x0000,0x0000,0x0000,
    0x0000,0x0000,0x0000,0x0000,0x0000,0x0000,0x0000,0xDA46,0xCAC4,0x3884,0x4085,0x3885,0x3085,0x3085,0x38A5,0x60A3,0xC9E4,0xDAC5,0xFDE5,0xE2C2,0x8044,0x0000,0x0000,0x0000,0x0000,0x0000,0x0000,0x0000,
    0x0000,0x0000,0x0000,0x0000,0x0000,0x0000,0x0000,0x68C5,0xA065,0x98C5,0xBB23,0xFEE8,0xFF07,0x4883,0xFDE7,0xD084,0xC844,0xC084,0xC044,0xA064,0x0000,0x0000,0x0000,0x0000,0x0000,0x0000,0x0000,0x0000,
    0x0000,0x0000,0x0000,0x0000,0x0000,0x0000,0x0000,0x0000,0x5884,0xD484,0xA223,0xFF8E,0xFF8A,0xFDA2,0xAA23,0xED47,0x70A4,0x88A4,0x7085,0x5885,0x0000,0x0000,0x0000,0x0000,0x0000,0x0000,0x0000,0x0000,
    0x0000,0x0000,0x0000,0x0000,0x0000,0x0000,0x0000,0x5864,0x6084,0xFE25,0xAAA2,0xD383,0xDC02,0xFDA2,0xCB43,0xFE25,0x7064,0xC0E4,0xD0A4,0xA084,0x6025,0x0000,0x0000,0x0000,0x0000,0x0000,0x0000,0x0000,
    0x0000,0x0000,0x0000,0x0000,0x0000,0x0000,0x0000,0x6064,0xD926,0xA0E5,0xB9C4,0x8303,0x9324,0x30A4,0x98C3,0xA0C4,0xE165,0xD8E4,0xE105,0xD904,0x7044,0x0000,0x0000,0x0000,0x0000,0x0000,0x0000,0x0000,
    0x0000,0x0000,0x0000,0x0000,0x0000,0x0000,0x1145,0xA0A5,0xD8E4,0xD145,0xB1A4,0x3085,0x30A5,0x3885,0xE224,0xD104,0xE985,0xE104,0xE124,0xD8E3,0xA083,0x2904,0x0000,0x0000,0x0000,0x0000,0x0000,0x0000,
    0x0000,0x0000,0x0000,0x0000,0x0000,0x0000,0x1967,0xB084,0xD8E4,0xF4E4,0x38A6,0x4085,0x4085,0x4885,0xFE03,0xD8E5,0xD944,0xF186,0xD0E4,0xD904,0xB8A4,0x48E7,0x0000,0x0000,0x0000,0x0000,0x0000,0x0000,
    0x0000,0x0000,0x0000,0x0000,0x0000,0x0000,0x40E8,0xC883,0xD8E3,0xF484,0x40A6,0x4885,0x5065,0x5065,0x91E4,0xFC66,0xD0E4,0xE965,0xD924,0xD904,0xC8C4,0x98A5,0x0000,0x0000,0x0000,0x0000,0x0000,0x0000,
    0x0000,0x0000,0x0000,0x0000,0x0000,0x0000,0xA8A5,0xD0C3,0xD8C4,0x7165,0x4864,0x5085,0x68A4,0x5884,0x30A4,0xFF6C,0xE145,0xE145,0xE124,0xE145,0xC8E4,0x88C4,0x0000,0x0000,0x0000,0x0000,0x0000,0x0000,
    0x0000,0x0000,0x0000,0x0000,0x0000,0x0000,0xA0A4,0xD104,0xD064,0x5985,0x4865,0x5084,0x68A4,0x6884,0x3886,0xFF4E,0xE165,0xE144,0xE145,0xC0C4,0xC0C4,0xB8C5,0x7884,0x0000,0x0000,0x0000,0x0000,0x0000,
    0x0000,0x0000,0x0000,0x0000,0x0000,0x3904,0xB0C4,0xC8E4,0xD8E4,0x69A5,0x5085,0x68A4,0x68A4,0x70A4,0x48A6,0xD2E5,0xD0E4,0xD924,0xE144,0xE125,0xD925,0xC0C4,0xB0C5,0x1942,0x0000,0x0000,0x0000,0x0000,
    0x0000,0x0000,0x0000,0x0000,0x0000,0x7884,0xC8A3,0xD0E3,0xFBE1,0x40A5,0x6885,0x6884,0x6084,0x78A5,0x68E6,0x9185,0xC0E1,0xE124,0xE144,0xB8A3,0xD0C4,0xC8C4,0xB084,0x5844,0x0000,0x0000,0x0000,0x0000,
    0x0000,0x0000,0x0000,0x0000,0x2085,0xC8A4,0xC8A3,0xE1E5,0xFBE2,0x39C6,0x0000,0x0000,0x0000,0x0000,0x0000,0x7204,0xFE06,0xE1C5,0xD943,0xC8C4,0xC884,0xC8A4,0xD144,0xA8E3,0x0000,0x0000,0x0000,0x0000,
    0x0000,0x0000,0x0000,0x0000,0x0000,0x5904,0xE9A5,0xEA65,0x20C5,0x0000,0x0000,0x0000,0x0000,0x0000,0x0000,0x0000,0x18E4,0x4085,0xFCA2,0xFC21,0xE185,0xEA04,0x6043,0x3063,0x0000,0x0000,0x0000,0x0000,
    0x0000,0x0000,0x0000,0x0000,0x0000,0x0000,0x0000,0x0000,0x0000,0x0000,0x0000,0x0000,0x0000,0x0000,0x0000,0x0000,0x0000,0x0000,0x0000,0x0000,0x0000,0x0000,0x0000,0x0000,0x0000,0x0000,0x0000,0x0000,
    0x0000,0x0000,0x0000,0x0000,0x0000,0x0000,0x0000,0x0000,0x0000,0x0000,0x0000,0x0000,0x0000,0x0000,0x0000,0x0000,0x0000,0x0000,0x0000,0x0000,0x0000,0x0000,0x0000,0x0000,0x0000,0x0000,0x0000,0x0000,
  },
  {
    0x0000,0x0000,0x0000,0x0000,0x0000,0x0000,0x0000,0x0000,0x0000,0x0000,0x0000,0x0000,0x0000,0x0000,0x0000,0x0000,0x0000,0x0000,0x0000,0x0000,0x0000,0x0000,0x0000,0x0000,0x0000,0x0000,0x0000,0x0000,
    0x0000,0x0000,0x0000,0x0000,0x0000,0x0000,0x0000,0x0000,0x0000,0x0000,0x0000,0x0000,0x0000,0x0000,0x0000,0x0000,0x0000,0x0000,0x0000,0x0000,0x0000,0x0000,0x0000,0x0000,0x0000,0x0000,0x0000,0x0000,
    0x0000,0x0000,0x0000,0x0000,0x0000,0x0000,0x0000,0x0000,0x0000,0x49A6,0x41A6,0x41A6,0x39A6,0x41A6,0x39A6,0x41E6,0x4206,0x41E7,0x0000,0x0000,0x0000,0x0000,0x0000,0x0000,0x0000,0x0000,0x0000,0x0000,
    0x0000,0x0000,0x0000,0x0000,0x0000,0x0000,0x0000,0x4985,0x4206,0xFBA2,0xCB85,0xC3C3,0xCBE3,0xD424,0xD3E3,0xD3E3,0xD3E4,0xCC04,0x8A84,0x6A23,0x0000,0x0000,0x0000,0x0000,0x0000,0x0000,0x0000,0x0000,
    0x0000,0x0000,0x0000,0x0000,0x0000,0x0000,0x9BE6,0xE3A5,0x49C9,0x6248,0x01EE,0x09AC,0x09AD,0x09EF,0x09AD,0x098C,0x098B,0x0A4F,0x5228,0xD403,0xB3C5,0x0000,0x0000,0x0000,0x0000,0x0000,0x0000,0x0000,
    0x0000,0x0000,0x0000,0x0000,0x0000,0x2146,0xEC65,0x3907,0x118A,0x0109,0x094A,0x09AC,0x018D,0x09AD,0x09AD,0x018B,0x00E7,0x08C7,0x2127,0xF5A6,0xFDA1,0x0000,0x0000,0x0000,0x0000,0x0000,0x0000,0x0000,
    0x0000,0x0000,0x0000,0x0000,0x0000,0x2906,0xA285,0xFD85,0xF790,0x2905,0x08E8,0x0908,0x0908,0x00E8,0x5226,0xF6EB,0xF7B3,0xFF29,0xED65,0x9A68,0x4167,0x1904,0x0000,0x0000,0x0000,0x0000,0x0000,0x0000,
    0x0000,0x0000,0x0000,0x0000,0x0000,0x0000,0x0988,0xAAE3,0xED02,0xF602,0xDC04,0x08A6,0x08A5,0x1044,0xF5C5,0xFF2A,0xFDA4,0xED02,0x1251,0x1A2F,0x00A5,0x0000,0x0000,0x0000,0x0000,0x0000,0x0000,0x0000,
    0x0000,0x0000,0x0000,0x0000,0x0000,0x0000,0x0000,0x00EA,0x4248,0x69E5,0xF5A8,0xFECD,0xF543,0xCC46,0x6A04,0xDD49,0x1A8F,0x122E,0x098C,0x08E9,0x0000,0x0000,0x0000,0x0000,0x0000,0x0000,0x0000,0x0000,
    0x0000,0x0000,0x0000,0x0000,0x0000,0x0000,0x00E8,0x00CA,0xED02,0x6A04,0xFE25,0xFF72,0xCB42,0xE4A4,0xFEA5,0xFE24,0x1905,0x0109,0x1292,0x12B2,0x0946,0x0000,0x0000,0x0000,0x0000,0x0000,0x0000,0x0000,
    0x0000,0x0000,0x0000,0x0000,0x0000,0x0000,0x11EE,0x1A70,0x41E9,0x49A6,0xC364,0xE442,0xF421,0xAB24,0x8A44,0xEC82,0x2AB1,0x1B15,0x2335,0x22D4,0x19EF,0x0000,0x0000,0x0000,0x0000,0x0000,0x0000,0x0000,
    0x0000,0x0000,0x0000,0x0000,0x0000,0x0906,0x11EE,0x22F3,0x1271,0xF461,0x1906,0x18A4,0x20C4,0x20E4,0xEBC2,0x0B76,0x2B97,0x2398,0x2397,0x22D3,0x122E,0x08C4,0x0000,0x0000,0x0000,0x0000,0x0000,0x0000,
    0x0000,0x0000,0x0000,0x0000,0x0000,0x112A,0x122E,0x22F4,0x1AB3,0xFD80,0x08E7,0x08C6,0x08C6,0x00E6,0xF563,0x0AB5,0x23B8,0x23B8,0x2397,0x2B56,0x11EF,0x11EB,0x0000,0x0000,0x0000,0x0000,0x0000,0x0000,
    0x0000,0x0000,0x0000,0x0000,0x0000,0x092A,0x1A91,0x1B35,0x3B30,0x00A6,0x08E6,0x00E8,0x00E8,0x00C7,0x0064,0xFEC5,0x2397,0x2397,0x2B97,0x2315,0x1AB4,0x1AD2,0x0000,0x0000,0x0000,0x0000,0x0000,0x0000,
    0x0000,0x0000,0x0000,0x0000,0x0000,0x096B,0x2B55,0x2356,0x4350,0x0066,0x08E7,0x00E8,0x00E8,0x00C8,0x0085,0xFE84,0x6C2F,0x2397,0x2B97,0x1AF5,0x1A94,0x1AB2,0x0000,0x0000,0x0000,0x0000,0x0000,0x0000,
    0x0000,0x0000,0x0000,0x0000,0x0123,0x11CE,0x2B76,0x2B76,0x430E,0x0087,0x0108,0x00E8,0x08E8,0x00E8,0x00A7,0xFE03,0x2BD5,0x2397,0x2B98,0x2357,0x2336,0x1250,0x10A8,0x0000,0x0000,0x0000,0x0000,0x0000,
    0x0000,0x0000,0x0000,0x0000,0x08A6,0x1A71,0x2376,0x3374,0xE586,0x00E7,0x0909,0x0909,0x012B,0x0929,0x0909,0x7A07,0x3476,0x23B7,0x2B97,0x2397,0x1AF4,0x1A92,0x10EA,0x0000,0x0000,0x0000,0x0000,0x0000,
    0x0000,0x0000,0x0000,0x0000,0x0927,0x1AD3,0x23B7,0x33B6,0xF627,0x00E7,0x012A,0x098C,0x098C,0x098C,0x092A,0x0888,0x3435,0x2397,0x2377,0x1AF4,0x2335,0x1AB3,0x08E9,0x0000,0x0000,0x0000,0x0000,0x0000,
    0x0000,0x0000,0x0000,0x0000,0x1A51,0x1AB3,0x2377,0x2B55,0xE544,0x00E7,0x094A,0x098C,0x098C,0x098C,0x096C,0x0048,0x4433,0x1B77,0x2377,0x1AF5,0x2377,0x1AB3,0x1210,0x0928,0x0000,0x0000,0x0000,0x0000,
    0x0000,0x0000,0x0000,0x0908,0x1A72,0x1A92,0x1B36,0xECA2,0xB381,0x0109,0x092A,0x09AD,0x09AD,0x098C,0x094A,0x0088,0xFF67,0x0B57,0x2376,0x2377,0x1AB3,0x1AB3,0x1A72,0x094B,0x0000,0x0000,0x0000,0x0000,
    0x0000,0x0000,0x0000,0x00A8,0x1271,0x2334,0x2B55,0xFE03,0x8342,0x096A,0x09AC,0x09CD,0x09ED,0x09AB,0x098B,0x00EA,0xFEA6,0x0B36,0x1B76,0x2356,0x1A93,0x1AD4,0x1A92,0x1AB3,0x1966,0x0000,0x0000,0x0000,
    0x0000,0x0000,0x0000,0xEC43,0x1232,0x2313,0xF6C8,0xFE61,0x10E6,0x08E8,0x00C7,0x0000,0x0000,0x0000,0x0000,0x1148,0xFE25,0xFF22,0x1B34,0x2335,0x2B75,0x1AB3,0x1AD4,0x1A50,0xCB03,0x0000,0x0000,0x0000,
    0x0000,0x0000,0x0000,0xAAC3,0xFD03,0xF5A3,0xF583,0xCB24,0x0000,0x0000,0x0000,0x0000,0x0000,0x0000,0x0000,0x0000,0x9304,0xFDE1,0xF587,0x8C0E,0x3B76,0x3B13,0x93A9,0xE402,0xBA04,0x0000,0x0000,0x0000,
    0x0000,0x0000,0x0000,0x0000,0x71A5,0x71C4,0x6186,0x0000,0x0000,0x0000,0x0000,0x0000,0x0000,0x0000,0x0000,0x0000,0x0000,0x4944,0xB226,0xF6C8,0xF607,0xF5C8,0x5945,0x5965,0x0000,0x0000,0x0000,0x0000,
    0x0000,0x0000,0x0000,0x0000,0x0000,0x0000,0x0000,0x0000,0x0000,0x0000,0x0000,0x0000,0x0000,0x0000,0x0000,0x0000,0x0000,0x0000,0x0000,0x39A5,0x3184,0x3184,0x0000,0x0000,0x0000,0x0000,0x0000,0x0000,
    0x0000,0x0000,0x0000,0x0000,0x0000,0x0000,0x0000,0x0000,0x0000,0x0000,0x0000,0x0000,0x0000,0x0000,0x0000,0x0000,0x0000,0x0000,0x0000,0x0000,0x0000,0x0000,0x0000,0x0000,0x0000,0x0000,0x0000,0x0000,
  },
};
static const uint16_t PREMIUM_BACKGROUNDS[10][3600] PROGMEM = {
  {
    0x20A4,0x4104,0x4104,0x4104,0x4104,0x4104,0x3924,0x4104,0x4104,0x3924,0x4104,0x4104,0x4104,0x4104,0x4104,0x4104,0x4104,0x4104,0x4104,0x4104,0x4104,0x4904,0x4104,0x4104,0x4104,0x4104,0x4104,0x4104,0x4944,0x4904,0x4104,0x3924,0x4104,0x4104,0x4104,0x4104,0x4104,0x4104,0x4104,0x4104,0x4104,0x4104,0x4104,0x4104,0x20A4,
    0x3904,0x3924,0x3924,0x3904,0x3104,0x3104,0x3924,0x30E5,0x30E5,0x3924,0x3104,0x30E5,0x38E6,0x38E6,0x38E6,0x38E6,0x38E6,0x30E5,0x38E6,0x38E6,0x38E6,0x38E6,0x38E6,0x38E6,0x38E6,0x38E6,0x38E6,0x3104,0x3924,0x3104,0x3104,0x3104,0x30C5,0x30E5,0x38E6,0x38E6,0x38E6,0x38E6,0x30E5,0x30E5,0x30C5,0x30C5,0x30C5,0x30E5,0x4104,
    0x3924,0x3104,0x3943,0x3924,0x3904,0x3943,0x3943,0x3904,0x3924,0x3943,0x3104,0x38E6,0x38E6,0x4106,0x4906,0x4107,0x4906,0x4906,0x4906,0x4906,0x4906,0x4906,0x4906,0x4906,0x4107,0x4107,0x4107,0x3104,0x3943,0x3104,0x3943,0x3924,0x30E5,0x38E6,0x38E6,0x4106,0x4106,0x4106,0x4106,0x38E6,0x38E5,0x30E5,0x30E5,0x30E5,0x38E5,
    0x3924,0x3104,0x3943,0x3924,0x3904,0x4944,0x3943,0x3924,0x3943,0x3943,0x30C5,0x30E5,0x30E5,0x38E6,0x4106,0x38E6,0x38E5,0x38E5,0x38E5,0x38E5,0x38E6,0x4105,0x4106,0x38E6,0x38E6,0x30E5,0x30E5,0x3904,0x3943,0x3104,0x3943,0x3924,0x30E5,0x4106,0x4106,0x4106,0x4106,0x4106,0x4106,0x38E6,0x38E6,0x30E5,0x30E5,0x30E5,0x4105,
    0x3904,0x3924,0x4983,0x3924,0x3924,0x4983,0x4983,0x3943,0x4983,0x3943,0x38E5,0x4106,0x4106,0x4105,0x4105,0x4105,0x38E5,0x30C5,0x30C5,0x30C5,0x4105,0x4105,0x4105,0x4105,0x4105,0x4105,0x4105,0x3904,0x3943,0x3104,0x3943,0x3924,0x30E5,0x4106,0x4106,0x4106,0x4106,0x4106,0x4106,0x38E6,0x4107,0x4107,0x38E6,0x38E6,0x4105,
    0x3904,0x3924,0x4983,0x4944,0x3943,0x4983,0x4983,0x3943,0x4983,0x3943,0x28C7,0x28C7,0x28C7,0x28C7,0x28C7,0x28C7,0x28C7,0x30E5,0x38E5,0x28C7,0x28C7,0x28C7,0x28C7,0x28C7,0x28C7,0x28C7,0x28C7,0x3904,0x4944,0x3104,0x3943,0x3924,0x30E5,0x4106,0x4106,0x4106,0x4906,0x38E5,0x30C5,0x30E5,0x30E5,0x30E5,0x30E5,0x30E5,0x38E5,
    0x3904,0x3924,0x4983,0x4944,0x3943,0x4983,0x4983,0x3943,0x61A4,0x4944,0x28C7,0x28C7,0x28C7,0x28C7,0x28C7,0x28C7,0x28C7,0x38E6,0x4105,0x28C7,0x28C7,0x28C7,0x28C7,0x28C7,0x28C7,0x28C7,0x28C7,0x30E5,0x4983,0x3924,0x4983,0x3943,0x38E5,0x4906,0x4906,0x4906,0x38E5,0x3924,0x3104,0x3104,0x3104,0x20A4,0x3104,0x30C5,0x38E5,
    0x4104,0x3924,0x4983,0x4983,0x3943,0x61A4,0x4983,0x4983,0x61A4,0x4906,0x28C7,0x28C7,0x30E7,0x30E7,0x28C7,0x28C7,0x28C7,0x38E6,0x4906,0x28C7,0x28C7,0x28C7,0x28C7,0x28C7,0x28C7,0x28C7,0x28C7,0x30E7,0x4983,0x3924,0x4983,0x3943,0x30E5,0x4106,0x4906,0x4106,0x3904,0x3104,0x3104,0x3104,0x3104,0x3104,0x3104,0x20A4,0x38E5,
    0x3904,0x3924,0x4983,0x4983,0x4944,0x61A4,0x4983,0x4983,0x7204,0x4906,0x4948,0x30E7,0x28C7,0x30E7,0x28C7,0x28C7,0x28C7,0x4107,0x4925,0x28C7,0x28C7,0x28C7,0x30E7,0x28C7,0x71A8,0x4948,0x28C7,0x38E6,0x4983,0x3924,0x4983,0x3943,0x38E5,0x4906,0x4906,0x38E5,0x3924,0x4944,0x3104,0x3104,0x3104,0x20A4,0x3104,0x3104,0x3904,
    0x3904,0x3924,0x61A4,0x4983,0x4983,0x7204,0x4983,0x61A4,0x61A4,0x71A8,0xC346,0x71A8,0x28C7,0x30E7,0x30E7,0x30E7,0x28C7,0x4107,0x4925,0x28C7,0x28C7,0x28C7,0x30E7,0x30E7,0x4948,0x4948,0x28C7,0x30E7,0x4983,0x3943,0x4983,0x3943,0x38E5,0x4906,0x4906,0x38E5,0x4104,0x6964,0x3924,0x3904,0x5104,0x20A4,0x3104,0x3104,0x4104,
    0x4104,0x3943,0x61A4,0x4983,0x4983,0x61A4,0x4983,0x7204,0x61A4,0x6988,0xA266,0x9208,0x30E7,0x28C7,0x28C7,0x28C7,0x28C7,0x4107,0x4925,0x28C7,0x28C7,0x28C7,0x30E7,0x30E7,0x30E7,0x30E7,0x28C7,0x30E7,0x4983,0x4944,0x4983,0x4944,0x4106,0x4906,0x4906,0x4106,0x30C4,0x6144,0x3924,0x3104,0x5104,0x30C5,0x3104,0x3104,0x3904,
    0x4104,0x3943,0x61A4,0x4983,0x61A4,0x61A4,0x4983,0x7204,0x4983,0x4104,0x4944,0x4944,0x4904,0x4105,0x4105,0x4905,0x4105,0x4906,0x4925,0x4106,0x4905,0x4905,0x4905,0x4906,0x5947,0x4906,0x4105,0x4104,0x61A4,0x4983,0x4983,0x4944,0x4106,0x5947,0x4106,0x30C5,0x20A4,0x40E4,0x20A4,0x20A4,0x38E5,0x30C5,0x20A4,0x20A4,0x3904,
    0x4104,0x4944,0x61A4,0x4983,0x7204,0x61A4,0x4983,0x7204,0x4906,0x4107,0x4925,0x4107,0x30E7,0x4107,0x4107,0x4107,0x4107,0x4906,0x4925,0x30E7,0x30E7,0x30E7,0x4107,0x4107,0x4107,0x4948,0x4107,0x4906,0x61A4,0x4983,0x4983,0x3943,0x4106,0x4107,0x5104,0x5104,0x4904,0x5104,0x5104,0x5924,0x5924,0x5924,0x5924,0x5104,0x4904,
    0x3904,0x4944,0x61A4,0x4983,0x7204,0x61A4,0x61A4,0x61A4,0x4948,0x4948,0x71A8,0x6988,0x4948,0x4948,0x4948,0x4948,0x4948,0x4107,0x4905,0x30E7,0x4948,0x4948,0x4948,0x4948,0x4948,0x4948,0x4948,0x4948,0x7204,0x4983,0x4983,0x3943,0x38E5,0x30E5,0x5924,0x6144,0x40E4,0x4904,0x40E4,0x4904,0x5104,0x5924,0x4904,0x40E4,0x4104,
    0x3904,0x4944,0x61A4,0x4983,0x7204,0x4983,0x61A4,0x4944,0x4948,0x4948,0x4948,0x4948,0x4948,0x4948,0x4948,0x4948,0x4948,0x4106,0x4905,0x30E7,0x4948,0x4948,0x4948,0x4948,0x71A8,0x71A8,0x4948,0x4948,0x7204,0x4983,0x61A4,0x3943,0x38E5,0x38E5,0x5924,0x6144,0x20A4,0x20A4,0x20A4,0x20A4,0x20A4,0x20A4,0x20A4,0x20A4,0x3904,
    0x3924,0x4944,0x61A4,0x4983,0x61A4,0x4983,0x7204,0x4106,0x4948,0x4948,0x4948,0x4948,0x6988,0x71A8,0x4948,0x4948,0x4948,0x4106,0x4905,0x4107,0x4948,0x4948,0x4948,0x6988,0x9208,0x9208,0x9208,0x6988,0x7204,0x61A4,0x61A4,0x4944,0x38E5,0x30C5,0x5104,0x6144,0x20A4,0x30C5,0x30C4,0x30C4,0x20A4,0x20A4,0x3104,0x20A4,0x3904,
    0x3924,0x4983,0x4983,0x4983,0x4983,0x61A4,0x61A4,0x4948,0x4948,0x4948,0x4948,0x4948,0x6988,0x6988,0x71A8,0x6988,0x4948,0x4105,0x4904,0x4107,0x6988,0x71A8,0x71A8,0x9208,0x9208,0x6988,0x71A8,0x5947,0x61A4,0x61A4,0x61A4,0x4983,0x4106,0x38E5,0x5104,0x6144,0x20A4,0x4106,0x4904,0x5104,0x20A4,0x20A4,0x3904,0x30C4,0x3924,
    0x3904,0x4983,0x4983,0x4983,0x4944,0x4983,0x5925,0x6988,0x71A8,0x6988,0x71A8,0x71A8,0x6988,0x6988,0x6988,0x6988,0x4948,0x4105,0x4104,0x4948,0x71A8,0x71A8,0x6988,0x6988,0x6988,0x6988,0x6988,0x4948,0x61A4,0x4983,0x61A4,0x4944,0x4106,0x38E5,0x5104,0x6144,0x20A4,0x4925,0x5104,0x5104,0x30C5,0x30E5,0x5104,0x3104,0x3924,
    0x3904,0x3943,0x4983,0x4983,0x4983,0x4983,0x4107,0x6988,0x6988,0x4948,0x71A8,0x6988,0x6988,0x4948,0x4948,0x4948,0x4948,0x4105,0x4905,0x4948,0x6988,0x6988,0x4948,0x4948,0x4948,0x4948,0x6988,0x4948,0x61A4,0x4983,0x7204,0x4944,0x4906,0x4105,0x5924,0x6144,0x20A4,0x5925,0x5924,0x6964,0x20A4,0x4944,0x5924,0x3104,0x4104,
    0x3904,0x3924,0x3943,0x3943,0x3943,0x3943,0x4905,0x4925,0x4925,0x5925,0x6166,0x6166,0x5925,0x5925,0x5925,0x5925,0x4925,0x4925,0x4925,0x5925,0x6166,0x6166,0x6166,0x5925,0x4925,0x4925,0x5947,0x4925,0x61A4,0x4983,0x61A4,0x4983,0x4906,0x4105,0x6144,0x6144,0x20A4,0x5924,0x4944,0x6144,0x30C5,0x3904,0x5104,0x3104,0x4104,
    0x3924,0x3104,0x3943,0x3943,0x3943,0x40E4,0x4905,0x4925,0x5925,0x5925,0x5925,0x5925,0x5925,0x4905,0x4905,0x4925,0x4925,0x4925,0x4925,0x5925,0x5925,0x5925,0x5925,0x5925,0x5925,0x5925,0x5925,0x4905,0x61A4,0x4983,0x4983,0x4983,0x4925,0x4105,0x6144,0x6964,0x20A4,0x4104,0x3943,0x5104,0x30C5,0x30C4,0x4904,0x3104,0x3904,
    0x4104,0x3943,0x3943,0x3104,0x3904,0x4905,0x6988,0x71A8,0x71A8,0x71A8,0x71A8,0x71A8,0x71A8,0x71A8,0x71A8,0x71A8,0x71A8,0x4925,0x4925,0x6988,0x71A8,0x71A8,0x71A8,0x71A8,0x71A8,0x71A8,0x71A8,0x6988,0x61A4,0x7204,0x61A4,0x4983,0x4925,0x4105,0x6964,0x6964,0x30C4,0x40E4,0x3904,0x4104,0x4104,0x4104,0x40E4,0x3104,0x3904,
    0x3924,0x3943,0x4983,0x61A4,0x5104,0x5925,0x71A8,0x71A8,0x71A8,0x9208,0x71A8,0x9208,0x9208,0x71A8,0x9208,0x9208,0x9208,0x6166,0x5925,0x6988,0x9208,0x71A8,0x71A8,0x9208,0x9208,0x9208,0x9208,0x71A8,0x61A4,0xA266,0x61A4,0x4983,0x4925,0x4105,0x6964,0x6964,0x5104,0x6964,0x6144,0x6145,0x6145,0x6145,0x5924,0x5104,0x4904,
    0x3924,0x3104,0x3943,0x4983,0x5924,0x5925,0x71A8,0x9208,0x9208,0x71A8,0x71A8,0xA266,0xA266,0x9208,0x9208,0x9208,0x71A8,0x6166,0x6145,0x6988,0x71A8,0x9208,0x9208,0x9208,0x9208,0x71A8,0x5947,0x81C7,0x61A4,0x7204,0x61A4,0x61A4,0x5925,0x4905,0x6144,0x6964,0x30C5,0x20A4,0x20A4,0x20A4,0x30C5,0x30C5,0x20A4,0x20A4,0x3904,
    0x3924,0x3943,0x3943,0x3924,0x6145,0x6145,0x81C7,0x9208,0x9208,0x9208,0x9208,0x9208,0x9208,0xA266,0x9208,0x9208,0x9208,0x6166,0x6145,0x71A8,0x9208,0x9208,0x9208,0xA266,0x9208,0x3925,0x3925,0x5947,0x6145,0x61A4,0x7204,0x7204,0x5925,0x4905,0x6144,0x6964,0x20A4,0x20A4,0x20A4,0x20A4,0x20A4,0x20A4,0x20A4,0x20A4,0x3904,
    0x3924,0x3943,0x3943,0x4983,0x5924,0x6145,0xA266,0x9208,0x9208,0xA266,0x9208,0x9208,0x9208,0x9208,0x9208,0x9208,0x9208,0x6166,0x6145,0x9208,0xA266,0x9208,0x9208,0x81C7,0xA266,0x5925,0x3925,0x30E5,0x61A4,0x7204,0x61A4,0x7204,0x6145,0x4925,0x6964,0x6144,0x30C5,0x30E5,0x30C4,0x40E4,0x3104,0x3104,0x20A4,0x20A4,0x40E4,
    0x3924,0x4983,0x3943,0x61A4,0x5924,0x5925,0x6988,0x3925,0x6166,0xC346,0xA266,0xA266,0xC346,0xC346,0xA266,0xA266,0x9208,0x6145,0x6145,0x9208,0xA266,0xA266,0x6988,0x30E5,0x7204,0x7204,0x3925,0x3925,0x61A4,0x61A4,0x61A4,0x7204,0x6145,0x5925,0x6964,0x6144,0x20A4,0x30E5,0x40E4,0x4904,0x3104,0x3104,0x4104,0x30C4,0x4104,
    0x3924,0x4983,0x4983,0x61A4,0x5924,0x4944,0x30E5,0x4107,0x9A46,0xA266,0x9208,0xC346,0xC346,0xC346,0xA266,0xC346,0xC346,0x5925,0x6145,0xA266,0xC346,0xC346,0xC346,0x6166,0x3104,0x3925,0x3925,0x3925,0x3104,0x4104,0x7204,0x61A4,0x6145,0x6145,0x71A5,0x6144,0x20A4,0x3925,0x4904,0x5104,0x3925,0x3925,0x4905,0x30C4,0x4904,
    0x3924,0x4983,0x4983,0x7204,0x61A4,0x4944,0x3925,0x3925,0x5925,0x4925,0xA266,0xC346,0xC346,0xC346,0xC346,0xC346,0x9A46,0x6145,0x6145,0x9A46,0x6988,0x79C6,0xC346,0x9A46,0x3104,0x3104,0x3904,0x3104,0x3904,0x61A4,0x7204,0x7204,0x71A5,0x6145,0x71A5,0x6144,0x20A4,0x3924,0x5104,0x5104,0x4944,0x4104,0x4905,0x3904,0x4944,
    0x3924,0x4983,0x4983,0x61A4,0x61A4,0x4104,0x3104,0x3925,0x3925,0xA266,0xC346,0xC346,0xC346,0xC346,0xC346,0x5947,0x3925,0x4925,0x6145,0x6166,0x5947,0x4107,0x4107,0x4106,0x3104,0x3104,0x3904,0x3904,0x4104,0x9206,0x9206,0x8A06,0x71A5,0x6145,0x71A5,0x6144,0x20A4,0x3924,0x5104,0x5104,0x3904,0x40E4,0x4905,0x30C4,0x4104,
    0x3924,0x4983,0x3943,0x3104,0x61A4,0x4944,0x3104,0x30E5,0x3925,0x4925,0x4107,0x71A8,0xC346,0xC346,0x71A5,0x5947,0x3925,0x4905,0x6145,0x30E5,0x4948,0x4107,0x3925,0x3104,0x4983,0x4983,0x3104,0x3904,0x4905,0x9206,0xA266,0x8A06,0x79C6,0x71A5,0x8A06,0x6144,0x20A4,0x3104,0x40E4,0x40E4,0x30C4,0x30C4,0x38E5,0x30C4,0x3904,
    0x3924,0x3943,0x3943,0x3943,0x4983,0x4944,0x20A4,0x3925,0x3104,0x3925,0x4948,0x4107,0x9A46,0x5947,0x5947,0x4925,0x3104,0x4104,0x5924,0x20A4,0x30E5,0x30E5,0x3904,0x3924,0x3925,0x3925,0x3904,0x3104,0x4905,0xA266,0xC346,0x7204,0x79C6,0x71A5,0x9206,0x6144,0x30C4,0x5104,0x5104,0x5104,0x4904,0x4904,0x4904,0x40E4,0x4104,
    0x4104,0x3924,0x3943,0x3943,0x3943,0x3943,0x20A4,0x3943,0x3943,0x30E5,0x4107,0x38E6,0x4948,0x4107,0x38E6,0x30E5,0x30E5,0x38E5,0x5104,0x20A4,0x30E5,0x4944,0x3904,0x3104,0x4106,0x4105,0x4104,0x61A4,0x7204,0x71A5,0x9206,0x9206,0x79C6,0x71A5,0x9206,0x6144,0x5104,0x6964,0x6964,0x6144,0x5924,0x6144,0x6144,0x6144,0x5104,
    0x3924,0x3904,0x3943,0x3943,0x3943,0x3943,0x3943,0x61A4,0x3943,0x30C5,0x30C5,0x30C5,0x30E5,0x30E5,0x30C5,0x30E5,0x30E5,0x4105,0x5924,0x20A4,0x30E5,0x30E5,0x20A4,0x20A4,0x3925,0x3925,0x7204,0xC346,0xC346,0xC346,0x9206,0x9206,0x79C6,0x71A5,0x9206,0x6144,0x30C4,0x30C4,0x20A4,0x20A4,0x20A4,0x20A4,0x20A4,0x20A4,0x3904,
    0x3924,0x20A4,0x20A4,0x3943,0x3104,0x3943,0x4983,0x3943,0x4904,0x4944,0x4905,0x4904,0x5104,0x5104,0x5924,0x5925,0x5925,0x4105,0x4105,0x4904,0x6145,0x6145,0x5924,0x6144,0x6964,0x6964,0xA266,0xC346,0xC346,0xC346,0xA266,0x9206,0x79C6,0x71A5,0x9206,0x6964,0x30C5,0x30E5,0x3104,0x20A4,0x20A4,0x20A4,0x20A4,0x20A4,0x3904,
    0x3943,0x3943,0x20A4,0x3104,0x3104,0x3943,0x3943,0x30C4,0x40E4,0x5104,0x5924,0x5924,0x5925,0x6145,0x6145,0x6145,0x6145,0x5925,0x5924,0x5924,0x6145,0x6145,0x6145,0x6964,0x71A5,0x71A5,0xC346,0xC346,0xC346,0xC346,0xC346,0x71A5,0x71A5,0x6964,0x9206,0x6964,0x30C5,0x4948,0x30E5,0x3943,0x20A4,0x20A4,0x30C4,0x3924,0x3904,
    0x4104,0x3943,0x3943,0x3104,0x3104,0x3104,0x3943,0x4983,0x4983,0x3943,0x5104,0x5924,0x5924,0x6145,0x6145,0x6145,0x6145,0x6145,0x6145,0x6145,0x6964,0x71A5,0x71A5,0x9206,0x9206,0xA266,0xC346,0xC346,0xC346,0xC346,0xC346,0x71A5,0x6145,0x6145,0x9206,0x6964,0x30C5,0x4948,0x3904,0x3943,0x3104,0x3925,0x30C4,0x3924,0x4104,
    0x38E5,0x3104,0x3104,0x3104,0x20A4,0x3104,0x3943,0x3943,0x3943,0x30C4,0x30C4,0x30C4,0x38E5,0x38E5,0x38E5,0x38E5,0x38E5,0x4105,0x4105,0x38E5,0x38E5,0x40E4,0x5104,0x6144,0x6964,0x71A5,0xC346,0xC346,0xC346,0xC346,0xC346,0x6144,0x6145,0x6144,0x9206,0x6964,0x30C5,0x4107,0x4904,0x6144,0x3924,0x3924,0x40E4,0x4904,0x3904,
    0x30C4,0x20A4,0x3104,0x3104,0x20A4,0x3104,0x3943,0x3943,0x30C4,0x30C4,0x38E5,0x30C5,0x30C5,0x30C5,0x30C5,0x30C5,0x38E5,0x4105,0x4105,0x4105,0x38E5,0x4105,0x4104,0x4904,0x4905,0x4904,0x6144,0x71A5,0xA266,0x9206,0x6144,0x5104,0x6145,0x5924,0x9206,0x6964,0x20A4,0x4107,0x4904,0x6964,0x3943,0x3943,0x40E4,0x3904,0x3904,
    0x3943,0x3943,0x3943,0x3104,0x3104,0x3943,0x3943,0x4983,0x4983,0x3904,0x4906,0x4906,0x4906,0x4925,0x4925,0x4925,0x5925,0x5925,0x6145,0x6145,0x6145,0x71A5,0x71A5,0x71A5,0x71A5,0x79C6,0x71A5,0x71A5,0xC346,0x6964,0x71A5,0x71A5,0x5924,0x4904,0x71A5,0x6964,0x20A4,0x30E5,0x4904,0x5104,0x3943,0x3943,0x30C4,0x30C4,0x3904,
    0x3924,0x3104,0x3104,0x3104,0x3943,0x3943,0x3104,0x3104,0x3943,0x3943,0x4906,0x4925,0x5925,0x5925,0x5925,0x5925,0x5925,0x5925,0x6145,0x71A5,0x71A5,0x79C6,0x71A5,0x6964,0x6144,0x6964,0x6144,0x9206,0xA266,0x71A5,0x5104,0x5104,0x5104,0x4904,0x71A5,0x6964,0x20A4,0x30E5,0x40E4,0x40E4,0x3104,0x3104,0x20A4,0x20A4,0x3904,
    0x3904,0x3104,0x30C4,0x3104,0x3943,0x3943,0x30C4,0x30C4,0x30C4,0x4104,0x4925,0x4925,0x4925,0x4925,0x5925,0x5925,0x5925,0x5925,0x5925,0x6145,0x71A5,0x71A5,0x71A5,0x5924,0x9206,0xC346,0x9206,0x6144,0x6144,0x5104,0x9206,0xA266,0x61A4,0x40E4,0x6964,0x6144,0x5104,0x6964,0x6964,0x6964,0x6964,0x6144,0x5104,0x5104,0x5104,
    0x3904,0x30C4,0x30C4,0x30C4,0x3104,0x20A4,0x30C4,0x40E4,0x40E4,0x4906,0x4906,0x4906,0x4906,0x4925,0x4905,0x4925,0x5925,0x5925,0x5925,0x6145,0x6145,0x71A5,0x6145,0x5104,0x9206,0xA266,0xC346,0xA266,0x9206,0x9206,0xA266,0xA266,0x9206,0x30C4,0x6144,0x6144,0x40E4,0x4904,0x40E4,0x40E4,0x40E4,0x40E4,0x40E4,0x40E4,0x40E4,
    0x4904,0x4904,0x40E4,0x30C4,0x30C4,0x30C4,0x40E4,0x6964,0x5104,0x38E5,0x4906,0x4906,0x4906,0x4925,0x4906,0x4905,0x4925,0x5925,0x5925,0x5925,0x6145,0x6145,0x4925,0x30C4,0x40E4,0x40E4,0x5104,0x6144,0x6144,0x5104,0x40E4,0x4904,0x5104,0x30C4,0x5104,0x6144,0x5104,0x6964,0x6144,0x5924,0x5104,0x5104,0x5924,0x5924,0x4904,
    0x40E4,0x40E4,0x5924,0x6964,0x6144,0x71A5,0x71A5,0x6144,0x30C4,0x38E5,0x4105,0x4105,0x4105,0x4906,0x4906,0x4105,0x4906,0x4925,0x4905,0x4905,0x4905,0x4925,0x4905,0x38E5,0x30C4,0x30C4,0x30C4,0x40E4,0x40E4,0x40E4,0x30C4,0x40E4,0x40E4,0x30C4,0x5104,0x6144,0x5104,0x6144,0x5104,0x4904,0x5104,0x5104,0x5104,0x5104,0x4904,
    0x30C4,0x30C4,0x30C4,0x40E4,0x40E4,0x40E4,0x40E4,0x4904,0x30C4,0x30C4,0x40E4,0x4104,0x4104,0x4905,0x4925,0x5924,0x5924,0x5924,0x5104,0x5104,0x4904,0x4904,0x4104,0x38E5,0x4904,0x40E4,0x5104,0x5104,0x5104,0x5924,0x5104,0x4904,0x4904,0x20A4,0x5104,0x6144,0x5104,0x5924,0x5104,0x5104,0x5104,0x4944,0x4104,0x5104,0x4904,
    0x3904,0x30C4,0x40E4,0x4904,0x5104,0x6144,0x6964,0x5104,0x4104,0x4104,0x4904,0x5104,0x5924,0x5925,0x6145,0x6964,0x71A5,0x6145,0x6145,0x6145,0x6144,0x5924,0x4904,0x4104,0x5104,0x4904,0x4904,0x4944,0x4944,0x4904,0x5924,0x40E4,0x40E4,0x20A4,0x5104,0x6144,0x4904,0x5924,0x5924,0x5104,0x5104,0x4904,0x5924,0x5924,0x4904,
    0x3904,0x30C4,0x4904,0x5104,0x6964,0x71A5,0x71A5,0x40E4,0x30C4,0x38E5,0x30C4,0x38E5,0x4104,0x4105,0x4905,0x4905,0x4905,0x4905,0x4904,0x4104,0x40E4,0x30C4,0x30C4,0x38E5,0x5924,0x4904,0x5104,0x4904,0x4104,0x5104,0x5104,0x40E4,0x40E4,0x20A4,0x5104,0x6144,0x30C4,0x40E4,0x30C4,0x40E4,0x40E4,0x4904,0x4904,0x40E4,0x4104,
    0x30C4,0x20A4,0x4904,0x5104,0x6144,0x6964,0x6144,0x30C4,0x20A4,0x20A4,0x20A4,0x30C4,0x30C5,0x30C5,0x38E5,0x30C5,0x30C5,0x38E5,0x30C5,0x30C5,0x30C4,0x20A4,0x30C4,0x30C5,0x5924,0x4904,0x40E4,0x40E4,0x4904,0x4904,0x4904,0x4904,0x30C4,0x20A4,0x5924,0x6144,0x40E4,0x6144,0x6144,0x6144,0x6144,0x5104,0x5104,0x5104,0x4904,
    0x3904,0x20A4,0x40E4,0x40E4,0x4904,0x5104,0x4904,0x30C4,0x38E5,0x30C5,0x30C4,0x38E5,0x38E5,0x38E5,0x4905,0x4105,0x38E5,0x4105,0x38E5,0x38E5,0x38E5,0x30C4,0x38E5,0x30C5,0x4904,0x4904,0x40E4,0x40E4,0x4904,0x4904,0x40E4,0x5104,0x30C4,0x20A4,0x4904,0x5104,0x30C4,0x40E4,0x4904,0x4904,0x4904,0x40E4,0x30C4,0x40E4,0x4904,
    0x3904,0x20A4,0x30C4,0x40E4,0x40E4,0x40E4,0x30C4,0x38E5,0x38E5,0x30C5,0x4105,0x4905,0x4105,0x4905,0x5925,0x4905,0x5925,0x5925,0x4905,0x4905,0x4905,0x38E5,0x38E5,0x30C5,0x30C4,0x20A4,0x20A4,0x20A4,0x20A4,0x20A4,0x20A4,0x30C4,0x30C4,0x30C5,0x30C4,0x30C4,0x20A4,0x20A4,0x30C5,0x30C5,0x20A4,0x20A4,0x20A4,0x20A4,0x3904,
    0x38E5,0x30C5,0x20A4,0x30C4,0x30C4,0x30C4,0x30C5,0x4905,0x4905,0x4104,0x5925,0x6145,0x5925,0x6145,0x71A5,0x5925,0x6145,0x6145,0x4905,0x5924,0x6145,0x5925,0x6145,0x4905,0x38E5,0x38E5,0x4105,0x38E5,0x30E5,0x30C5,0x30C4,0x30C5,0x30C5,0x38E5,0x30C5,0x30C4,0x30C5,0x30C5,0x4106,0x38E6,0x30C5,0x30C5,0x38E5,0x30C5,0x3904,
    0x4104,0x30C5,0x38E5,0x30E5,0x38E5,0x4105,0x4905,0x6145,0x5924,0x6145,0x6964,0x6964,0x5925,0x5924,0x5924,0x5924,0x6145,0x6145,0x6145,0x6145,0x6145,0x6145,0x6145,0x5925,0x4905,0x5924,0x6145,0x5925,0x5925,0x4905,0x38E5,0x4905,0x4925,0x4105,0x4105,0x4905,0x4105,0x4105,0x4106,0x4906,0x38E5,0x30C5,0x30C5,0x38E5,0x4104,
    0x4904,0x4105,0x4105,0x38E5,0x5924,0x5925,0x6145,0x5924,0x4905,0x5925,0x5925,0x6166,0x79C6,0x8A06,0x79C6,0x79C6,0x9A46,0xA266,0xA266,0xA266,0x9A46,0x9206,0x8A06,0x8A06,0x71A5,0x5925,0x6145,0x5925,0x6145,0x71A5,0x6145,0x5924,0x6145,0x5925,0x4105,0x5924,0x5925,0x4905,0x4105,0x4905,0x4905,0x4105,0x30E5,0x38E5,0x4905,
    0x5104,0x4906,0x4105,0x4925,0x6145,0x6145,0x5925,0x4905,0x6166,0x79C6,0x9206,0x9206,0x9206,0x9206,0x9A46,0x79C6,0x79C6,0x8A06,0x8A06,0x8A06,0x8A06,0x9A46,0x9A46,0x9206,0x9206,0x9A46,0x9206,0x79C6,0x6145,0x5924,0x6145,0x6145,0x71A5,0x71A5,0x6145,0x5924,0x6145,0x5925,0x4905,0x38E5,0x4905,0x4905,0x4105,0x30C5,0x4104,
    0x4104,0x4105,0x5925,0x5925,0x4925,0x5925,0x6145,0x79C6,0x8A06,0x8A06,0x8A06,0x79C6,0x8A06,0x8A06,0x8A06,0x9206,0x9A46,0x9A46,0x9A46,0xA266,0xA266,0x9206,0x9206,0x9206,0x9206,0x8A06,0x8A06,0x9206,0x9206,0x79C6,0x6145,0x5925,0x71A5,0x71A5,0x71A5,0x6145,0x71A5,0x6145,0x5924,0x4905,0x4905,0x5925,0x4105,0x4105,0x4104,
    0x4904,0x4905,0x5925,0x4905,0x4925,0x79C6,0x9206,0x79C6,0x79C6,0x79C6,0x8A06,0x9206,0x9206,0x9A46,0x9A46,0x9A46,0xA266,0xA266,0xA266,0xA266,0xA266,0xA266,0xA266,0xA266,0xA266,0xA266,0x9A46,0x79C6,0x79C6,0x9206,0xA266,0x8A06,0x6145,0x6964,0x71A5,0x71A5,0x6145,0x6145,0x5924,0x5924,0x4905,0x4905,0x4905,0x4105,0x4904,
    0x5104,0x5925,0x4925,0x5925,0x79C6,0x8A06,0x79C6,0x79C6,0x8A06,0x9206,0x9206,0x9206,0x9206,0x9A46,0xA266,0xA266,0xA266,0xA266,0xA266,0xA266,0xA266,0xA266,0x9A46,0xA266,0xA266,0xA266,0x9A46,0xA266,0x9206,0x79C6,0x9A46,0x9A46,0x8A06,0x5925,0x71A5,0x79C6,0x71A5,0x5924,0x6964,0x6145,0x5925,0x4905,0x4925,0x4905,0x4104,
    0x5104,0x5925,0x4925,0x71A5,0x79C6,0x79C6,0x6988,0x8A06,0x9206,0x9206,0x9206,0x9206,0x9A46,0x9206,0x9206,0x9A46,0x9A46,0xA266,0xA266,0xA266,0xA266,0xA266,0xA266,0xA266,0x9A46,0x9A46,0x9A46,0xA266,0xA266,0x9A46,0x81C7,0x8A06,0x9206,0x79C6,0x5925,0x79C6,0x71A5,0x5924,0x5924,0x6145,0x5925,0x5925,0x4105,0x4906,0x4905,
    0x4925,0x4906,0x6166,0x79C6,0x8A06,0x6166,0x79C6,0x8A06,0x8A06,0x8A06,0x9A46,0xA266,0x9A46,0x9206,0x9206,0x9A46,0xA266,0x9A46,0x9A46,0x9A46,0x9A46,0x9A46,0xA266,0xA266,0xA266,0xA266,0x9A46,0x9206,0x9A46,0x9A46,0x8A06,0x8A06,0x9206,0x9206,0x6166,0x6145,0x71A5,0x6145,0x4905,0x6145,0x5925,0x4925,0x4905,0x38E5,0x4104,
    0x4905,0x4906,0x79C6,0x79C6,0x79C6,0x79C6,0x8A06,0x8A06,0x8A06,0x8A06,0x9206,0x9A46,0x9A46,0x9A46,0xA266,0xA266,0xA266,0xA266,0xA266,0xA266,0x9A46,0x9A46,0x9A46,0xA266,0x9A46,0xA266,0x9A46,0x9206,0x9A46,0x9A46,0x9206,0x79C6,0x9206,0x9A46,0x79C6,0x5925,0x6964,0x71A5,0x6145,0x5924,0x5924,0x4905,0x4925,0x4906,0x4104,
    0x4904,0x4925,0x79C6,0x71A8,0x79C6,0x6988,0x8A06,0x9206,0x8A06,0x8A06,0x8A06,0x8A06,0x8A06,0x9206,0x9206,0x9A46,0x9A46,0xA266,0xA266,0xA266,0x9A46,0x9A46,0x9A46,0x9206,0x8A06,0x9206,0x9A46,0xA266,0xA266,0xA266,0x9206,0x79C6,0x9206,0x8A06,0x71A5,0x4105,0x6145,0x6145,0x5925,0x4905,0x4905,0x5925,0x4925,0x4925,0x4905,
    0x4904,0x30C5,0x6166,0x79C6,0x79C6,0x79C6,0x79C6,0x9206,0x9206,0x9A46,0x9A46,0x8A06,0x81C7,0x8A06,0x9206,0x9206,0x9206,0x9206,0x9206,0x9206,0x9206,0x9206,0x9206,0x9206,0x9206,0x9206,0x9A46,0x9A46,0x9A46,0x9A46,0x79C6,0x8A06,0x79C6,0x9A46,0x5925,0x38E5,0x6145,0x5925,0x5925,0x4905,0x4905,0x5925,0x4925,0x4925,0x4905,
    0x4904,0x30C5,0x6166,0x81C7,0x6166,0x79C6,0x6988,0x79C6,0x9206,0x8A06,0x8A06,0x8A06,0x9206,0x9A46,0x9A46,0x9206,0x9A46,0x9A46,0x9A46,0x9A46,0x9A46,0x9A46,0x9A46,0x9A46,0x9206,0x9A46,0x9A46,0x9A46,0x9A46,0x79C6,0x79C6,0x8A06,0x8A06,0x8A06,0x4906,0x4105,0x71A5,0x5925,0x5925,0x5925,0x4925,0x4105,0x4925,0x4906,0x4905,
    0x5104,0x4905,0x38E5,0x6166,0x79C6,0x81C7,0x79C6,0x6166,0x6988,0x79C6,0x8A06,0x8A06,0x8A06,0x9206,0x9206,0x9206,0x8A06,0x8A06,0x8A06,0x9206,0x9206,0x9206,0x9A46,0x9206,0x8A06,0x9206,0x9206,0x8A06,0x79C6,0x8A06,0x9206,0x79C6,0x79C6,0x6166,0x38E5,0x4905,0x6145,0x5925,0x5925,0x5925,0x5925,0x4105,0x4105,0x4906,0x4905,
    0x5104,0x4905,0x30E5,0x4106,0x6166,0x79C6,0x79C6,0x79C6,0x71A5,0x6988,0x79C6,0x79C6,0x9206,0x9206,0x9206,0x8A06,0x8A06,0x9206,0x8A06,0x8A06,0x9206,0x8A06,0x8A06,0x8A06,0x8A06,0x79C6,0x71A5,0x79C6,0x79C6,0x8A06,0x8A06,0x79C6,0x6166,0x38E5,0x5925,0x6145,0x5925,0x5925,0x5925,0x5925,0x4905,0x4905,0x4105,0x4906,0x4905,
    0x4925,0x4105,0x4105,0x38E5,0x30E5,0x6166,0x79C6,0x79C6,0x79C6,0x79C6,0x79C6,0x71A8,0x79C6,0x6988,0x6988,0x79C6,0x8A06,0x79C6,0x8A06,0x8A06,0x8A06,0x8A06,0x6988,0x71A5,0x79C6,0x79C6,0x79C6,0x8A06,0x8A06,0x8A06,0x79C6,0x6166,0x38E5,0x4906,0x6145,0x6145,0x4905,0x4925,0x4925,0x4925,0x4105,0x4906,0x4105,0x38E5,0x4905,
    0x4905,0x4105,0x4925,0x4905,0x38E5,0x4106,0x4906,0x5947,0x79C6,0x6988,0x81C7,0x81C7,0x79C6,0x8A06,0x71A8,0x6988,0x71A5,0x79C6,0x6166,0x79C6,0x79C6,0x79C6,0x79C6,0x79C6,0x8A06,0x9206,0x79C6,0x79C6,0x79C6,0x6166,0x4106,0x30E5,0x5925,0x6145,0x6145,0x5925,0x4905,0x4105,0x4905,0x4906,0x4906,0x4906,0x4906,0x38E5,0x4105,
    0x4104,0x4906,0x4925,0x4905,0x5925,0x4905,0x30C5,0x30E5,0x38E5,0x4925,0x79C6,0x6166,0x8A06,0x8A06,0x81C7,0x79C6,0x8A06,0x9206,0x79C6,0x8A06,0x8A06,0x8A06,0x79C6,0x8A06,0x79C6,0x79C6,0x79C6,0x5925,0x4105,0x38E5,0x4105,0x4906,0x6145,0x6145,0x5925,0x4925,0x4905,0x38E5,0x4906,0x4925,0x4906,0x4906,0x4105,0x38E6,0x4104,
    0x4905,0x4105,0x4105,0x4905,0x5925,0x4925,0x4105,0x4905,0x38E5,0x38E5,0x38E5,0x4906,0x5925,0x4906,0x6166,0x79C6,0x79C6,0x79C6,0x71A5,0x79C6,0x79C6,0x79C6,0x6166,0x5925,0x6166,0x4106,0x4106,0x4106,0x4905,0x5924,0x6145,0x5925,0x4905,0x6145,0x5925,0x4925,0x4905,0x4905,0x4106,0x4905,0x4105,0x38E5,0x38E5,0x38E5,0x4104,
    0x4905,0x4106,0x4906,0x4105,0x4905,0x4105,0x4905,0x5924,0x4925,0x4925,0x4105,0x4105,0x30E5,0x38E5,0x38E5,0x4105,0x4106,0x4906,0x4105,0x4106,0x4106,0x4106,0x38E5,0x38E5,0x38E5,0x38E5,0x4905,0x5925,0x6145,0x5925,0x4925,0x5925,0x4905,0x5925,0x5925,0x5925,0x4905,0x4905,0x38E5,0x4106,0x4105,0x38E5,0x38E5,0x38E5,0x4104,
    0x4905,0x4106,0x4105,0x4105,0x4105,0x30E5,0x4905,0x4105,0x4905,0x5925,0x5925,0x4925,0x4905,0x5925,0x4925,0x4925,0x4925,0x5925,0x38E5,0x4905,0x4905,0x4905,0x5925,0x5925,0x5925,0x4905,0x4905,0x5925,0x4905,0x4925,0x4905,0x4925,0x4906,0x4925,0x4925,0x4906,0x4106,0x4106,0x38E5,0x30E5,0x38E5,0x38E5,0x38E5,0x30E5,0x4104,
    0x4905,0x4106,0x4106,0x4105,0x4105,0x38E5,0x4105,0x4105,0x4906,0x4905,0x4925,0x4905,0x4105,0x5925,0x5925,0x6145,0x6145,0x6145,0x4105,0x4905,0x6145,0x5925,0x5925,0x4925,0x4925,0x4905,0x38E5,0x4905,0x4905,0x4905,0x4906,0x4905,0x4906,0x38E5,0x4906,0x4106,0x4106,0x4106,0x4106,0x30E5,0x30E5,0x38E5,0x38E5,0x30E5,0x4104,
    0x4104,0x38E5,0x4105,0x4105,0x30E5,0x4105,0x4105,0x4906,0x4906,0x4106,0x4905,0x4105,0x4906,0x4925,0x4925,0x4925,0x4925,0x5925,0x38E5,0x4905,0x5925,0x4905,0x4905,0x4905,0x4905,0x4905,0x38E5,0x4905,0x4905,0x4905,0x4905,0x4905,0x4905,0x30E5,0x4105,0x4105,0x4105,0x38E5,0x38E5,0x38E5,0x30C5,0x38E5,0x38E5,0x38E5,0x4104,
    0x4104,0x38E5,0x38E5,0x38E5,0x30E5,0x4106,0x4105,0x4106,0x4906,0x4906,0x4925,0x38E5,0x4925,0x4925,0x4906,0x4905,0x4906,0x4905,0x38E5,0x4906,0x4925,0x4905,0x4105,0x4105,0x4105,0x4105,0x38E5,0x4905,0x4105,0x4105,0x4906,0x4906,0x4105,0x4106,0x38E5,0x4105,0x4106,0x38E5,0x38E5,0x38E5,0x30C5,0x30C5,0x38E5,0x30E5,0x4105,
    0x4104,0x38E5,0x38E5,0x30C5,0x38E5,0x38E5,0x38E5,0x38E5,0x4106,0x4106,0x38E5,0x30E5,0x4106,0x4105,0x4105,0x4906,0x4906,0x4925,0x38E5,0x4105,0x4906,0x4105,0x4106,0x4105,0x4105,0x4906,0x30E5,0x4105,0x4105,0x4105,0x4105,0x4106,0x38E5,0x4106,0x30C5,0x38E5,0x38E5,0x38E5,0x38E5,0x38E5,0x30E5,0x30C5,0x30E5,0x30E5,0x4104,
    0x4104,0x38E5,0x30E5,0x30C5,0x38E5,0x38E5,0x38E5,0x38E5,0x38E5,0x4106,0x30E5,0x30E5,0x4106,0x4106,0x38E5,0x4106,0x4106,0x4105,0x38E5,0x4105,0x4106,0x4106,0x4106,0x4105,0x4106,0x4105,0x30E5,0x30E5,0x38E5,0x38E5,0x38E5,0x38E5,0x38E6,0x38E6,0x30E5,0x30E5,0x38E5,0x30E5,0x38E5,0x30E5,0x38E5,0x30C5,0x30C5,0x30E5,0x38E5,
    0x4944,0x38E6,0x30C5,0x38E5,0x38E6,0x38E5,0x38E5,0x38E5,0x4106,0x4106,0x30E5,0x38E5,0x4106,0x4106,0x38E5,0x38E5,0x4106,0x4106,0x30C5,0x38E5,0x4106,0x4106,0x4106,0x4106,0x38E5,0x38E5,0x38E5,0x30E5,0x38E5,0x38E5,0x38E5,0x38E5,0x38E5,0x38E5,0x30E5,0x30E5,0x38E5,0x38E5,0x38E5,0x38E5,0x38E5,0x38E5,0x30C5,0x30C5,0x4104,
    0x4104,0x30E5,0x30C5,0x38E6,0x38E6,0x38E5,0x38E5,0x38E5,0x38E5,0x38E6,0x30C5,0x38E6,0x38E6,0x38E5,0x38E5,0x38E5,0x38E5,0x38E5,0x30C5,0x38E5,0x4106,0x38E5,0x38E5,0x38E5,0x38E5,0x38E5,0x38E5,0x30C5,0x38E6,0x38E5,0x30E5,0x30E5,0x30E5,0x30E5,0x30E5,0x30C5,0x30E5,0x38E5,0x30E5,0x30E5,0x30E5,0x30E5,0x30C5,0x30C5,0x4104,
    0x20A4,0x4904,0x4104,0x4904,0x4904,0x4904,0x4104,0x4104,0x4104,0x4904,0x4104,0x4904,0x4904,0x4904,0x4904,0x4904,0x4904,0x4904,0x4104,0x4904,0x4904,0x4904,0x4904,0x4904,0x4904,0x4904,0x4904,0x4104,0x4904,0x4904,0x4904,0x4904,0x4104,0x4904,0x4904,0x4104,0x4104,0x4904,0x4104,0x4104,0x4104,0x4104,0x4104,0x4104,0x20A4,
  },
  {
    0x08A4,0x10C5,0x2905,0x2905,0x28E5,0x2905,0x2905,0x2905,0x2905,0x28E5,0x2905,0x2905,0x2905,0x2905,0x2905,0x2905,0x2905,0x2905,0x2905,0x2905,0x2905,0x2905,0x2905,0x2905,0x20C5,0x20C5,0x2905,0x2905,0x2905,0x2905,0x2905,0x2905,0x28E5,0x28E5,0x28E5,0x28E5,0x28E5,0x28E5,0x2905,0x28E5,0x28E5,0x28E5,0x28E5,0x28E5,0x08A4,
    0x20C5,0x08A6,0x00A7,0x0087,0x00A9,0x00C9,0x00A9,0x0087,0x0087,0x0087,0x00A7,0x00A9,0x00A9,0x0087,0x0087,0x0087,0x00A9,0x00A7,0x00C9,0x00A9,0x00A9,0x0087,0x00A9,0x00A9,0x00A9,0x00A9,0x00A9,0x00C9,0x00A9,0x00A9,0x00A9,0x0087,0x00A9,0x00A7,0x0087,0x0087,0x0087,0x0087,0x0087,0x0087,0x0087,0x0087,0x0087,0x08A6,0x28E5,
    0x28E5,0x00A7,0x08E7,0x10E5,0x00A7,0x00C9,0x00C9,0x0087,0x0087,0x08A6,0x08A6,0x00A7,0x0087,0x00A9,0x08A6,0x0907,0x08A6,0x0087,0x00CA,0x00A9,0x00A9,0x00A9,0x00A9,0x00A9,0x00A9,0x00A9,0x00C9,0x00C9,0x00C9,0x00A7,0x0087,0x00C9,0x00C9,0x0087,0x0087,0x0087,0x00A9,0x0087,0x00A7,0x0087,0x0087,0x0087,0x00A7,0x00A7,0x20C5,
    0x20C5,0x08A6,0x08E7,0x1947,0x00A7,0x00A9,0x00A9,0x00A7,0x0087,0x08A4,0x08A6,0x00A7,0x00C9,0x00A9,0x08A4,0x3105,0x1105,0x0087,0x00A7,0x00A9,0x00C9,0x00C9,0x00A9,0x1929,0x31CC,0x00A9,0x00C9,0x00C9,0x00A7,0x00A7,0x00A7,0x00A7,0x0087,0x0087,0x00A9,0x00C9,0x00A9,0x00C9,0x00A9,0x00A9,0x00A9,0x00C9,0x00A9,0x00A9,0x20C5,
    0x20C5,0x0087,0x0087,0x08E7,0x0087,0x00A7,0x10E5,0x08E7,0x08A6,0x08A4,0x00A7,0x00C9,0x00C9,0x1107,0x1105,0x1107,0x0087,0x0087,0x00A9,0x00C9,0x00A9,0x00C9,0x00A9,0x2989,0x6B4B,0x00A9,0x00CA,0x00A9,0x00C9,0x00A7,0x00C9,0x00A7,0x0087,0x00C9,0x00C9,0x00C9,0x00C9,0x00C9,0x00C9,0x00CA,0x00A9,0x00C9,0x00A9,0x00A9,0x20C5,
    0x20C5,0x00A7,0x00A7,0x00A7,0x08A6,0x00A7,0x0907,0x10E7,0x10C5,0x10C5,0x00A9,0x00A9,0x00A9,0x2905,0x10C5,0x0087,0x0087,0x00A9,0x00C9,0x00C9,0x00A9,0x00A9,0x00C9,0x00A9,0x00A9,0x00C9,0x00A9,0x00A9,0x00C9,0x00C9,0x00A9,0x00A9,0x00C9,0x00C9,0x00C9,0x00C9,0x2169,0x00C9,0x00A9,0x00A9,0x00A9,0x00A9,0x00A9,0x00A9,0x20C5,
    0x28E5,0x00A7,0x00C9,0x08A6,0x08A4,0x0087,0x00A9,0x0087,0x08A4,0x00C9,0x00C9,0x00A9,0x00A7,0x10C5,0x08A6,0x1105,0x10C5,0x08A6,0x08E7,0x00A9,0x00A9,0x00A9,0x00CA,0x00CA,0x00C9,0x00C9,0x00A9,0x00C9,0x00C9,0x00A9,0x00A9,0x00A9,0x00C9,0x00C9,0x00C9,0x08EA,0x6B4B,0x31CC,0x00A9,0x00C9,0x00A9,0x00A9,0x00C9,0x00C9,0x20C5,
    0x28E5,0x1109,0x0907,0x1947,0x08A4,0x0087,0x00A9,0x08A4,0x08A6,0x00CA,0x0087,0x1109,0x2905,0x0087,0x00A7,0x2905,0x3105,0x08A6,0x08A6,0x00A7,0x00A9,0x00CA,0x00C9,0x00C9,0x00C9,0x00C9,0x00CA,0x00C9,0x00CA,0x00A9,0x00A9,0x00A9,0x00C9,0x00C9,0x00C9,0x00CA,0x6B4B,0x21AA,0x00A9,0x00C9,0x00C9,0x00C9,0x00C9,0x00C9,0x20C5,
    0x20C5,0x00C9,0x1968,0x1947,0x08A4,0x10C5,0x0087,0x10E5,0x00A7,0x00C9,0x0087,0x2948,0x2905,0x00A7,0x08A6,0x00A7,0x00C9,0x00CA,0x00C9,0x00C9,0x00A9,0x00A9,0x00CA,0x00CA,0x00C9,0x00C9,0x00C9,0x00C9,0x00A7,0x00A7,0x00A9,0x00C9,0x00CA,0x00CA,0x00CA,0x00C9,0x00A9,0x00CA,0x00CA,0x00A9,0x00C9,0x00C9,0x00C9,0x00C9,0x20C5,
    0x20C5,0x00C9,0x1107,0x00A7,0x0087,0x08A4,0x08A4,0x10E7,0x00A9,0x00A7,0x10E5,0x08E7,0x08E7,0x10E7,0x2948,0x1105,0x00A9,0x08EA,0x00EA,0x08EA,0x00C9,0x00A9,0x00CA,0x00CA,0x00CA,0x00C9,0x00C9,0x00CA,0x0907,0x08E7,0x00CA,0x00CA,0x08EB,0x00EA,0x00CA,0x00C9,0x00CA,0x00CA,0x00CA,0x00CA,0x00C9,0x00C9,0x00C9,0x00CA,0x20C5,
    0x28E5,0x08A6,0x00A7,0x00A9,0x00C9,0x10C5,0x10C5,0x00C9,0x00A7,0x08A4,0x08A4,0x08E7,0x00C9,0x00C9,0x00C9,0x00C9,0x00CA,0x08EA,0x08EA,0x00A9,0x00CA,0x00CA,0x00CA,0x00CA,0x00CA,0x00CA,0x00CA,0x00C9,0x00C9,0x00EA,0x00CA,0x00EB,0x08EA,0x00CA,0x08EB,0x00CA,0x00C9,0x00CA,0x00CA,0x00CA,0x00C9,0x2169,0x08EA,0x00CA,0x20C5,
    0x28E5,0x08A6,0x10C5,0x00CA,0x00A9,0x20C5,0x20C5,0x00A9,0x08A4,0x08A4,0x00A7,0x10E5,0x3105,0x1107,0x00EA,0x090B,0x00EA,0x00CA,0x08EA,0x6B4B,0x29AB,0x00CA,0x00CA,0x00CA,0x00CA,0x00CA,0x00C9,0x00EA,0x00EB,0x00EB,0x00EB,0x00EA,0x00EA,0x08EB,0x08EB,0x00CA,0x00CA,0x00CA,0x00CA,0x00CA,0x00CA,0x1109,0x00C9,0x00CA,0x1907,
    0x28E5,0x00A7,0x08E4,0x00C9,0x00C9,0x20C5,0x10C5,0x10C5,0x10C5,0x00A9,0x0907,0x08A6,0x0907,0x0907,0x00C9,0x090B,0x090B,0x08EA,0x6B4B,0x6B4B,0x092D,0x090B,0x00EA,0x00EB,0x00EA,0x00CA,0x00CA,0x00EA,0x00EB,0x00EB,0x00EB,0x00EA,0x00EA,0x00EA,0x00EA,0x00EB,0x00CA,0x00CA,0x00CA,0x00CA,0x00CA,0x00CA,0x00C9,0x00CA,0x1907,
    0x20C5,0x00C9,0x08A4,0x08A6,0x00A7,0x20C5,0x28E5,0x20C5,0x08EB,0x00EB,0x2948,0x1907,0x00A9,0x00C9,0x08EA,0x090B,0x00EB,0x6B4B,0x6B4B,0x31CC,0x092D,0x090B,0x090B,0x00EB,0x00EB,0x00EA,0x00EA,0x00EA,0x00EB,0x090C,0x090B,0x00CA,0x08EA,0x00CA,0x00CA,0x00CA,0x092B,0x090C,0x00CA,0x00EA,0x00CA,0x00CA,0x00CA,0x00CA,0x1907,
    0x28E5,0x00EA,0x00C9,0x08A4,0x08A6,0x20C5,0x28E5,0x00A9,0x00EB,0x00EA,0x00EA,0x08EA,0x08EA,0x00EA,0x08EB,0x090B,0x092D,0x6B4B,0x6B4B,0x31CC,0x092D,0x090B,0x08EB,0x090B,0x00EA,0x00EA,0x08EB,0x08EB,0x00EB,0x092B,0x21AA,0x00CA,0x00EA,0x00CA,0x00EB,0x00EB,0x092D,0x010C,0x00EA,0x00EB,0x00EB,0x00EB,0x00EA,0x00EA,0x1907,
    0x28E5,0x00CA,0x00EB,0x08A4,0x08A4,0x20C5,0x08A4,0x00CA,0x08EB,0x00EB,0x00EB,0x00EA,0x00C9,0x08EA,0x08EB,0x090B,0x29AB,0x6B4B,0x6B4B,0x31CC,0x090C,0x092B,0x090C,0x00EB,0x00EB,0x00EB,0x00EB,0x00EA,0x08EA,0x00CA,0x00EB,0x08EB,0x00EA,0x08EB,0x08EB,0x00EA,0x00CA,0x00EB,0x08EB,0x08EB,0x00EB,0x00EB,0x00EA,0x00EA,0x1907,
    0x28E5,0x00CA,0x00EB,0x08A6,0x08A4,0x3105,0x0087,0x00EB,0x00C9,0x08E7,0x090C,0x1109,0x1105,0x00CA,0x090B,0x090B,0x092D,0x6B4B,0x6B4B,0x6B4B,0x31CC,0x010C,0x092D,0x6B4B,0x090B,0x00EB,0x08EB,0x00EA,0x00CA,0x00CA,0x00EA,0x00EA,0x08EB,0x00EA,0x00EA,0x00EA,0x08EB,0x00EB,0x00EB,0x08EB,0x00CA,0x090C,0x092B,0x00EA,0x1907,
    0x28E5,0x00CA,0x00CA,0x08A6,0x28E5,0x28E4,0x00C9,0x00EB,0x00C9,0x1105,0x00C9,0x1947,0x1109,0x00CA,0x08EA,0x092B,0x090C,0x6B4B,0x6B4B,0x6B4B,0x6B4B,0x6B4B,0x6B4B,0x6B4B,0x00EB,0x00EB,0x08EB,0x00EB,0x00EA,0x092B,0x00EA,0x08EB,0x08EB,0x08EB,0x00EB,0x00EA,0x08EB,0x08EB,0x00EB,0x08EB,0x00EB,0x00EB,0x00EB,0x08EB,0x1907,
    0x20C5,0x08EB,0x00CA,0x10C5,0x3105,0x20C5,0x00EB,0x010C,0x00C9,0x08E4,0x1107,0x00C9,0x08EA,0x1929,0x08EA,0x090B,0x090B,0x090B,0x6B4B,0x6B4B,0x6B4B,0x6B4B,0x6B4B,0x010C,0x090C,0x090B,0x00EB,0x00EB,0x00EB,0x090C,0x00CA,0x090B,0x08EB,0x090C,0x08EB,0x08EA,0x00EB,0x00EB,0x00EB,0x00EB,0x00EB,0x00EB,0x00EB,0x08EB,0x1907,
    0x28E5,0x08EB,0x00C9,0x08A4,0x3105,0x1907,0x00EB,0x090C,0x10C5,0x1907,0x08E7,0x00A7,0x10E7,0x1947,0x1968,0x08EB,0x090B,0x092B,0x092D,0x31CC,0x6B4B,0x31CC,0x090C,0x092B,0x00EB,0x00EB,0x00EB,0x090B,0x090B,0x00EA,0x08EA,0x08EA,0x00EA,0x00EA,0x00EA,0x08EB,0x090C,0x00EB,0x6B4B,0x31CC,0x00EB,0x090B,0x08EB,0x00EB,0x1907,
    0x2905,0x00EB,0x08A6,0x20C5,0x28E4,0x00C9,0x00EB,0x10E7,0x28E5,0x08A6,0x08E7,0x00C9,0x1109,0x0907,0x00CA,0x090B,0x090B,0x090B,0x092B,0x092D,0x092D,0x092D,0x092B,0x090B,0x08EB,0x00EB,0x00EB,0x00EA,0x092B,0x090B,0x00CA,0x08EA,0x08EB,0x00EA,0x090C,0x090C,0x090C,0x00EB,0x6B4B,0x6B4B,0x00EB,0x090B,0x00EB,0x00EB,0x1907,
    0x20C5,0x08EA,0x08A4,0x28E5,0x28E5,0x0087,0x10C5,0x20C5,0x00C9,0x08E7,0x3105,0x1947,0x00EB,0x090C,0x090C,0x090B,0x08EB,0x090B,0x090B,0x092B,0x092B,0x090B,0x090B,0x08EB,0x00EB,0x00EB,0x08EB,0x00EA,0x090B,0x00EA,0x00EB,0x00EB,0x00EA,0x08EB,0x00EB,0x010C,0x010C,0x010C,0x090C,0x010C,0x090C,0x090B,0x00EB,0x090C,0x1907,
    0x28E5,0x00A7,0x08A4,0x28E5,0x20C5,0x20C5,0x20C5,0x08EA,0x092D,0x00C9,0x1107,0x1105,0x08EA,0x092D,0x090C,0x090B,0x08EB,0x00EA,0x00EA,0x090B,0x090C,0x00EB,0x08EB,0x090C,0x092D,0x010C,0x090C,0x090C,0x00EB,0x00EB,0x00EB,0x090C,0x00EB,0x00EB,0x090C,0x00EB,0x010C,0x010C,0x090C,0x090C,0x090B,0x08EB,0x090B,0x00EB,0x1907,
    0x28E5,0x08A4,0x20C5,0x28E4,0x3105,0x1907,0x00EA,0x090C,0x092D,0x090C,0x092B,0x1109,0x00C9,0x090C,0x090C,0x090C,0x00EB,0x094F,0x092D,0x00EB,0x00EB,0x090C,0x00EB,0x090C,0x010C,0x090C,0x00EB,0x090C,0x010C,0x090C,0x090C,0x092D,0x010C,0x010C,0x010C,0x010C,0x010C,0x010C,0x00EB,0x010C,0x00EB,0x090C,0x090C,0x010C,0x1907,
    0x28E4,0x10C5,0x2905,0x28E4,0x10C5,0x00EB,0x090C,0x08EB,0x090B,0x092D,0x094F,0x092D,0x090C,0x090B,0x090B,0x00EB,0x092D,0x094F,0x092D,0x00EB,0x094F,0x00EB,0x090C,0x090C,0x090C,0x00EB,0x010C,0x092D,0x092D,0x010C,0x092D,0x092D,0x092B,0x010C,0x092D,0x094E,0x010C,0x092D,0x090C,0x00EB,0x010C,0x010C,0x092D,0x010C,0x1907,
    0x28E4,0x2905,0x2905,0x20C5,0x08EA,0x094E,0x090C,0x090B,0x090B,0x010C,0x31CC,0x6B4B,0x092B,0x090C,0x090B,0x00EB,0x00EB,0x00EB,0x090C,0x00EB,0x090C,0x08EB,0x090C,0x094E,0x092D,0x092D,0x092D,0x092D,0x092D,0x092D,0x092D,0x010C,0x29AB,0x092D,0x092D,0x090C,0x090C,0x090C,0x090C,0x090C,0x010C,0x090C,0x092D,0x010C,0x1907,
    0x3105,0x2905,0x2905,0x10E7,0x092D,0x092D,0x094F,0x090C,0x092D,0x092D,0x092D,0x31CC,0x092D,0x00EB,0x090C,0x092D,0x090C,0x010C,0x090C,0x090C,0x08EB,0x092D,0x092D,0x092D,0x092D,0x092D,0x094E,0x092D,0x092D,0x092D,0x092D,0x092D,0x010C,0x092D,0x092D,0x090C,0x00EB,0x010C,0x092D,0x092D,0x010C,0x010C,0x090C,0x010C,0x1907,
    0x3105,0x2905,0x28E5,0x00C9,0x092D,0x092D,0x094F,0x092D,0x090C,0x092D,0x090C,0x010C,0x092D,0x092D,0x092D,0x010C,0x092D,0x092D,0x092D,0x092D,0x092D,0x092D,0x092D,0x092D,0x092D,0x092D,0x010C,0x094E,0x092D,0x092D,0x092D,0x092D,0x094E,0x092D,0x092D,0x010C,0x092D,0x010C,0x092D,0x092D,0x092D,0x29AB,0x092D,0x092D,0x2948,
    0x28E4,0x28E5,0x10C5,0x00EB,0x092D,0x092D,0x010C,0x092D,0x092D,0x092D,0x092D,0x094F,0x094E,0x094F,0x092D,0x31CC,0x094F,0x094E,0x094E,0x094E,0x094E,0x092D,0x094E,0x094E,0x094E,0x31CC,0x6B4B,0x094E,0x094E,0x092D,0x092D,0x092D,0x092D,0x092D,0x092D,0x092D,0x092D,0x010C,0x092D,0x010C,0x092D,0x094F,0x094E,0x094E,0x2948,
    0x28E4,0x28E5,0x10C5,0x010C,0x092D,0x092D,0x29AB,0x094F,0x094F,0x094E,0x094F,0x094F,0x094F,0x094F,0x094E,0x31CC,0x094F,0x094E,0x094E,0x094E,0x094E,0x094E,0x094E,0x094E,0x092D,0x31CC,0x6B4B,0x094E,0x094E,0x092D,0x092D,0x094E,0x094F,0x094E,0x094E,0x094E,0x090C,0x092D,0x094E,0x29AB,0x094E,0x094E,0x094E,0x094E,0x2948,
    0x3105,0x20C5,0x08E7,0x092D,0x092D,0x092D,0x094F,0x094F,0x094E,0x094E,0x094E,0x094F,0x094F,0x094E,0x094E,0x094E,0x094E,0x092D,0x094E,0x094E,0x094E,0x094E,0x094E,0x094E,0x094E,0x094E,0x094E,0x094E,0x094F,0x094E,0x094E,0x094E,0x094F,0x094F,0x094E,0x094E,0x094E,0x094E,0x094E,0x092B,0x094E,0x094E,0x094E,0x094E,0x2948,
    0x3105,0x20C5,0x00EB,0x094F,0x094E,0x094E,0x094E,0x094E,0x094F,0x094F,0x094F,0x094F,0x0970,0x094F,0x094F,0x094F,0x094F,0x094E,0x094F,0x094F,0x094E,0x094E,0x094E,0x094E,0x094E,0x094E,0x094F,0x094E,0x094E,0x094E,0x094E,0x094F,0x094F,0x094F,0x094F,0x094E,0x094F,0x094E,0x094E,0x094E,0x094F,0x094E,0x094F,0x094F,0x2948,
    0x3105,0x20C5,0x08EB,0x0970,0x094F,0x094E,0x094E,0x094F,0x0970,0x094E,0x092D,0x092D,0x094F,0x0970,0x094F,0x094F,0x0970,0x094F,0x094F,0x0970,0x094F,0x094F,0x0970,0x094E,0x094E,0x094E,0x094E,0x094E,0x094E,0x094E,0x094E,0x31CC,0x094F,0x094F,0x094F,0x094F,0x094F,0x0970,0x094F,0x0970,0x0970,0x094F,0x094E,0x094F,0x2948,
    0x3105,0x20C5,0x090B,0x0970,0x094F,0x094F,0x094E,0x092D,0x090C,0x00EA,0x00CA,0x00CA,0x08EB,0x092D,0x094E,0x094F,0x0970,0x0970,0x0970,0x0970,0x0970,0x0970,0x0970,0x0970,0x0970,0x094F,0x094E,0x094F,0x094E,0x0970,0x0970,0x094F,0x0970,0x0970,0x0970,0x0970,0x094F,0x092D,0x092D,0x092D,0x094F,0x094F,0x094E,0x094E,0x2948,
    0x3105,0x20C5,0x090B,0x094F,0x090C,0x00EB,0x08EA,0x08EA,0x00CA,0x08EA,0x00CA,0x00CA,0x00CA,0x00EA,0x00EA,0x090C,0x094F,0x0970,0x0970,0x0970,0x0970,0x0970,0x0970,0x0970,0x0970,0x0970,0x0970,0x0970,0x0970,0x0970,0x0970,0x0970,0x0970,0x0970,0x094F,0x092D,0x08EB,0x00CA,0x00C9,0x00C9,0x00CA,0x08EB,0x094E,0x094E,0x2948,
    0x28E4,0x20C5,0x00C9,0x00EB,0x00C9,0x00C9,0x08EA,0x00EA,0x08EA,0x00CA,0x00C9,0x00C9,0x00EA,0x00EB,0x00EA,0x00C9,0x08EA,0x092D,0x094E,0x0970,0x0970,0x094F,0x0970,0x0970,0x0970,0x0970,0x0970,0x0970,0x0970,0x0970,0x0970,0x0970,0x094F,0x092D,0x08EA,0x00CA,0x00CA,0x00CA,0x00C9,0x00C9,0x00C9,0x00C9,0x00CA,0x00CA,0x2905,
    0x28E4,0x20C5,0x00A7,0x00EA,0x00A7,0x00CA,0x08EB,0x08EA,0x08EA,0x08EA,0x00CA,0x00C9,0x00CA,0x00EA,0x00EA,0x00CA,0x00CA,0x00CA,0x00CA,0x010C,0x094F,0x0970,0x0970,0x0970,0x0970,0x0970,0x0970,0x0970,0x0970,0x0970,0x094F,0x090C,0x00EA,0x00EA,0x08EA,0x00CA,0x00CA,0x00CA,0x00C9,0x00C9,0x00C9,0x00C9,0x00CA,0x00CA,0x20C5,
    0x28E4,0x20C5,0x10C5,0x08E7,0x0907,0x08E7,0x1109,0x00CA,0x08EA,0x08EA,0x00EA,0x00CA,0x00CA,0x08EA,0x00CA,0x00EA,0x08EA,0x00EA,0x00CA,0x00EA,0x00EB,0x090C,0x092D,0x0970,0x0970,0x0970,0x0970,0x0970,0x092D,0x090B,0x00EA,0x00EA,0x00EA,0x00EA,0x00CA,0x00EA,0x08EA,0x00EA,0x00CA,0x00C9,0x00A9,0x0907,0x08E7,0x00C9,0x2905,
    0x28E4,0x20C5,0x10C5,0x0907,0x0907,0x1947,0x3105,0x00A7,0x00C9,0x08EA,0x090C,0x00EB,0x00CA,0x00EA,0x00EB,0x00CA,0x08EA,0x00EA,0x00EA,0x00EA,0x08EB,0x08EA,0x08EA,0x08EA,0x090C,0x094E,0x092D,0x090C,0x00EA,0x00CA,0x00EA,0x00EA,0x00EA,0x00EA,0x00CA,0x00CA,0x00CA,0x08EA,0x00CA,0x08E7,0x08A6,0x1105,0x0907,0x0907,0x2905,
    0x28E4,0x10E5,0x20C5,0x08A6,0x08E7,0x1947,0x3105,0x10E5,0x00C9,0x08EA,0x00CA,0x00EB,0x00CA,0x00C9,0x08EB,0x00EB,0x08EB,0x00EB,0x08EB,0x00EA,0x08EB,0x00EA,0x00C9,0x00C9,0x00C9,0x00CA,0x00C9,0x00CA,0x00EA,0x00EA,0x00EB,0x00EB,0x00EB,0x08EB,0x00EA,0x08EA,0x1109,0x00C9,0x00CA,0x1947,0x2905,0x10E5,0x1105,0x0907,0x28E4,
    0x28E4,0x10E5,0x20C5,0x10C5,0x0907,0x0907,0x0907,0x1105,0x00C9,0x00C9,0x00A9,0x00CA,0x00CA,0x00CA,0x00CA,0x00EA,0x00EA,0x00EB,0x00EB,0x00EA,0x00C9,0x00CA,0x00CA,0x08EB,0x00EB,0x090C,0x00EB,0x08EB,0x00CA,0x00C9,0x00CA,0x00EA,0x00EA,0x00CA,0x00EA,0x08EA,0x08EA,0x00C9,0x00C9,0x0907,0x1947,0x1105,0x08E4,0x08E4,0x28E4,
    0x28E4,0x08A4,0x10E5,0x08A4,0x10C5,0x2905,0x08E4,0x1105,0x00A7,0x08E7,0x20C5,0x00C9,0x00C9,0x00C9,0x00A7,0x00C9,0x00C9,0x08EA,0x00CA,0x00EA,0x08EB,0x090C,0x00EB,0x00EB,0x08EB,0x08EB,0x00EB,0x00EB,0x090C,0x090B,0x00CA,0x00CA,0x00A7,0x08A6,0x00CA,0x08EA,0x00C9,0x08A6,0x08A6,0x0907,0x0907,0x08E4,0x08E4,0x08A4,0x28E4,
    0x3105,0x1105,0x08A4,0x10E5,0x3105,0x3105,0x08E4,0x0907,0x08A6,0x2905,0x3105,0x10E7,0x00C9,0x00A7,0x3105,0x1107,0x00CA,0x00C9,0x00C9,0x00CA,0x00EB,0x090C,0x090C,0x090C,0x00EB,0x00EB,0x00EB,0x00EB,0x08EB,0x08EA,0x00EA,0x08EA,0x1907,0x3105,0x00C9,0x00EA,0x08E7,0x3105,0x3105,0x08E4,0x0907,0x08A4,0x3105,0x28E5,0x28E4,
    0x3105,0x2905,0x08A4,0x08A4,0x2905,0x3105,0x08E4,0x08A6,0x08A6,0x2905,0x3105,0x10C5,0x00A7,0x08A6,0x3105,0x1907,0x00A9,0x1907,0x2905,0x00CA,0x00C9,0x00CA,0x08EB,0x090C,0x092D,0x090C,0x00EB,0x00EB,0x1109,0x20C5,0x00C9,0x00A9,0x3105,0x3105,0x00A7,0x00C9,0x0907,0x3105,0x28E4,0x08A4,0x0907,0x08E4,0x3105,0x20C5,0x28E4,
    0x3105,0x3105,0x28E5,0x28E5,0x28E4,0x3105,0x20C5,0x3105,0x2905,0x2905,0x3105,0x20C5,0x3105,0x20C5,0x3105,0x20C5,0x10E7,0x2905,0x2905,0x08E7,0x10C5,0x00C9,0x00C9,0x00CA,0x00CA,0x00CA,0x00C9,0x0087,0x10E7,0x28E4,0x10C5,0x1907,0x3105,0x3105,0x20C5,0x3105,0x2905,0x3105,0x28E5,0x20C5,0x2905,0x20C5,0x3105,0x28E5,0x3105,
    0x3105,0x28E4,0x3105,0x28E4,0x28E5,0x3105,0x20C5,0x3105,0x2905,0x2905,0x3105,0x20C5,0x3105,0x20C5,0x3105,0x2905,0x2905,0x2905,0x20C5,0x20C5,0x20C5,0x00A9,0x00CA,0x00CA,0x00CA,0x00CA,0x08A6,0x10C5,0x10C5,0x20C5,0x20C5,0x2905,0x3105,0x3105,0x20C5,0x3105,0x20C5,0x3105,0x2905,0x20C5,0x3105,0x28E5,0x3105,0x3105,0x3105,
    0x3105,0x20C5,0x08A4,0x08A4,0x20C5,0x3105,0x10E5,0x08E4,0x08A4,0x20C5,0x3105,0x10C5,0x08E4,0x08E4,0x3105,0x20C5,0x08A4,0x28E5,0x20C5,0x08A6,0x10C5,0x08A6,0x10E7,0x08E7,0x08E7,0x10E7,0x10E5,0x1105,0x10C5,0x28E5,0x08A4,0x08A4,0x3105,0x3105,0x08A4,0x08A4,0x08A4,0x3105,0x2905,0x08A4,0x08A4,0x10E5,0x3105,0x20C5,0x28E4,
    0x3105,0x10E5,0x08E4,0x08E4,0x20C5,0x3105,0x10E5,0x1105,0x1105,0x20C5,0x3105,0x10E5,0x1105,0x1105,0x2905,0x1105,0x1105,0x20C5,0x20C5,0x0907,0x0907,0x1907,0x1907,0x1907,0x1907,0x20C5,0x20C5,0x1105,0x10E5,0x20C5,0x10E5,0x1105,0x2905,0x2905,0x10E5,0x1105,0x08E4,0x3105,0x28E5,0x08E4,0x08E4,0x10E5,0x3105,0x20C5,0x3105,
    0x3105,0x1105,0x1105,0x1105,0x20C5,0x3105,0x10E5,0x1105,0x1105,0x10E5,0x28E4,0x10E5,0x1105,0x10E5,0x10C5,0x10E5,0x1105,0x08A4,0x10E5,0x1105,0x1105,0x08E7,0x1109,0x1109,0x10E7,0x08E7,0x08A6,0x08A6,0x08A6,0x08A6,0x08A6,0x1105,0x20C5,0x20C5,0x10E5,0x1105,0x08E4,0x28E5,0x28E5,0x08A4,0x1105,0x1105,0x3105,0x1105,0x3105,
    0x28E4,0x1105,0x1947,0x08E4,0x10E5,0x2905,0x10C5,0x10E5,0x08E4,0x08A4,0x10E5,0x08E4,0x1105,0x1947,0x1105,0x1107,0x1105,0x1105,0x0907,0x1107,0x1105,0x10C5,0x10E7,0x1109,0x1109,0x1109,0x10E7,0x10C5,0x08E7,0x10E7,0x10E7,0x1105,0x08E4,0x10C5,0x08A6,0x10E5,0x08A4,0x08A4,0x20C5,0x08E4,0x1105,0x1105,0x28E5,0x10E5,0x3105,
    0x28E4,0x08A4,0x1105,0x1105,0x1105,0x10E5,0x1105,0x1105,0x1105,0x1105,0x08A4,0x1105,0x1105,0x1947,0x2905,0x1907,0x1105,0x1107,0x10E7,0x10E7,0x1109,0x1109,0x1109,0x1109,0x1109,0x10E7,0x10E7,0x10E7,0x1109,0x1929,0x1107,0x1105,0x10E5,0x10E5,0x1105,0x1105,0x1105,0x08A4,0x08A4,0x1105,0x1105,0x10E5,0x1105,0x1105,0x3105,
    0x28E4,0x08A4,0x10E5,0x1968,0x1968,0x08E4,0x2905,0x1105,0x1947,0x1105,0x1105,0x1105,0x1107,0x10E7,0x1107,0x10E7,0x10E7,0x10E7,0x10E7,0x1109,0x1929,0x1929,0x1929,0x1109,0x1109,0x1109,0x1109,0x10E7,0x1109,0x1109,0x1109,0x10E7,0x10E7,0x08A6,0x10C5,0x10C5,0x10E5,0x1105,0x08E4,0x1105,0x1105,0x1105,0x1105,0x1105,0x3105,
    0x3105,0x1105,0x1105,0x1107,0x08A6,0x08A4,0x08E4,0x08E4,0x08E4,0x08E4,0x1105,0x10C5,0x1107,0x1109,0x1929,0x1109,0x10E7,0x1929,0x1929,0x1929,0x2169,0x29AB,0x29AB,0x29AB,0x29AB,0x21AA,0x2169,0x1109,0x10E7,0x1109,0x1929,0x10E7,0x10C5,0x10C5,0x08A6,0x08A6,0x1105,0x1105,0x08E4,0x1109,0x10E7,0x1105,0x0907,0x10E5,0x3105,
    0x3105,0x1105,0x1105,0x10C5,0x1105,0x3105,0x3105,0x08A4,0x10C5,0x10E7,0x10E7,0x10E7,0x1929,0x1929,0x1929,0x2169,0x2169,0x1949,0x1949,0x1949,0x1109,0x1929,0x2169,0x2169,0x29AB,0x2169,0x1929,0x21AA,0x21AA,0x2169,0x1109,0x10E7,0x10E7,0x10E7,0x10E7,0x10C5,0x10E5,0x08E4,0x1105,0x2169,0x1929,0x10C5,0x1107,0x0907,0x28E4,
    0x28E4,0x1105,0x2905,0x10E5,0x3105,0x2905,0x3105,0x1105,0x10E7,0x1929,0x1109,0x1949,0x21AA,0x29AB,0x2169,0x29AB,0x31CC,0x29AB,0x29AB,0x31CC,0x29AB,0x2169,0x1929,0x1929,0x1929,0x1929,0x21AA,0x29AB,0x29AB,0x2169,0x1929,0x1929,0x1929,0x1929,0x1109,0x10E7,0x10E7,0x10E7,0x1105,0x1105,0x08A6,0x08EA,0x10C5,0x08E4,0x28E4,
    0x28E4,0x2905,0x2905,0x1105,0x1105,0x08A6,0x10E5,0x1105,0x10C5,0x1109,0x1929,0x1109,0x1929,0x2169,0x29AB,0x31CC,0x31CC,0x29AB,0x2169,0x1929,0x1949,0x2169,0x1949,0x1929,0x1929,0x1929,0x1929,0x1929,0x1929,0x29AB,0x21AA,0x21AA,0x2169,0x1929,0x1929,0x1109,0x10E7,0x10E7,0x1105,0x1105,0x10E5,0x1947,0x1105,0x1105,0x28E4,
    0x3105,0x1105,0x1105,0x1105,0x10C5,0x10E7,0x10E7,0x1929,0x1929,0x2169,0x31CC,0x29AB,0x2169,0x1929,0x1929,0x21AA,0x21AA,0x21AA,0x21AA,0x21AA,0x21AA,0x29AB,0x31CC,0x29AB,0x29AB,0x31CC,0x29AB,0x2169,0x1929,0x1929,0x1929,0x1929,0x1929,0x2169,0x1929,0x10E7,0x10E7,0x10E7,0x1107,0x10C5,0x1105,0x1105,0x1105,0x08E4,0x28E4,
    0x3105,0x0907,0x10E7,0x10E7,0x1107,0x10E7,0x10E7,0x2169,0x29AB,0x31CC,0x31CC,0x31CC,0x31CC,0x2169,0x10E7,0x1929,0x2169,0x31CC,0x31CC,0x31CC,0x31CC,0x31CC,0x31CC,0x31CC,0x31CC,0x29AB,0x2169,0x2169,0x2169,0x2169,0x1929,0x1929,0x10E7,0x10E7,0x10E7,0x1929,0x2169,0x2169,0x1929,0x1107,0x10E7,0x10C5,0x08A4,0x1105,0x3105,
    0x28E4,0x10E7,0x1109,0x2948,0x2948,0x10C5,0x1949,0x2169,0x2169,0x29AB,0x29AB,0x29AB,0x1949,0x1109,0x2169,0x29AB,0x29AB,0x2169,0x21AA,0x31CC,0x31CC,0x31CC,0x31CC,0x31CC,0x31CC,0x31CC,0x29AB,0x21AA,0x31CC,0x31CC,0x29AB,0x29AB,0x21AA,0x1929,0x10E7,0x1929,0x21AA,0x2169,0x1929,0x1109,0x10E7,0x10C5,0x1105,0x1105,0x3105,
    0x28E4,0x1105,0x1947,0x3105,0x3105,0x3105,0x1949,0x1949,0x2169,0x1929,0x1929,0x1929,0x1949,0x21AA,0x29AB,0x31CC,0x31CC,0x31CC,0x31CC,0x29AB,0x31CC,0x31CC,0x31CC,0x29AB,0x29AB,0x31CC,0x31CC,0x29AB,0x31CC,0x31CC,0x31CC,0x31CC,0x31CC,0x2169,0x1949,0x1109,0x1109,0x1109,0x1109,0x1907,0x1907,0x10E7,0x2905,0x1105,0x3105,
    0x28E4,0x1105,0x1105,0x1105,0x1105,0x1947,0x1949,0x1947,0x1107,0x2169,0x2169,0x2169,0x2169,0x31CC,0x31CC,0x31CC,0x31CC,0x31CC,0x31CC,0x31CC,0x29AB,0x31CC,0x31CC,0x29AB,0x31CC,0x29AB,0x29AB,0x29AB,0x31CC,0x31CC,0x29AB,0x2169,0x21AA,0x2169,0x2169,0x1949,0x1929,0x1109,0x1109,0x3105,0x3105,0x10E7,0x10E5,0x1105,0x3105,
    0x28E4,0x08E4,0x10C5,0x1105,0x1105,0x1929,0x1947,0x3105,0x2169,0x31CC,0x31CC,0x31CC,0x29AB,0x29AB,0x31CC,0x31CC,0x31CC,0x31CC,0x31CC,0x31CC,0x31CC,0x31CC,0x31CC,0x31CC,0x31CC,0x31CC,0x29AB,0x29AB,0x2169,0x2169,0x1929,0x1929,0x29AB,0x29AB,0x29AB,0x2169,0x2169,0x2169,0x1949,0x1107,0x2905,0x10E5,0x08A6,0x1105,0x3105,
    0x28E4,0x1105,0x1105,0x1105,0x1105,0x1109,0x1947,0x2169,0x31CC,0x31CC,0x29AB,0x31CC,0x29AB,0x2169,0x31CC,0x31CC,0x29AB,0x29AB,0x31CC,0x31CC,0x31CC,0x31CC,0x31CC,0x31CC,0x31CC,0x31CC,0x31CC,0x31CC,0x31CC,0x29AB,0x1949,0x31CC,0x31CC,0x31CC,0x29AB,0x2169,0x1907,0x1107,0x1107,0x1107,0x1105,0x10E5,0x10E5,0x2905,0x3105,
    0x28E4,0x1105,0x1105,0x08E4,0x1109,0x1109,0x1947,0x1929,0x21AA,0x2169,0x2169,0x29AB,0x2169,0x1949,0x1929,0x1929,0x2169,0x29AB,0x31CC,0x31CC,0x31CC,0x31CC,0x31CC,0x31CC,0x31CC,0x31CC,0x31CC,0x31CC,0x31CC,0x1929,0x1929,0x21AA,0x2169,0x2169,0x1949,0x1109,0x3105,0x3105,0x1105,0x10C5,0x10C5,0x10E5,0x2905,0x1105,0x3105,
    0x28E4,0x1105,0x1105,0x10C5,0x0970,0x094F,0x08A4,0x1109,0x1929,0x1109,0x1109,0x1949,0x1929,0x1949,0x2169,0x1929,0x1929,0x29AB,0x29AB,0x31CC,0x31CC,0x31CC,0x31CC,0x31CC,0x31CC,0x31CC,0x29AB,0x21AA,0x1949,0x2169,0x1929,0x1929,0x1107,0x1929,0x1929,0x1929,0x1107,0x3105,0x3105,0x10E5,0x10E5,0x2905,0x2905,0x1105,0x3105,
    0x28E4,0x08E4,0x1109,0x092B,0x094F,0x092B,0x00C9,0x1109,0x1907,0x1947,0x3105,0x2905,0x29AB,0x29AB,0x31CC,0x31CC,0x29AB,0x2169,0x1929,0x1949,0x29AB,0x29AB,0x31CC,0x29AB,0x29AB,0x1949,0x1949,0x31CC,0x31CC,0x31CC,0x31CC,0x29AB,0x1109,0x1907,0x2905,0x1949,0x10E7,0x2905,0x2905,0x1105,0x1105,0x1105,0x1105,0x1105,0x3105,
    0x28E4,0x1105,0x094F,0x0970,0x3105,0x29AB,0x0970,0x092B,0x1105,0x3105,0x3105,0x1929,0x29AB,0x31CC,0x31CC,0x31CC,0x31CC,0x31CC,0x31CC,0x21AA,0x1929,0x1929,0x1109,0x1107,0x2169,0x29AB,0x29AB,0x31CC,0x31CC,0x31CC,0x31CC,0x31CC,0x2169,0x10E7,0x3105,0x3105,0x1107,0x10E5,0x1105,0x10E5,0x0907,0x1105,0x1105,0x1105,0x28E4,
    0x28E4,0x1105,0x08E7,0x08EA,0x0970,0x0970,0x092D,0x08A4,0x1105,0x3105,0x1107,0x1929,0x1929,0x1929,0x21AA,0x29AB,0x29AB,0x31CC,0x29AB,0x1929,0x21AA,0x2169,0x1949,0x2169,0x1929,0x21AA,0x29AB,0x2169,0x2169,0x1949,0x1949,0x1949,0x1949,0x1929,0x1907,0x3105,0x1105,0x1105,0x0907,0x08EA,0x0970,0x08E7,0x08A4,0x08E4,0x3105,
    0x28E4,0x08E4,0x08A4,0x092B,0x0970,0x00C9,0x092B,0x08A4,0x1105,0x0907,0x10E7,0x10C5,0x1105,0x2948,0x1907,0x1929,0x2169,0x1949,0x1949,0x29AB,0x31CC,0x29AB,0x21AA,0x31CC,0x29AB,0x1929,0x1949,0x2169,0x2169,0x1949,0x1929,0x1929,0x1109,0x1109,0x1107,0x1105,0x1105,0x08E4,0x0907,0x094F,0x0970,0x08EA,0x08EA,0x10E5,0x3105,
    0x28E4,0x1105,0x08E4,0x08A4,0x08E4,0x08A4,0x08E4,0x1105,0x08A4,0x00CA,0x092B,0x1105,0x3105,0x3105,0x1907,0x1929,0x1929,0x1929,0x1929,0x2169,0x21AA,0x21AA,0x2169,0x2169,0x21AA,0x1929,0x1949,0x2169,0x1929,0x1109,0x1929,0x10E7,0x3105,0x3105,0x10C5,0x1105,0x1105,0x092B,0x0970,0x092B,0x2948,0x092B,0x0970,0x08A6,0x28E4,
    0x3105,0x1105,0x1105,0x08A4,0x10E5,0x08E4,0x08E4,0x08E4,0x08A4,0x08EA,0x29AB,0x1968,0x2948,0x1107,0x1107,0x1109,0x1109,0x10E7,0x1109,0x1929,0x1929,0x2169,0x2169,0x1949,0x1109,0x10E7,0x1109,0x1929,0x1107,0x2905,0x1907,0x10E7,0x2905,0x3105,0x2905,0x08E4,0x08E4,0x1107,0x08EA,0x092B,0x2989,0x092B,0x08A6,0x08A4,0x28E4,
    0x28E4,0x1105,0x1105,0x08E4,0x10E5,0x08A4,0x1105,0x1105,0x1105,0x1107,0x3105,0x2169,0x1109,0x08A6,0x10E7,0x10E7,0x10C5,0x10E7,0x1929,0x2169,0x2169,0x2169,0x2169,0x2169,0x1949,0x1107,0x1109,0x1109,0x10E7,0x3105,0x3105,0x1947,0x10C5,0x2905,0x3105,0x08E4,0x08E4,0x08E4,0x08E7,0x0970,0x08EA,0x0970,0x08A6,0x1105,0x3105,
    0x28E4,0x1105,0x1947,0x10E5,0x08E4,0x08E4,0x1105,0x1105,0x08A4,0x10E7,0x1109,0x00C9,0x08A4,0x10C5,0x1105,0x3105,0x2905,0x1109,0x1929,0x1929,0x1109,0x1109,0x1109,0x1929,0x1107,0x10E7,0x1109,0x1107,0x10E7,0x1105,0x3105,0x3105,0x10E5,0x1105,0x1105,0x08A4,0x08A4,0x08E4,0x08A6,0x00C9,0x08A4,0x08E7,0x10E5,0x08E4,0x28E4,
    0x28E4,0x08E4,0x1105,0x1105,0x08E4,0x1105,0x1105,0x08A4,0x08A4,0x0907,0x0907,0x0907,0x08E4,0x2905,0x3105,0x1105,0x08A6,0x10E7,0x1107,0x10E7,0x10E7,0x10E7,0x08A6,0x10E7,0x10E7,0x10E7,0x1107,0x10E7,0x1107,0x10C5,0x28E4,0x3105,0x1947,0x10E5,0x08E4,0x08A6,0x094F,0x092B,0x08E4,0x08E4,0x08A4,0x08E4,0x08A4,0x08A4,0x28E4,
    0x28E4,0x08A4,0x08A4,0x1105,0x08E4,0x08E4,0x08E4,0x08E4,0x08E4,0x08E4,0x08A4,0x08A4,0x1105,0x3105,0x1105,0x08A4,0x10E5,0x2905,0x1105,0x10E7,0x1109,0x1109,0x1109,0x1109,0x1109,0x10C5,0x1105,0x3105,0x10E5,0x08A4,0x10E5,0x1105,0x1105,0x08E4,0x10C5,0x0970,0x0970,0x090B,0x08E4,0x1105,0x08E4,0x08A4,0x1105,0x1105,0x3105,
    0x28E4,0x08A4,0x08A4,0x08E4,0x10E5,0x08A4,0x08E4,0x1105,0x1105,0x08E4,0x08E4,0x08E4,0x08E4,0x08E4,0x08A4,0x10E5,0x3105,0x2905,0x10E5,0x10E7,0x1109,0x1109,0x1109,0x10E7,0x08A6,0x10C5,0x10E5,0x3105,0x3105,0x1105,0x10E5,0x08E4,0x08A4,0x1105,0x1105,0x1109,0x1109,0x0907,0x08E4,0x08E4,0x08E4,0x1105,0x1105,0x08E4,0x28E4,
    0x28E4,0x1105,0x1105,0x08A4,0x08E4,0x08A4,0x1105,0x1105,0x08E4,0x08A4,0x1105,0x1105,0x08E4,0x08A4,0x08A4,0x2905,0x1105,0x08A4,0x1105,0x1105,0x10C5,0x10E7,0x10E7,0x10C5,0x1105,0x2905,0x1105,0x08E4,0x2905,0x1947,0x10E5,0x08E4,0x1105,0x1105,0x1105,0x1105,0x1105,0x1105,0x1105,0x08E4,0x08E4,0x1105,0x1105,0x08A4,0x28E4,
    0x28E4,0x08E4,0x1105,0x08E4,0x08A4,0x08E4,0x1105,0x08A4,0x08E4,0x08A4,0x1105,0x08E4,0x1105,0x08A4,0x1105,0x1105,0x08A4,0x10E5,0x1105,0x1105,0x1107,0x10E7,0x10E7,0x1105,0x1105,0x2905,0x2905,0x08E4,0x08A4,0x1947,0x10E5,0x08E4,0x1105,0x1105,0x08E4,0x10E5,0x10E5,0x08E4,0x1105,0x1105,0x08A4,0x10E5,0x08A4,0x08E4,0x28E4,
    0x28E4,0x08A4,0x08A4,0x08A4,0x08A4,0x08A4,0x08A4,0x08A4,0x08A4,0x08A4,0x08A4,0x08A4,0x08A4,0x08A4,0x08E4,0x08A4,0x08A4,0x10C5,0x08A6,0x08E7,0x10E7,0x10E7,0x10E7,0x10E7,0x10C5,0x08A4,0x10E5,0x08E4,0x08A4,0x08E4,0x08E4,0x08A4,0x08A4,0x08E4,0x08E4,0x08A4,0x08A4,0x08A4,0x08E4,0x08E4,0x08A4,0x08A4,0x08A4,0x08A4,0x28E4,
    0x08A4,0x20C5,0x28E4,0x28E4,0x28E4,0x28E4,0x28E4,0x28E4,0x28E4,0x28E4,0x28E4,0x28E4,0x28E4,0x28E4,0x28E4,0x28E4,0x28E4,0x28E4,0x28E4,0x28E4,0x28E4,0x28E4,0x28E4,0x28E4,0x28E4,0x28E4,0x28E4,0x28E4,0x28E4,0x28E4,0x28E4,0x28E4,0x28E4,0x28E4,0x28E4,0x28E4,0x28E4,0x28E4,0x28E4,0x28E4,0x28E4,0x28E4,0x28E4,0x28E4,0x10C5,
  },
  {
    0x10E5,0x10E5,0x3A67,0x3A67,0x3A67,0x3A67,0x3A67,0x3A67,0x3A67,0x3A67,0x3A67,0x3A67,0x3A67,0x3A67,0x3A67,0x3A67,0x3A67,0x3A67,0x3A67,0x3A67,0x3A67,0x3A67,0x3A67,0x3A67,0x3A67,0x3A67,0x3A67,0x3A67,0x3A67,0x3A67,0x3A67,0x3A67,0x3A67,0x3A67,0x3A67,0x3A67,0x3A67,0x3A67,0x3A67,0x3A67,0x3A67,0x3A67,0x3A67,0x3A67,0x10E5,
    0x10E5,0x10E5,0x1269,0x1269,0x1269,0x442A,0x1269,0x1269,0x3BA9,0x1269,0x2B4A,0x2B4A,0x2B4A,0x5C69,0x2B4A,0x2B4A,0x2B4A,0x5C69,0x5C69,0x2B4A,0x2B4A,0x442A,0x74E9,0x442A,0x2B4A,0x7487,0x442A,0x3438,0x3C9B,0x3438,0x3438,0x3C9B,0x3C9B,0x3438,0x3438,0x3438,0x3438,0x3438,0x3438,0x3438,0x3438,0x3438,0x3438,0x3438,0x1269,
    0x10E5,0x3A67,0x1269,0x1269,0x2B4A,0x5C07,0x1269,0x1269,0x43E9,0x2B4A,0x442A,0x2B4A,0x2B4A,0x74E9,0x5C69,0x2B4A,0x2B4A,0x442A,0x7487,0x8D26,0x2B4A,0x442A,0x7487,0x442A,0x3438,0x2B4A,0x3438,0x349C,0x349C,0x3C9B,0x349C,0x349C,0x349C,0x349C,0x349C,0x3C9B,0x349C,0x349C,0x349C,0x349C,0x349C,0x349C,0x65BB,0x6E1B,0x442A,
    0x10E5,0x3A67,0x1269,0x2B4A,0x442A,0x1269,0x1269,0x442A,0x22E9,0x2B4A,0x5C69,0x5C66,0x2B4A,0x442A,0x7CE5,0x3BA9,0x3438,0x2B4A,0x3BA9,0x442A,0x3438,0x3438,0x2B4A,0x3438,0x349C,0x349C,0x349C,0x349C,0x349C,0x349C,0x349C,0x349C,0x349C,0x3C9B,0x3C9B,0x349C,0x349C,0x349C,0x349C,0x349C,0x3C9B,0xAE9A,0xFFBA,0xFFBA,0x9C2B,
    0x10E5,0x3A67,0x2B4A,0x1269,0x1269,0x22E9,0x3BA9,0x43E9,0x1269,0x1269,0x2B4A,0x5C07,0x2B4A,0x2B4A,0x2B4A,0x2B4A,0x2B4A,0x2B4A,0x2B4A,0x3BA9,0x5C69,0x3438,0x3C9B,0x349C,0x349C,0x349C,0x349C,0x349C,0x349C,0x349C,0x349C,0x349C,0x3C9B,0x3C9B,0x3C9B,0x349C,0x349C,0x3C9B,0x349C,0x349C,0xD6F9,0xFFBA,0xFFBA,0xFFBA,0x9C2B,
    0x10E5,0x3A67,0x442A,0x22E9,0x1269,0x2B4A,0x5C07,0x3BA9,0x2B4A,0x2B4A,0x2B4A,0x22E9,0x2B4A,0x1269,0x1269,0x3BA9,0x5C66,0x2B4A,0x5C69,0x5C66,0x74E9,0x7487,0x2B4A,0x349C,0x349C,0x349C,0x349C,0x349C,0x349C,0x349C,0x4D7C,0x44FD,0x44FB,0x349C,0x349C,0x349C,0x3C9B,0x3C9B,0x349C,0xAE9A,0xFFBA,0xFFBA,0xFFBA,0xFFBA,0x9C2B,
    0x10E5,0x3A67,0x3BA9,0x3BA9,0x22E9,0x1269,0x2B4A,0x2B4A,0x442A,0x74E9,0x3BA9,0x2B4A,0x2B4A,0x2B4A,0x442A,0x2B4A,0x7CE5,0x442A,0x3438,0x5C66,0x3438,0x7487,0x5C07,0x349C,0x349C,0x349C,0x349C,0x349C,0x349C,0x3CDD,0x4D7C,0x3CDD,0x349C,0x349C,0x3C9B,0x3C9B,0x349C,0x349C,0x349C,0xD6F9,0xFFBA,0xFFBA,0xFFBA,0xFFBA,0x9C2B,
    0x10E5,0x3A67,0x2B4A,0x1269,0x1269,0x22E9,0x2B4A,0x2B4A,0x2B4A,0x5C69,0x2B4A,0x2B4A,0x7487,0x8D26,0x5C69,0x3438,0x442A,0x442A,0x349C,0x442A,0x3438,0x442A,0x3BA9,0x3C9B,0x349C,0x349C,0x349C,0x349C,0x349C,0x349C,0x349C,0x349C,0x349C,0x349C,0x3C9B,0x44FB,0xAE9A,0xAE9A,0x3C9B,0xAE9A,0xFFBA,0xFFBA,0xEF59,0xEF59,0x756E,
    0x10E5,0x3A67,0x1269,0x2B4A,0x2B4A,0x1269,0x442A,0x74E9,0x2B4A,0x3438,0x3438,0x1269,0x3B28,0x3B68,0x2B4A,0x349C,0x349C,0x3C9B,0x3CDD,0x3C9B,0x349C,0x349C,0x349C,0x349C,0x349C,0x349C,0x349C,0x349C,0x349C,0x349C,0x349C,0x349C,0x349C,0x349C,0x44FD,0xD6F9,0xFFBA,0xFFBA,0xD6F9,0xEF59,0xFFBA,0xEF59,0xD6F9,0xD6F9,0x756E,
    0x10E5,0x3A67,0x22E9,0x349C,0x3438,0x43E9,0x5C69,0x442A,0x442A,0x2B4A,0x2B4A,0x22E9,0x3B68,0x43E9,0x442A,0x3438,0x3CDD,0x3CDD,0x349C,0x349C,0x349C,0x349C,0x349C,0x349C,0x349C,0x349C,0x349C,0x349C,0x349C,0x349C,0x349C,0x349C,0x349C,0x349C,0xAE9A,0xFFBA,0xFFBA,0xFFBA,0xFFBA,0xEF59,0xEF59,0xD6F9,0xAE9A,0xAE9A,0x756E,
    0x10E5,0x3A67,0x3438,0x349C,0x2B4A,0x4AC8,0x3BA9,0x2B4A,0x442A,0x2B4A,0x442A,0x5C07,0x2B4A,0x74E9,0x74E9,0x74E9,0x3438,0x3CDD,0x3CDD,0x349C,0x3CDD,0x3CDD,0x3CDD,0x3CDD,0x3CDD,0x3CDD,0x3CDD,0x3CDD,0x3CDD,0x3CDD,0x3CDD,0x4D7C,0x6E1B,0xAE9A,0xEF59,0xEF59,0xD6F9,0xD6F9,0xD6F9,0xAE9A,0xAE9A,0xAE9A,0xAE9A,0xAE9A,0x756E,
    0x10E5,0x3A67,0x3CDD,0x3438,0x3A67,0x2B4A,0x3438,0x3438,0x5C07,0x442A,0x442A,0x7CE5,0x3438,0x3438,0x5C69,0x9586,0x442A,0x349C,0x3CDD,0x3CDD,0x3CDD,0x44FD,0x44FD,0x44FD,0x44FD,0x3CDD,0x3CDD,0x44FD,0x44FD,0x44FD,0x3CDD,0x44FD,0x65BB,0x65BB,0x4D7C,0x4D7C,0x4D7C,0x4D7C,0x4D7C,0x6E1B,0xAE9A,0xAE9A,0x65BB,0x55BC,0x3438,
    0x10E5,0x3A67,0x3438,0x4AC8,0x4AC8,0x3C9B,0x3CDD,0x349C,0x2B4A,0x2B4A,0x3438,0x5C66,0x3438,0x3CDD,0x3438,0x5C69,0x442A,0x349C,0x3CDD,0x3CDD,0x3CDD,0x44FD,0x44FD,0x44FD,0x3CDD,0x3CDD,0x3CDD,0x44FD,0x44FD,0x44FD,0x44FD,0x3CDD,0x3CDD,0x3CDD,0x349C,0x349C,0x3CDD,0x3CDD,0x3CDD,0x44FD,0x44FD,0x44FD,0x44FB,0x3CDD,0x3438,
    0x10E5,0x3A67,0x2B4A,0x4AC8,0x3438,0x3CDD,0x349C,0x349C,0x349C,0x3438,0x3438,0x2B4A,0x3CDD,0x3CDD,0x3CDD,0x349C,0x349C,0x3CDD,0x3CDD,0x3CDD,0x44FD,0x44FD,0x44FD,0x44FD,0x3CDD,0x3CDD,0x44FD,0x44FD,0x44FD,0x44FD,0x44FD,0x3CDD,0x44FD,0x44FD,0x3CDD,0x3CDD,0x3CDD,0x44FD,0x44FD,0x44FD,0x44FD,0x44FD,0x44FB,0x3CDD,0x3438,
    0x10E5,0x3A67,0x3A67,0x442A,0x3C9B,0x442A,0x442A,0x3C9B,0x349C,0x349C,0x349C,0x44FD,0x44FD,0x3CDD,0x44FD,0x44FD,0x3CDD,0x3CDD,0x3CDD,0x44FD,0x44FD,0x44FD,0x3CDD,0x44FD,0x3CDD,0x3CDD,0x3CDD,0x3CDD,0x44FD,0x44FD,0x44FD,0x44FD,0x44FD,0x44FD,0x44FD,0x44FD,0x44FD,0x44FD,0x44FD,0x44FB,0x4D7C,0x4D7C,0x44FB,0x4D7C,0x3438,
    0x10E5,0x3A67,0x3A67,0x4AC8,0x3BA9,0x5C07,0x442A,0x3438,0x3CDD,0x349C,0x349C,0x44FD,0x44FD,0x3CDD,0x3CDD,0x3CDD,0x3CDD,0x3CDD,0x3CDD,0x44FD,0x44FD,0x65BB,0x55BC,0x3CDD,0x3CDD,0x3CDD,0x44FD,0x44FD,0x4D7C,0x44FD,0x44FD,0x44FD,0x44FD,0x44FD,0x44FD,0x349C,0x3CDD,0x44FB,0x44FB,0x4D7C,0x4D7C,0x55BB,0x55BB,0x55BB,0x3438,
    0x10E5,0x3A67,0x4AC8,0x4AC8,0x2B4A,0x3BA9,0x3438,0x3438,0x44FD,0x44FB,0x4D7C,0x44FD,0x349C,0x3CDD,0x3CDD,0x3CDD,0x3CDD,0x44FD,0x4D7C,0x55BC,0x6E1B,0x6E1B,0x6E1B,0x4D7C,0x4D7C,0x6E1B,0x6E1B,0x6E1B,0x4D7C,0x44FD,0x44FD,0x3CDD,0x44FD,0x44FD,0x4D7C,0xAE9A,0xD6F9,0xD6F9,0x6E1B,0x44FB,0x4D7C,0x44FB,0x44FB,0x55BC,0x3438,
    0x10E5,0x3A67,0x4AC8,0x4AC8,0x3C9B,0x3438,0x3438,0x44FD,0xAE9A,0xEF59,0xFFBA,0xD6F9,0x44FB,0x349C,0x3CDD,0x3CDD,0x3CDD,0x44FD,0x44FD,0x4D7C,0x4D7C,0x4D7C,0x4D7C,0x4D7C,0x65BB,0x4D7C,0x4D7C,0x55BC,0x44FD,0x44FD,0x44FD,0x44FD,0x44FD,0x4D7C,0xD6F9,0xFFBA,0xFFBA,0xFFBA,0xEF59,0x65BB,0x44FB,0x4D7C,0x44FB,0x4D7C,0x3438,
    0x10E5,0x4AC8,0x4AC8,0x3438,0x4D7C,0x4D7C,0x44FB,0xAE9A,0xFFBA,0xFFBA,0xFFBA,0xFFBA,0xD6F9,0x349C,0x44FD,0x44FD,0x44FD,0x44FD,0x44FD,0x44FD,0x44FD,0x44FD,0x44FD,0x44FD,0x44FD,0x44FD,0x44FD,0x44FD,0x44FD,0x4D7C,0x4D7C,0x4D7C,0x4D7C,0xAE9A,0xFFBA,0xFFBA,0xFFBA,0xFFBA,0xFFBA,0xD6F9,0x4D7C,0x44FB,0x44FB,0x55BC,0x3438,
    0x10E5,0x3A67,0x4AC8,0x44FB,0x4D7C,0x4D7C,0x55BB,0xEF59,0xFFBA,0xFFBA,0xFFBA,0xFFBA,0xFFBA,0x6E1B,0x44FD,0x4D7C,0x4D7C,0x4D7C,0x4D7C,0x4D7C,0x4D7C,0x4D7C,0x4D7C,0x4D7C,0x4D7C,0x4D7C,0x4D7C,0x4D7C,0x4D7C,0x4D7C,0x4D7C,0x44FD,0x55BC,0xEF59,0xFFBA,0xFFBA,0xFFBA,0xFFBA,0xFFBA,0xD6F9,0x4D7C,0xAE9A,0xAE9A,0x4D7C,0x3438,
    0x10E5,0x3A67,0x2B4A,0x4D7C,0x6E1B,0xD6F9,0x6E1B,0xD6F9,0xFFBA,0xFFBA,0xFFBA,0xFFBA,0xFFBA,0xAE9A,0x4D7C,0x65BB,0x4D7C,0x4D7C,0x55BC,0x4D7C,0x4D7C,0x4D7C,0x4D7C,0x4D7C,0x4D7C,0x4D7C,0x4D7C,0x4D7C,0x4D7C,0x44FD,0x6E1B,0xAE9A,0x6E1B,0xEF59,0xFFBA,0xFFBA,0xEF59,0xEF59,0xFFBA,0xD6F9,0xAE9A,0xFFBA,0xFFBA,0x6E1B,0x3438,
    0x10E5,0x3A67,0x3438,0x6E1B,0xFFBA,0xFFBA,0xEF59,0xEF59,0xEF59,0xD6F9,0xEF59,0xFFBA,0xFFBA,0xAE9A,0xAE9A,0xFFBA,0xAE9A,0x4D7C,0x55BC,0x55BC,0x55BC,0x55BC,0x4D7C,0x4D7C,0x55BC,0x4D7C,0x4D7C,0x4D7C,0x44FD,0x65BB,0xEF59,0xFFBA,0xD6F9,0xFFBA,0xFFBA,0xEF59,0xD6F9,0xEF59,0xEF59,0xD6F9,0xFFBA,0xEF59,0xEF59,0xEF59,0x756E,
    0x10E5,0x3A67,0xAE9A,0xD6F9,0xD6F9,0xEF59,0xEF59,0xD6F9,0xD6F9,0xD6F9,0xAE9A,0xEF59,0xEF59,0xFFBA,0xFFBA,0xFFBA,0xFFBA,0xAE9A,0x4D7C,0x55BC,0x4D7C,0x55BC,0x55BC,0x55BC,0x55BC,0x55BC,0x4D7C,0x6E1B,0x6E1B,0xEF59,0xFFBA,0xEF59,0xD6F9,0xD6F9,0xD6F9,0xAE9A,0xAE9A,0xAE9A,0xAE9A,0xAE9A,0xD6F9,0xD6F9,0xAE9A,0xD6F9,0x756E,
    0x10E5,0x3A67,0xAE9A,0xAE9A,0xAE9A,0xAE9A,0xAE9A,0xAE9A,0xAE9A,0xAE9A,0xAE9A,0xD6F9,0xAE9A,0xAE9A,0xD6F9,0xD6F9,0xEF59,0xEF59,0xD6F9,0x6E1B,0x55BC,0x55BC,0x55BC,0x55BC,0x55BC,0x55BC,0x55BC,0x6E1B,0x6E1B,0xAE9A,0xAE9A,0xAE9A,0xAE9A,0xAE9A,0xAE9A,0x6E1B,0x6E1B,0xAE9A,0xAE9A,0x6E1B,0x6E1B,0xAE9A,0x6E1B,0x6E1B,0x3438,
    0x10E5,0x3A67,0x44FB,0x44FB,0x4D7C,0x55BB,0x55BB,0x4D7C,0x65BB,0x6E1B,0x65BB,0x6E1B,0x6E1B,0x6E1B,0x6E1B,0x6E1B,0x6E1B,0x6E1B,0x6E1B,0x65BB,0x65BB,0x55BC,0x55BC,0x55BC,0x55BC,0x55BC,0x55BC,0x4D7C,0x4D7C,0x4D7C,0x55BC,0x55BB,0x55BB,0x55BC,0x55BB,0x55BB,0x55BB,0x55BC,0x55BB,0x55BB,0x55BB,0x65BB,0x55BB,0x55BC,0x3438,
    0x10E5,0x3A67,0x44FB,0x4D7C,0x4D7C,0x4D7C,0x4D7C,0x4D7C,0x4D7C,0x4D7C,0x44FB,0x4D7C,0x55BC,0x55BC,0x55BC,0x55BC,0x55BC,0x4D7C,0x4D7C,0x4D7C,0x55BC,0x55BC,0x55BC,0x55BC,0x55BC,0x55BC,0x55BC,0x55BC,0x55BC,0x55BC,0x55BB,0x55BB,0x55BC,0x55BC,0x55BB,0x55BB,0x55BB,0x55BB,0x55BB,0x55BB,0x55BB,0x65BB,0x65BB,0x55BB,0x3438,
    0x10E5,0x3A67,0x44FB,0x4D7C,0x65BB,0x6E1B,0x4D7C,0x4D7C,0x55BB,0x55BB,0x55BB,0x55BB,0x55BB,0x55BC,0x55BC,0x55BB,0x55BC,0x4D7C,0x55BC,0x55BB,0x55BB,0x55BB,0x55BB,0x55BB,0x55BB,0x55BB,0x55BB,0x55BB,0x55BB,0x55BB,0x55BC,0x55BB,0x55BB,0x65BB,0x55BB,0x55BB,0x55BB,0x55BB,0x65BB,0x55BB,0x55BB,0x65FA,0xAE9A,0xD6F9,0x756E,
    0x10E5,0x3A67,0x55BB,0x6E1B,0xD6F9,0xEF59,0xAE9A,0x4D7C,0x55BC,0x55BB,0x55BB,0x55BB,0x55BB,0x65BB,0x6E1B,0x6E1B,0xAE9A,0x65FA,0x55BC,0x55BB,0x55BB,0x55BB,0x65BB,0x65BB,0x65BB,0x65FA,0x65FA,0x65FA,0x65FA,0x65FA,0x6E1B,0xAE9A,0x6E1B,0x65FA,0x65FA,0x65FA,0x55BB,0x65BB,0x65FA,0x65FA,0x65FA,0xD6F9,0xEF59,0xD6F9,0x756E,
    0x10E5,0x3A67,0x6E1B,0xAE9A,0xAE9A,0xAE9A,0xD6F9,0xAE9A,0x6E1B,0x65BB,0x55BB,0x55BB,0x55BB,0x55BB,0x65BB,0x6E1B,0xAE9A,0xAE9A,0xAE9A,0x6E1B,0x55BB,0x55BB,0x65BB,0x65FA,0x65BB,0x55BB,0x55BB,0x65FA,0x65FA,0x65FA,0x6E1B,0x65FA,0x65FA,0x65FA,0x6E1B,0x65FA,0x3438,0x3438,0x65FA,0xAE9A,0xAE9A,0xAE9A,0xAE9A,0x6E1B,0x3438,
    0x10E5,0x3A67,0x65FA,0x65BB,0x65FA,0x65FA,0x6E1B,0xAE9A,0xAE9A,0x6E1B,0x6E1B,0x65FA,0x55BB,0x65BB,0x55BB,0x55BB,0x55BB,0x65FA,0x6E1B,0x6E1B,0x65FA,0x65FA,0x65FA,0x55BB,0x65FA,0xAE9A,0x6E1B,0x55BB,0x65FA,0x65FA,0x65FA,0x55BB,0x65FA,0x65FA,0x65FA,0x74E9,0x7CE5,0x7CE5,0x756E,0x65FA,0x65BB,0x55BB,0x55BB,0x6E1B,0x3438,
    0x10E5,0x3A67,0x55BB,0x55BB,0x55BB,0x55BB,0x44FB,0x55BB,0x65BB,0x65FA,0x55BB,0x55BB,0x65BB,0x6E1B,0x55BB,0x65BB,0x65FA,0x55BB,0x55BB,0x65FA,0x65FA,0x65FA,0x65FA,0x65FA,0xD6F9,0xFFBA,0xFFBA,0xAE9A,0x65FA,0x65FA,0x65FA,0x65FA,0x65FA,0x55BB,0x74E9,0x9586,0x8D26,0x74E9,0x74E9,0x442A,0x3438,0x55BB,0x65FA,0x6E1B,0x3438,
    0x10E5,0x3A67,0x442A,0x3438,0x55BB,0x55BB,0x55BB,0x44FB,0x65FA,0x6E1B,0x55BB,0x65BB,0x65FA,0x65FA,0x55BB,0x55BB,0x55BB,0x65FA,0x65FA,0x65FA,0x65FA,0x65FA,0x55BB,0xD6F9,0xFFBA,0xEF59,0xFFBA,0xFFBA,0xAE9A,0x6E1B,0x55BB,0x65FA,0x65FA,0x756E,0x5C69,0x74E9,0x7487,0x5C69,0x442A,0x43E9,0x5C07,0x3438,0x55BB,0x3438,0x2B4A,
    0x10E5,0x3A67,0x9C2B,0x7329,0x44FB,0x6E1B,0x3438,0x7329,0x756E,0x55BB,0x65FA,0x65FA,0x756E,0x9C2B,0x55BB,0x55BB,0x55BB,0x55BB,0x65FA,0x65FA,0x6E1B,0xD6F9,0xD6F9,0xEF59,0xD6F9,0xD6F9,0xD6F9,0xEF59,0xEF59,0xD6F9,0xAE9A,0x65FA,0x5C69,0x9586,0x8D26,0x7487,0x5C07,0x442A,0x5C69,0x3BA9,0x3B68,0x2B4A,0x3438,0x9C2B,0x7329,
    0x10E5,0x3A67,0xD42B,0x9C2B,0x442A,0x65FA,0x3BA9,0xAB4C,0x9C2B,0x65FA,0x6E1B,0x756E,0x9C2B,0xD42B,0x756E,0x55BB,0x756E,0x5C69,0x65FA,0x6E1B,0xAE9A,0xAE9A,0xAE9A,0xAE9A,0xAE9A,0xAE9A,0x6E1B,0xAE9A,0x65FA,0x756E,0x756E,0x6E1B,0x5C69,0x5C66,0x74E9,0x74E9,0x7487,0x442A,0x3BA9,0x5C07,0x3B28,0x2B4A,0x4AC8,0xD42B,0x7329,
    0x10E5,0x3A67,0xAB4C,0x7329,0x2B4A,0x442A,0x3BA9,0xAB4C,0xAB4C,0x442A,0x442A,0x442A,0x9C2B,0xD42B,0x5C69,0x442A,0x442A,0x8D26,0x756E,0x6E1B,0x6E1B,0x65FA,0x55BB,0x65FA,0x65FA,0x65FA,0x65FA,0x65FA,0x442A,0x5C66,0x43E9,0x442A,0x74E9,0x74E9,0x74E9,0x43E9,0x3BA9,0x3BA9,0x2B4A,0xCD6A,0x3B28,0x2B4A,0x4AC8,0xD42B,0x7329,
    0x10E5,0x3A67,0xAB4C,0x7329,0x4AC8,0x9C2B,0x7329,0xAB4C,0x9C2B,0x7329,0x7448,0x4AC8,0x9C2B,0xD42B,0x7329,0x7329,0x442A,0xA567,0x5C69,0x5C69,0x756E,0x65FA,0x65FA,0x65FA,0x65FA,0x65FA,0x65FA,0x442A,0x5C66,0x7487,0x5C69,0x3BA9,0x43E9,0x442A,0x442A,0x3BA9,0x2B4A,0x2B4A,0x22E9,0x4AC8,0x7329,0x7329,0x7329,0xD42B,0x7329,
    0x10E5,0x3A67,0x7329,0x7329,0x7329,0xAB4C,0x7329,0x9C2B,0x7329,0x7329,0xD42B,0x7329,0x7329,0xAB4C,0x7329,0xAB4C,0x43E9,0x7448,0x5C69,0x5C69,0x7CE5,0x5C69,0x65FA,0x6E1B,0x6E1B,0x65FA,0x5C69,0x74E9,0x5C69,0x442A,0x442A,0x2B4A,0x2B4A,0x3BA9,0x2B4A,0x2B4A,0x22E9,0x756E,0x756E,0x22E9,0x9C2B,0xAB4C,0x7329,0xAB4C,0x7329,
    0x10E5,0x3A67,0xAB4C,0x7329,0x22E9,0x22E9,0x4AC8,0xAB4C,0x9C2B,0x3A67,0x4AC8,0x22E9,0x7329,0xAB4C,0x4AC8,0x2B4A,0x2B4A,0x7329,0x3BA9,0x3BA9,0x5C69,0x442A,0x442A,0x756E,0x3438,0x442A,0x5C69,0x5C69,0x43E9,0x3BA9,0x2B4A,0x2B4A,0x5C07,0xCD6A,0x7448,0x2B4A,0x442A,0xD6F9,0xD6F9,0x3BA9,0x2B4A,0x22E9,0x4AC8,0xAB4C,0x7329,
    0x10E5,0x4AC8,0xAB4C,0x9C2B,0xAE0D,0x5C69,0x3B28,0xAB4C,0xAB4C,0x3B28,0x43E9,0x3B28,0x7329,0xAB4C,0x7329,0x5C69,0x3BA9,0xAB4C,0x4AC8,0x2B4A,0x3BA9,0x2B4A,0x2B4A,0x442A,0x442A,0x442A,0x442A,0x2B4A,0x2B4A,0x2B4A,0x2B4A,0x22E9,0xBE25,0x7448,0x3B28,0x2B4A,0xD6F9,0xCD6A,0xCD6A,0xAE9A,0x5C69,0x7487,0x4AC8,0xAB4C,0x7329,
    0x10E5,0x4AC8,0xAB4C,0x7329,0xAE0D,0x442A,0x22E9,0x7329,0x7329,0x8D26,0xCE27,0x3B68,0x4AC8,0xAB4C,0x7448,0xA5C5,0x74E9,0x9C2B,0x7448,0x74E9,0x74E9,0x74E9,0x8D26,0x9586,0xA567,0xA567,0x9586,0x74E9,0x74E9,0x7CE5,0x7487,0x74E9,0x7448,0x5C07,0x5C66,0x5C07,0x442A,0xAE9A,0xD6F9,0x756E,0x5C07,0x7487,0x4AC8,0xAB4C,0x7329,
    0x10E5,0x4AC8,0x7329,0x4AC8,0x22E9,0x8D26,0x9C2B,0x3BA9,0x3BA9,0x7448,0xAB4C,0x7329,0x7448,0x3BA9,0x3B68,0x43E9,0x5C69,0x3BA9,0x7448,0x7CE5,0xA567,0xADA7,0xBE25,0xBE25,0xADA7,0xADA7,0xBE25,0xBE25,0xADA7,0x9586,0x9C2B,0xAE0D,0x5C66,0x9C2B,0x9C2B,0x5C07,0x5C69,0x442A,0x442A,0x3BA9,0x3BA9,0x442A,0x3B28,0x7329,0x7329,
    0x10E5,0x4AC8,0x3B28,0x3BA9,0x5C07,0xCE27,0xCE27,0x7448,0x5C69,0x3B28,0x7329,0xD6F9,0x756E,0x756E,0x9C2B,0x5C66,0x5C07,0x7487,0x5C07,0x7487,0x7487,0x8D26,0x9586,0xADA7,0xADA7,0xADA7,0xA5C5,0x9586,0xA567,0x756E,0xAB4C,0x9C2B,0x5C66,0xAB4C,0xAB4C,0x7329,0x3B68,0x43E9,0x1269,0x3B28,0x9C2B,0xD6F9,0x3B28,0x3B68,0x3B28,
    0x10E5,0x3A67,0x8D26,0x7448,0xCE27,0xCD6A,0xD42B,0xCE27,0xCE27,0x3B68,0x3B68,0x442A,0x756E,0x9C2B,0xAB4C,0x8D26,0x9586,0x9586,0x9586,0xA5C5,0xBE25,0xADA7,0xADA7,0xADA7,0xA5C5,0x9586,0xA567,0x7487,0x756E,0x756E,0x5C07,0x5C69,0x3BA9,0xAB4C,0x7329,0x22E9,0x5C07,0x7CE5,0x3BA9,0x9C2B,0xD42B,0xD42B,0xCD6A,0xAE0D,0x3B68,
    0x10E5,0x3A67,0x3B68,0x3B68,0x5C07,0xCE27,0xD42B,0xCD6A,0x8D26,0x3B68,0x43E9,0x43E9,0x5C69,0x5C69,0x7329,0x9C2B,0x8D26,0xA5C5,0xADA7,0xADA7,0xCE27,0xCE27,0xBE25,0xBE25,0xA567,0x7CE5,0x5C66,0x7487,0x5C69,0x5C69,0x5C66,0x5C07,0x5C07,0x43E9,0x3BA9,0x3BA9,0x7448,0x3B68,0x442A,0xAE0D,0xD42B,0xD42B,0xD42B,0x9C2B,0x5C07,
    0x10E5,0x3A67,0x3B68,0x43E9,0x22E9,0xA567,0x7448,0x3B28,0x43E9,0x43E9,0x9C2B,0x5C69,0x43E9,0x3BA9,0x74E9,0xADA7,0x3B68,0xADA7,0xA567,0x7CE5,0xADA7,0xA5C5,0xA5C5,0xA5C5,0xADA7,0xADA7,0xA567,0xA567,0xA5C5,0xA5C5,0x8D26,0x7487,0x74E9,0x7CE5,0x5C66,0x9C2B,0xD42B,0x7448,0x3B28,0x3BA9,0xD6F9,0xD42B,0xAE0D,0x22E9,0x22E9,
    0x10E5,0x4AC8,0xCE27,0xA567,0x3B28,0x22E9,0x22E9,0x3B28,0x5C07,0xD42B,0xD42B,0xD42B,0x5C69,0x3BA9,0x5C07,0x5C07,0x5C07,0x5C66,0x5C66,0x7CE5,0x8D26,0x8D26,0xA5C5,0xA5C5,0xA5C5,0xA5C5,0xADA7,0xA5C5,0xA5C5,0x9586,0x9586,0x8D26,0x9586,0xA5C5,0x5C66,0x9C2B,0xD42B,0xD42B,0x5C07,0x43E9,0x5C69,0x3B28,0x3BA9,0x22E9,0x3B28,
    0x10E5,0x4AC8,0x5C07,0xAB4C,0x7329,0x3B28,0x3B28,0x7CE5,0x43E9,0xAE9A,0xD6F9,0x9C2B,0x5C07,0x5C66,0x5C66,0x7487,0x7CE5,0x8D26,0x9586,0xBE25,0xADA7,0xA5C5,0xA5C5,0x9586,0xA5C5,0x9586,0x9586,0x9586,0x9586,0x9586,0x8D26,0xA567,0xCD6A,0xBE25,0x7CE5,0x5C07,0x9C2B,0x9C2B,0x5C07,0x3B68,0x3B28,0x3B28,0x1269,0x5C66,0x7CE5,
    0x10E5,0x4AC8,0x1269,0x7329,0xAB4C,0x3A67,0x5C07,0x5C66,0x3B68,0x43E9,0x43E9,0x5C66,0x5C66,0xA567,0x7CE5,0x8D26,0x8D26,0xA5C5,0xA5C5,0xA5C5,0xA5C5,0xA5C5,0xADA7,0xBE25,0xBE25,0xA5C5,0xADA7,0xBE25,0xADA7,0xA5C5,0x7CE5,0xD42B,0xD42B,0x8D26,0xA5C5,0x5C07,0x3B28,0x3B68,0x3B68,0x5C66,0x5C66,0x3B28,0x3B68,0xBE25,0x9586,
    0x10E5,0x4AC8,0x22E9,0x1269,0x5C66,0x7CE5,0xA5C5,0x3B68,0x3B28,0x3B68,0x3B68,0x7448,0x9C2B,0xCD6A,0xA567,0x8D26,0xA5C5,0xA5C5,0x9586,0x9586,0x9586,0x9586,0xA5C5,0xA5C5,0xA5C5,0xA5C5,0xA5C5,0xA5C5,0x9586,0x9586,0x7CE5,0x7CE5,0x7487,0x5C66,0x7CE5,0x3B68,0x5C07,0x3B68,0x3B68,0x8D26,0x9586,0x5C07,0x8D26,0x7487,0x22E9,
    0x10E5,0x5C07,0x8D26,0x3B28,0x22E9,0x3B68,0x7CE5,0x8D26,0x5C66,0x5C66,0x5C66,0x9C2B,0xD42B,0x9C2B,0x5C66,0x9586,0xA5C5,0x9586,0xA5C5,0x9586,0x9586,0x9586,0x8D26,0x8D26,0x8D26,0x9586,0x9586,0x9586,0x9586,0x8D26,0x8D26,0x9586,0x7CE5,0x7CE5,0x5C66,0x5C66,0x7CE5,0x7CE5,0x8D26,0x7487,0x5C07,0x3B68,0x5C07,0x22E9,0x1269,
    0x10E5,0x4AC8,0x7CE5,0x7CE5,0x5C07,0x5C07,0x3B68,0x7487,0x7CE5,0x5C66,0x7CE5,0x5C66,0x9C2B,0x7487,0x7CE5,0x9586,0xBE25,0xA5C5,0x9586,0x9586,0x9586,0x9586,0x8D26,0x9586,0x9586,0x9586,0x9586,0x9586,0x8D26,0x8D26,0x7CE5,0x9586,0x9586,0x8D26,0x8D26,0xA567,0xADA7,0x7CE5,0x8D26,0x3B28,0x22E9,0x22E9,0x3B28,0x3B28,0x3B28,
    0x10E5,0x3A67,0x5C07,0x7487,0x7487,0xA5C5,0x5C07,0x5C66,0x7CE5,0x5C66,0x7CE5,0x5C66,0x5C07,0x7CE5,0x7CE5,0x7CE5,0x7CE5,0xA5C5,0x7CE5,0x8D26,0x8D26,0x8D26,0xA5C5,0x9586,0x9586,0x8D26,0x8D26,0x7CE5,0x7CE5,0x7CE5,0x7CE5,0x7CE5,0x7CE5,0x7CE5,0x7CE5,0xCD6A,0xCD6A,0x5C66,0x3B28,0x3B68,0x5C66,0x7487,0x5C66,0x7CE5,0x7CE5,
    0x10E5,0x3A67,0x3B68,0x5C07,0x3B68,0x5C66,0x7487,0x5C66,0xA567,0xA567,0x7CE5,0x7CE5,0x7487,0x5C66,0x7CE5,0x7CE5,0x7487,0x7CE5,0xA5C5,0xA5C5,0xA5C5,0xBE25,0xBE25,0xBE25,0xA5C5,0xA5C5,0x9586,0x8D26,0x8D26,0x7CE5,0x7CE5,0x5C66,0x7487,0x5C66,0x7CE5,0xA567,0x7CE5,0x5C66,0x5C07,0x7CE5,0x8D26,0x8D26,0x5C66,0x7CE5,0x7487,
    0x10E5,0x4AC8,0x5C07,0x43E9,0x3B68,0x5C66,0x8D26,0x5C07,0x5C66,0x5C66,0x7CE5,0x7CE5,0x7CE5,0x8D26,0x9586,0xADA7,0xA5C5,0xA5C5,0xA5C5,0xBE25,0xBE25,0xBE25,0xBE25,0xBE25,0xBE25,0xBE25,0xBE25,0xBE25,0xA5C5,0xA5C5,0x9586,0x9586,0x9586,0x8D26,0x8D26,0x7CE5,0x8D26,0x9586,0x7CE5,0x7CE5,0x7CE5,0x8D26,0x5C66,0x7CE5,0x8D26,
    0x10E5,0x5C07,0x7487,0x7487,0x7CE5,0x7487,0x8D26,0x7CE5,0x7CE5,0x7487,0x8D26,0x9586,0x9586,0xA5C5,0xA5C5,0xBE25,0xBE25,0xBE25,0xBE25,0xADA7,0xADA7,0xBE25,0xBE25,0xBE25,0xBE25,0xBE25,0xA5C5,0xA5C5,0xA5C5,0xBE25,0xBE25,0xA5C5,0xA5C5,0x9586,0xA5C5,0x9586,0x9586,0x9586,0x9586,0x7CE5,0x7487,0x7CE5,0x7CE5,0x7CE5,0x5C07,
    0x10E5,0x5C07,0x7487,0x7CE5,0x7CE5,0x9586,0x9586,0x9586,0x8D26,0x8D26,0xADA7,0xBE25,0xA5C5,0xBE25,0xADA7,0xBE25,0xBE25,0xBE25,0xBE25,0xBE25,0xBE25,0xBE25,0xBE25,0xBE25,0xBE25,0xA5C5,0xA5C5,0xBE25,0xBE25,0xBE25,0xA5C5,0x9586,0x8D26,0x8D26,0xA5C5,0x9586,0x8D26,0x7CE5,0xA5C5,0x8D26,0x5C07,0x5C66,0x8D26,0x5C66,0x3A67,
    0x10E5,0x5C07,0xA567,0x5C66,0x7CE5,0xA5C5,0x5C66,0x8D26,0x7487,0x7CE5,0xBE25,0xCE27,0xBE25,0xBE25,0xBE25,0xBE25,0xBE25,0xBE25,0xADA7,0xADA7,0xBE25,0xBE25,0xBE25,0xBE25,0xBE25,0xBE25,0xBE25,0xBE25,0xBE25,0xBE25,0xBE25,0xADA7,0xA5C5,0xA5C5,0xA5C5,0x9586,0x7CE5,0x5C66,0x7CE5,0x9586,0x5C66,0x5C07,0x5C66,0x3B68,0x5C07,
    0x10E5,0x4AC8,0x8D26,0x7487,0x7CE5,0x5C07,0x7487,0xA5C5,0xBE25,0xA5C5,0xA5C5,0xCE27,0xBE25,0xBE25,0xBE25,0xBE25,0xCE27,0xCE27,0xBE25,0xBE25,0xBE25,0xBE25,0xBE25,0xBE25,0xBE25,0xBE25,0xBE25,0xBE25,0xBE25,0xBE25,0xBE25,0xCE27,0xBE25,0xCE27,0xBE25,0xBE25,0x9586,0x8D26,0x7CE5,0x8D26,0x7CE5,0x7CE5,0x5C66,0x5C07,0x5C66,
    0x10E5,0x5C07,0x5C07,0x5C07,0x5C07,0x5C66,0x8D26,0x8D26,0xADA7,0xA5C5,0xA5C5,0xADA7,0x9586,0xA5C5,0x9586,0xA5C5,0xBE25,0xCE27,0xBE25,0xBE25,0xBE25,0xCE27,0xBE25,0xBE25,0xBE25,0xBE25,0xBE25,0xBE25,0xBE25,0xBE25,0xBE25,0xCE27,0xBE25,0xBE25,0xA5C5,0xA5C5,0xA5C5,0x9586,0x7CE5,0x7CE5,0xD6F9,0x74E9,0x5C66,0x7487,0x5C66,
    0x10E5,0x5C07,0x8D26,0x3B68,0x3B68,0x5C66,0x7CE5,0x5C66,0x7CE5,0x9586,0x9586,0x9586,0xA5C5,0x9586,0x9586,0xA5C5,0xA5C5,0xA5C5,0xBE25,0xBE25,0xCE27,0xCE27,0xCE27,0xBE25,0xBE25,0xBE25,0xBE25,0xBE25,0xBE25,0xADA7,0xA5C5,0xA5C5,0xBE25,0xA5C5,0xA5C5,0x8D26,0x7CE5,0x8D26,0x74E9,0xAE0D,0xD6F9,0xAE0D,0xAE0D,0x7448,0x5C66,
    0x10E5,0x4AC8,0x43E9,0x3BA9,0xAB4C,0x7329,0x5C66,0x7487,0x8D26,0x7487,0x8D26,0x5C66,0x9586,0xA5C5,0xA5C5,0xBE25,0xBE25,0xBE25,0xBE25,0xBE25,0xBE25,0xBE25,0xBE25,0xBE25,0xBE25,0xBE25,0xBE25,0xBE25,0xA5C5,0xA5C5,0x8D26,0x7CE5,0x9586,0x7CE5,0x7CE5,0x7487,0x7487,0x7CE5,0xAE0D,0xD6F9,0xCE27,0xCD6A,0xAE9A,0x43E9,0x3B28,
    0x10E5,0x4AC8,0x5C69,0x7329,0xD42B,0xAB4C,0x4AC8,0x7487,0x5C66,0x8D26,0x9586,0x7CE5,0xADA7,0xBE25,0xBE25,0xBE25,0xBE25,0xBE25,0xBE25,0xBE25,0xBE25,0xADA7,0xBE25,0xBE25,0xBE25,0xBE25,0xBE25,0xBE25,0xBE25,0xA5C5,0xBE25,0xA5C5,0x9586,0x7CE5,0x5C07,0xA567,0x9586,0x7CE5,0x3B68,0xAE0D,0xAE0D,0xAE0D,0x3B28,0x3B68,0x3B68,
    0x10E5,0x3A67,0xD42B,0xD42B,0xD42B,0xD42B,0xD42B,0x9C2B,0x3B68,0x5C66,0x5C66,0x9586,0x9586,0x9586,0xADA7,0xADA7,0x9586,0xBE25,0xBE25,0xBE25,0xBE25,0xBE25,0xBE25,0xA5C5,0xA5C5,0x9586,0x9586,0xA5C5,0xA5C5,0x9586,0xA5C5,0xA5C5,0xA567,0x8D26,0x5C07,0x7CE5,0xA5C5,0x8D26,0x5C07,0x5C69,0x3B28,0x43E9,0x2B4A,0x5C07,0x8D26,
    0x10E5,0x3B28,0x4AC8,0xAB4C,0xD42B,0xD42B,0xAB4C,0x7329,0x3B28,0x5C07,0x7CE5,0x8D26,0x7CE5,0x8D26,0x9586,0x8D26,0x7CE5,0xBE25,0xA5C5,0xA5C5,0xBE25,0xADA7,0xBE25,0xBE25,0xBE25,0xA5C5,0x9586,0x9586,0x8D26,0x7CE5,0x7CE5,0x8D26,0x8D26,0x8D26,0x8D26,0x3B28,0x7487,0x8D26,0x7487,0x5C66,0x1269,0x1269,0x3BA9,0x8D26,0x7487,
    0x10E5,0x3B28,0x1269,0xD42B,0xAB4C,0xAB4C,0xAB4C,0x22E9,0x7CE5,0x7CE5,0x7CE5,0x5C66,0xD42B,0x8D26,0x7CE5,0x8D26,0x8D26,0xA5C5,0xA5C5,0x8D26,0x8D26,0x8D26,0xA5C5,0xBE25,0xBE25,0xBE25,0xBE25,0xADA7,0xA5C5,0x8D26,0x8D26,0x7CE5,0x74E9,0xAE0D,0xCD6A,0xAE0D,0x5C07,0x5C66,0x7CE5,0x5C07,0x4AC8,0x3A67,0x5C07,0x7487,0x5C07,
    0x10E5,0x3B28,0x3B28,0x4AC8,0x3A67,0x3A67,0x3A67,0x3B28,0x5C66,0x5C66,0x7448,0x8D26,0xCD6A,0x9C2B,0x7487,0x8D26,0x9586,0xA5C5,0xA5C5,0x8D26,0x8D26,0x8D26,0xA5C5,0xA5C5,0xA5C5,0xA5C5,0x9586,0x9586,0x9586,0x8D26,0x7CE5,0x7CE5,0x7448,0xAE0D,0x9C2B,0xAE0D,0x5C07,0x5C66,0x3B68,0x7329,0xD42B,0xAB4C,0xAB4C,0x3B68,0x22E9,
    0x10E5,0x3A67,0x22E9,0x43E9,0x22E9,0x1269,0x3B28,0x8D26,0x5C07,0x3B68,0x9C2B,0xD42B,0xAB4C,0xD42B,0xCD6A,0x7487,0x9586,0x7CE5,0x5C66,0x8D26,0xADA7,0xA5C5,0x9586,0x9586,0x9586,0x7CE5,0x7CE5,0x8D26,0x8D26,0x9586,0x8D26,0x7CE5,0x7CE5,0x5C66,0x9586,0x7487,0x5C07,0x3B28,0x7329,0xAB4C,0xD42B,0xD42B,0xD42B,0x7329,0x3B28,
    0x10E5,0x5C07,0x74E9,0x3BA9,0x22E9,0x3B68,0x9586,0x5C66,0x5C07,0x5C66,0x3B68,0x3A67,0xD42B,0x7329,0x3B28,0x7CE5,0x7CE5,0x5C07,0x7487,0x7CE5,0x8D26,0x9586,0x8D26,0xA5C5,0x8D26,0x7CE5,0x7CE5,0x7CE5,0xA567,0x9C2B,0x9C2B,0x5C66,0x7CE5,0x5C07,0x5C07,0x7CE5,0x3B68,0x4AC8,0xD42B,0xD42B,0xD42B,0xD42B,0xD42B,0xD42B,0x4AC8,
    0x10E5,0x4AC8,0xA5C5,0x5C66,0x2B4A,0x9586,0x7487,0x1269,0x3B28,0x5C66,0x5C07,0x3B28,0x7329,0x3B28,0x3B68,0x7CE5,0x5C66,0x7CE5,0x8D26,0x7CE5,0x7CE5,0x9586,0x8D26,0x8D26,0x7CE5,0x7CE5,0x7CE5,0x5C66,0x9C2B,0xD42B,0xAB4C,0x7329,0x5C07,0x7487,0x3B28,0x7487,0x3B68,0x1269,0x4AC8,0xAB4C,0xD42B,0xD42B,0xAB4C,0x3A67,0x22E9,
    0x10E5,0x3A67,0x3BA9,0xA5C5,0x5C07,0x5C66,0x1269,0x3B28,0x7487,0x3B28,0x3B68,0x43E9,0x1269,0x3B28,0x7CE5,0x7CE5,0x3BA9,0x5C07,0x7487,0x5C66,0x5C66,0x7CE5,0x7CE5,0x8D26,0x7CE5,0x7487,0x7CE5,0x7CE5,0x5C66,0x5C07,0x7448,0x9C2B,0x3B28,0x5C07,0x3B28,0x3B68,0x7487,0x3B68,0x3A67,0xD42B,0xAB4C,0xAB4C,0xAB4C,0x1269,0x1269,
    0x10E5,0x3A67,0x1269,0x5C07,0x3B68,0x1269,0x1269,0x5C07,0xCE27,0x9C2B,0xADA7,0x3B28,0x22E9,0x5C66,0x5C66,0x5C66,0x2B4A,0x44FB,0x442A,0x5C66,0x5C66,0x5C66,0x7CE5,0x8D26,0x7CE5,0x5C66,0x7CE5,0x8D26,0x7CE5,0x5C07,0x3B28,0x7487,0x3B28,0x3B68,0x5C07,0x3B68,0x5C66,0x7CE5,0x3A67,0x4AC8,0x3A67,0x3A67,0x3A67,0x1269,0x3B28,
    0x10E5,0x3A67,0x1269,0x22E9,0x22E9,0x1269,0x8D26,0xCD6A,0xD42B,0xD42B,0xD42B,0xBE25,0x4AC8,0x5C66,0x442A,0x3438,0x3438,0x55BB,0x442A,0x5C69,0x5C66,0x7487,0x7CE5,0x7487,0x7CE5,0x8D26,0x5C07,0x7CE5,0x7487,0x5C66,0x3B28,0x43E9,0x3B68,0xD6F9,0xFFBA,0x756E,0x1269,0x3B68,0x5C07,0x1269,0x22E9,0x22E9,0x1269,0x3B28,0x5C07,
    0x10E5,0x3A67,0x3B28,0x1269,0x22E9,0x22E9,0x8D26,0xD42B,0xD42B,0xD42B,0xD42B,0xBE25,0x4AC8,0x1269,0x2B4A,0x44FD,0x3438,0xAB4C,0x3438,0x3438,0x43E9,0x7CE5,0x7CE5,0x7CE5,0x7CE5,0x7CE5,0x5C66,0x5C07,0x7448,0x5C07,0x3B68,0x5C07,0x756E,0xCD6A,0xCD6A,0xAE0D,0xAE0D,0x3B28,0x3B68,0x3B68,0x22E9,0x3B68,0x22E9,0x7487,0x5C07,
    0x10E5,0x4AC8,0x7487,0x3BA9,0x3B68,0x3B68,0x1269,0x7448,0xCD6A,0xD42B,0xCD6A,0x3A67,0x1269,0x22E9,0x22E9,0x2B4A,0x3438,0x442A,0x3438,0x3438,0x2B4A,0x5C66,0x5C66,0x7487,0x7487,0x3B68,0x5C66,0x5C07,0x3B68,0x5C66,0x3B68,0xAE9A,0xFFBA,0xCD6A,0xBE25,0xD6F9,0xEF59,0x3B28,0x22E9,0x7CE5,0x3B68,0x22E9,0x5C66,0x5C66,0x22E9,
    0x10E5,0x3A67,0x3B68,0x7CE5,0x3BA9,0x1269,0x1269,0x7487,0xA567,0x4AC8,0xBE25,0x3A67,0x22E9,0x3B68,0x3B68,0x22E9,0x3438,0x2B4A,0x3438,0x1269,0x442A,0x5C66,0x43E9,0x5C69,0x7487,0x3B68,0x3B28,0x5C07,0x3B68,0x3B68,0x3B68,0x3B28,0x756E,0xEF59,0xCD6A,0xCD6A,0x3B28,0x1269,0x1269,0x5C66,0x8D26,0x3B68,0x7487,0x1269,0x1269,
    0x10E5,0x3A67,0x1269,0x3B28,0x5C07,0x3B28,0x22E9,0x1269,0x22E9,0x1269,0x1269,0x3A67,0x5C07,0x9586,0x7CE5,0x1269,0x1269,0x1269,0x1269,0x22E9,0x5C69,0x3B68,0x9C2B,0x9C2B,0x5C07,0x5C66,0x22E9,0x5C07,0xADA7,0x5C66,0x22E9,0x1269,0x756E,0xAE0D,0x442A,0xAE9A,0x1269,0x22E9,0x22E9,0x1269,0x7448,0x5C07,0x3A67,0x1269,0x22E9,
    0x10E5,0x3A67,0x1269,0x1269,0x3B28,0x3B68,0x3B68,0x22E9,0x22E9,0x1269,0x22E9,0x5C66,0x5C66,0x3B68,0x3B28,0x5C07,0x1269,0x1269,0x22E9,0x5C66,0x5C07,0xAB4C,0xAB4C,0xAB4C,0x5C07,0x5C07,0x43E9,0x22E9,0x7487,0x8D26,0x5C07,0x22E9,0x1269,0x1269,0x1269,0x1269,0x3B28,0x43E9,0x7CE5,0x3B68,0x1269,0x1269,0x1269,0x5C69,0x3B68,
    0x10E5,0x3A67,0x22E9,0x22E9,0x22E9,0x1269,0x3B68,0x43E9,0x1269,0x3B28,0x5C07,0x3B28,0x22E9,0x1269,0x22E9,0x7CE5,0x3B28,0x1269,0x5C66,0x5C07,0x22E9,0x3B28,0x7329,0x7329,0x3BA9,0x5C07,0x5C07,0x2B4A,0x22E9,0x3B28,0x5C66,0x3B28,0x3B68,0x22E9,0x1269,0x3B28,0x3B68,0x22E9,0x5C07,0x5C07,0x1269,0x1269,0x3B28,0x3BA9,0x1269,
    0x10E5,0x3A67,0x1269,0x1269,0x1269,0x1269,0x1269,0x1269,0x1269,0x3B28,0x22E9,0x1269,0x1269,0x1269,0x1269,0x22E9,0x3B28,0x1269,0x3B68,0x1269,0x22E9,0x3B68,0x3B68,0x3B68,0x43E9,0x3BA9,0x22E9,0x22E9,0x1269,0x1269,0x22E9,0x22E9,0x22E9,0x3B68,0x1269,0x5C07,0x1269,0x1269,0x1269,0x1269,0x1269,0x1269,0x22E9,0x1269,0x1269,
    0x10E5,0x10E5,0x3B28,0x3B28,0x3B28,0x3A67,0x3B28,0x3B28,0x3A67,0x3A67,0x3A67,0x3A67,0x3B28,0x3B28,0x3B28,0x3A67,0x3A67,0x3A67,0x3A67,0x3A67,0x3B28,0x4AC8,0x4AC8,0x4AC8,0x4AC8,0x4AC8,0x3B28,0x3B28,0x3B28,0x3A67,0x3A67,0x3A67,0x3A67,0x3B28,0x3A67,0x3A67,0x3A67,0x3B28,0x3A67,0x3A67,0x3A67,0x3A67,0x3B28,0x3B28,0x3A67,
  },
  {
    0x08A5,0x08A5,0x6A69,0x92EB,0x92EB,0x92EB,0x92EB,0x92EB,0x92EB,0x92EB,0x92EB,0x92EB,0x92EB,0x92EB,0x92EB,0x92EB,0x92EB,0x92EB,0x92EB,0x92EB,0x92EB,0x92EB,0x92EB,0x92EB,0x92EB,0x92EB,0x92EB,0x92EB,0x92EB,0x92EB,0x92EB,0x92EB,0x92EB,0x92EB,0x92EB,0x92EB,0x92EB,0x92EB,0x92EB,0x92EB,0x92EB,0x92EB,0x92EB,0x92EB,0x49E6,
    0x08A5,0x6A69,0xB395,0xB395,0xB395,0xB395,0xB395,0xB395,0xB395,0xB395,0xB395,0xB395,0xB395,0xB395,0xB395,0xB395,0xB395,0xB395,0xB395,0xB395,0xB395,0xB395,0xB395,0xB395,0xB395,0xBBB4,0xBBB4,0xD3B3,0xD3B3,0xD3B3,0xD3B3,0xD3B3,0xD3B3,0xD3B3,0xD3B3,0xD3B3,0xD3B3,0xD3B3,0xB395,0xB395,0xB395,0xB395,0xB395,0xB395,0xB395,
    0x08A5,0x6A69,0xB395,0xB395,0xB395,0xB395,0xB395,0xB395,0xB395,0xB395,0xB395,0xB395,0xB395,0xB395,0xB395,0xB395,0xB395,0xB395,0xB395,0xB395,0xB395,0xB395,0xB395,0xB395,0xB395,0xD3B3,0xD3B3,0xD3B3,0xD3B3,0xD3B3,0xD3B3,0xD3B3,0xD3B3,0xD3B3,0xD3B3,0xD3B3,0xD3B3,0xBBB4,0xB395,0xB395,0xB395,0xB395,0xB395,0xB395,0xB395,
    0x08A5,0x6A69,0xB395,0xBBB4,0xD3B3,0xB395,0xB395,0xB395,0xB395,0xB395,0xB395,0xB395,0xB395,0xB395,0xBBB4,0xBBB4,0xB395,0xB395,0xB395,0xB395,0xB395,0xB395,0xB395,0xBBB4,0xBBB4,0xD3B3,0xD3B3,0xD3B3,0xD3B3,0xD3B3,0xD3B3,0xD3B3,0xD3B3,0xD3B3,0xD3B3,0xDBB2,0xDBB2,0xD3B3,0xD3B3,0xD3B3,0xB395,0xB395,0xB395,0xB395,0xB395,
    0x08A5,0x6A69,0xBBB4,0xBBB4,0xBBB4,0xB395,0xB395,0xB395,0xB395,0xB395,0xB395,0xBBB4,0xB395,0xBBB4,0xBBB4,0xB395,0xBBB4,0xB395,0xB395,0xB395,0xB395,0xBBB4,0xD3B3,0xD3B3,0xD3B3,0xD3B3,0xD3B3,0xD3B3,0xD3B3,0xD3B3,0xD3B3,0xD3B3,0xD3B3,0xE3D1,0xE3D1,0xD3B3,0xD3B3,0xD3B3,0xD3B3,0xBBB4,0xB395,0xB395,0xB395,0xB395,0xB395,
    0x08A5,0x6A69,0xD3B3,0xD3B3,0xBBB4,0xBBB4,0xBBB4,0xBBB4,0xBBB4,0xB395,0xB395,0xBBB4,0xBBB4,0xBBB4,0xBBB4,0xBBB4,0xBBB4,0xBBB4,0xD3B3,0xD3B3,0xD3B3,0xDBB2,0xE3D1,0xE3D1,0xE3D1,0xDBB2,0xDBB2,0xDBB2,0xDBB2,0xDBB2,0xDBB2,0xDBB2,0xDBB2,0xDBB2,0xBBB4,0xBBB4,0xB395,0xB395,0xB395,0xB395,0xB395,0xB395,0xB395,0xB395,0xB395,
    0x08A5,0x6A69,0xD3B3,0xDBB2,0xD3B3,0xBBB4,0xE3D1,0xF40F,0xF40F,0xDBB2,0xBBB4,0xBBB4,0xBBB4,0xBBB4,0xBBB4,0xBBB4,0xBBB4,0xD3B3,0xDBB2,0xDBB2,0xE3D1,0xE3D1,0xE3D1,0xE3D1,0xE3D1,0xE3D1,0xE3B0,0xE3D1,0xDBB2,0xD3B3,0xD3B3,0xBBB4,0xB395,0xB395,0xB395,0xB395,0xB395,0xB395,0xB395,0xB395,0xB395,0xB395,0xB395,0xB395,0xB395,
    0x08A5,0x6A69,0xE3D1,0xDBB2,0xDBB2,0xE3D1,0xF40F,0xF40F,0xF40F,0xF40F,0xE3D1,0xD3B3,0xD3B3,0xD3B3,0xD3B3,0xD3B3,0xD3B3,0xD3B3,0xD3B3,0xD3B3,0xD3B3,0xD3B3,0xD3B3,0xD3B3,0xD3B3,0xD3B3,0xD3B3,0xD3B3,0xBBB4,0xBBB4,0xBBB4,0xB395,0xBBB4,0xBBB4,0xBBB4,0xBBB4,0xBBB4,0xBBB4,0xBBB4,0xBBB4,0xBBB4,0xBBB4,0xDBB2,0xBBB4,0xBBB4,
    0x08A5,0x6A69,0xF40F,0xE3B0,0xDBB2,0xF40F,0xF40F,0xF40F,0xF40F,0xF40F,0xF40F,0xDBB2,0xD3B3,0xD3B3,0xD3B3,0xD3B3,0xD3B3,0xD3B3,0xD3B3,0xD3B3,0xD3B3,0xD3B3,0xDBB2,0xD3B3,0xD3B3,0xD3B3,0xD3B3,0xD3B3,0xD3B3,0xD3B3,0xD3B3,0xD3B3,0xD3B3,0xD3B3,0xD3B3,0xD3B3,0xD3B3,0xD3B3,0xD3B3,0xD3B3,0xE3D1,0xF40F,0xF40F,0xE3D1,0xDBB2,
    0x08A5,0x6A69,0xF40F,0xF40F,0xF40F,0xF40F,0xF40F,0xF40F,0xF40F,0xF40F,0xF4AB,0xF40F,0xDBB2,0xDBB2,0xD3B3,0xDBB2,0xDBB2,0xD3B3,0xDBB2,0xDBB2,0xDBB2,0xDBB2,0xDBB2,0xD3B3,0xDBB2,0xD3B3,0xD3B3,0xD3B3,0xD3B3,0xD3B3,0xD3B3,0xD3B3,0xD3B3,0xD3B3,0xD3B3,0xD3B3,0xD3B3,0xD3B3,0xD3B3,0xE3D1,0xF40F,0xF40F,0xF40F,0xF40F,0xF40F,
    0x08A5,0x6A69,0xF40F,0xF40F,0xF40F,0xF40F,0xF40F,0xF40F,0xFCEB,0xFCEB,0xFCEB,0xF40F,0xDBB2,0xF40F,0xE3D1,0xDBB2,0xDBB2,0xDBB2,0xE3B0,0xE3B0,0xE3B0,0xDBB2,0xDBB2,0xDBB2,0xDBB2,0xDBB2,0xDBB2,0xD3B3,0xD3B3,0xD3B3,0xD3B3,0xD3B3,0xD3B3,0xD3B3,0xD3B3,0xD3B3,0xDBB2,0xDBB2,0xDBB2,0xF40F,0xF40F,0xF40F,0xF40F,0xF40F,0xF40F,
    0x08A5,0x6A69,0xF42C,0xF4AB,0xFD2B,0xFCEB,0xFCEB,0xFCEB,0xFCEB,0xFD2B,0xFCEB,0xF4AB,0xF42C,0xFCAB,0xFCEB,0xF40F,0xE3B0,0xEBCE,0xEBCE,0xEBCE,0xEBCE,0xEBCE,0xEBCE,0xEBCE,0xE3B0,0xE3B0,0xE3B0,0xE3D1,0xDBB2,0xDBB2,0xD3B3,0xD3B3,0xD3B3,0xD3B3,0xDBB2,0xD3B3,0xF40F,0xF40F,0xF40F,0xF40F,0xF42C,0xF40F,0xF42C,0xEBCD,0xF40F,
    0x08A5,0x6A69,0xF40F,0xF4AB,0xFCEB,0xF40F,0xF4AB,0xFDCB,0xFDCB,0xFDCB,0xFDCB,0xFD2B,0xFCEB,0xFCEB,0xFDCB,0xFD2B,0xF40F,0xF40F,0xEBCE,0xEBCE,0xEBCE,0xEBCE,0xEBCE,0xEBCE,0xEBCE,0xEBCE,0xEBCE,0xEBCE,0xE3D1,0xE3D1,0xDBB2,0xDBB2,0xDBB2,0xDBB2,0xEBCE,0xEBCE,0xF40F,0xF42C,0xF40F,0xF4AB,0xFCAB,0xFCAB,0xFCAB,0xF46B,0xF46B,
    0x08A5,0x6A69,0xDBB2,0xC371,0xDBB2,0xDBB2,0xDBB2,0xF4AB,0xF4AB,0xF4AB,0xF4AB,0xF4AB,0xFDCB,0xFDCB,0xF4AB,0xF4AB,0xF4AB,0xF4AB,0xF40F,0xEBCE,0xEBCE,0xEBCE,0xEBCE,0xEBCE,0xEBCE,0xEBCE,0xEBCE,0xEBCE,0xE3B0,0xE3B0,0xE3B0,0xEBCE,0xF40F,0xF42C,0xFCAB,0xFCAB,0xF4AB,0xFCAB,0xFCEB,0xF40F,0xF40F,0xF40F,0xEBCE,0xEBCE,0xEBCE,
    0x08A5,0x6A69,0xE3D1,0xDBB2,0xDBB2,0xDBB2,0xDBB2,0xDBB2,0xDBB2,0xDBB2,0xD3D0,0xE3B0,0xF40F,0xF40F,0xEBCE,0xEBCE,0xEBCE,0xEBCE,0xEBCE,0xEBCE,0xEBCE,0xEBCE,0xEBCE,0xEBCE,0xEBCE,0xEBCE,0xEBCE,0xEBCE,0xEBCE,0xE3B0,0xE3B0,0xEBCE,0xEBCE,0xF40F,0xF40F,0xF40F,0xF40F,0xEBCE,0xF40F,0xE3B0,0xDBB2,0xDBB2,0xDBB2,0xDBB2,0xDBB2,
    0x08A5,0x6A69,0xE3D1,0xDBB2,0xDBB2,0xDBB2,0xE3B0,0xE3B0,0xE3B0,0xE3B0,0xEBCE,0xEBCE,0xEBCE,0xEBCE,0xEBCE,0xEBCE,0xEBCE,0xEBCE,0xEBCE,0xEBCE,0xEBCE,0xEBCE,0xEBCE,0xEBCE,0xEBCE,0xEBCE,0xEBCE,0xEBCD,0xEBCD,0xEBCE,0xEBCE,0xEBCE,0xEBCE,0xE3B0,0xE3B0,0xE3B0,0xE3B0,0xE3B0,0xE3B0,0xE3B0,0xE3B0,0xE3B0,0xE3B0,0xE3B0,0xE3B0,
    0x08A5,0x6A69,0xF40F,0xE3B0,0xE3B0,0xE3B0,0xE3B0,0xEBCE,0xEBCE,0xEBCE,0xEBCE,0xEBCE,0xEBCE,0xEBCE,0xEBCD,0xEBCD,0xEBCD,0xEBCD,0xEBCD,0xEBCD,0xEBCD,0xEBCD,0xEBCD,0xEBCD,0xEBCE,0xEBCE,0xEBCE,0xEBCD,0xEBCD,0xEBCD,0xEBCD,0xEBCE,0xEBCD,0xEBCD,0xEBCE,0xEBCE,0xEBCE,0xEBCE,0xE3B0,0xEBCE,0xE3B0,0xEBCE,0xEBCE,0xE3B0,0xE3B0,
    0x08A5,0x6A69,0xF40F,0xEBCD,0xF42C,0xEBCE,0xEBCE,0xEBCE,0xEBCE,0xEBCE,0xEBCD,0xEBCD,0xEBCD,0xEBCD,0xEBCD,0xEBCD,0xEBCD,0xEBCD,0xEBCD,0xEBCD,0xF42C,0xF42C,0xF42C,0xEBCD,0xF42C,0xEBCD,0xEBCD,0xEBCD,0xEBCD,0xEBCD,0xEBCD,0xEBCD,0xEBCD,0xEBCD,0xEBCD,0xEBCD,0xEBCE,0xEBCE,0xEBCE,0xEBCE,0xEBCE,0xEBCE,0xEBCE,0xEBCE,0xEBCE,
    0x08A5,0x6A69,0xF40F,0xEBCE,0xF40F,0xF46B,0xEBCE,0xEBCE,0xEBCE,0xEBCE,0xEBCD,0xEBCD,0xF42C,0xF42C,0xF42C,0xF46B,0xF42C,0xF42C,0xF46B,0xF46B,0xF46B,0xF46B,0xF46B,0xF42C,0xF42C,0xF42C,0xF42C,0xF42C,0xF42C,0xF42C,0xF42C,0xEBCD,0xEBCD,0xEBCD,0xEBCD,0xEBCD,0xF42C,0xF4AB,0xF4AB,0xEBCE,0xEBCE,0xEBCE,0xEBCD,0xEBCD,0xF42C,
    0x08A5,0x6A69,0xF46B,0xF42C,0xFCAB,0xFCAB,0xF42C,0xEBCE,0xEBCE,0xEBCE,0xEBCD,0xEBCD,0xEBCD,0xF42C,0xF46B,0xF46B,0xF46B,0xF46B,0xF46B,0xF46B,0xF46B,0xF46B,0xF46B,0xF46B,0xFCAB,0xFCAB,0xFCAB,0xFCAB,0xF46B,0xF42C,0xF42C,0xF42C,0xEBCD,0xEBCD,0xEBCD,0xF4AB,0xFD2B,0xFD6A,0xFD6A,0xF4AB,0xEBCD,0xEBCD,0xEBCD,0xEBCD,0xF42C,
    0x08A5,0x6A69,0xFCEB,0xFCEB,0xFCEB,0xFCAB,0xFCAB,0xF46B,0xF46B,0xEBCD,0xEBCD,0xEBCD,0xEBCD,0xEBCD,0xEBCD,0xF42C,0xF46B,0xF46B,0xF46B,0xF46B,0xF46B,0xFCAB,0xFCAB,0xFCAB,0xFCEB,0xFCAB,0xF46B,0xF46B,0xF42C,0xF42C,0xF42C,0xF42C,0xF46B,0xF4AB,0xF42C,0xFD6A,0xFDCB,0xFDCB,0xFDCB,0xFDCB,0xEBCD,0xEBCD,0xF42C,0xEBCD,0xF42C,
    0x08A5,0x6A69,0xEBCE,0xEBCE,0xEBCD,0xEBCD,0xF4AB,0xFCEB,0xFCEB,0xFCAB,0xFCAB,0xF46B,0xF42C,0xF42C,0xF42C,0xF42C,0xF46B,0xF46B,0xF46B,0xF46B,0xF46B,0xF46B,0xF46B,0xF46B,0xF46B,0xF46B,0xF46B,0xF46B,0xF46B,0xF42C,0xF42C,0xF42C,0xFCEB,0xFDCB,0xFDCB,0xFDCB,0xFDCB,0xFDCB,0xFDCB,0xFDCB,0xF4AB,0xFD2B,0xFD6A,0xF42C,0xF42C,
    0x08A5,0x6A69,0xF40F,0xEBCE,0xEBCD,0xEBCD,0xEBCD,0xEBCD,0xEBCD,0xEBCD,0xF42C,0xF46B,0xF46B,0xFCAB,0xFCAB,0xF46B,0xF46B,0xF46B,0xF46B,0xF46B,0xF46B,0xF46B,0xF46B,0xF46B,0xF46B,0xF46B,0xF46B,0xF46B,0xF46B,0xFCAB,0xFDCB,0xFDCB,0xFDCB,0xFDCB,0xFDCB,0xFDCB,0xFDCB,0xFDCB,0xFD2B,0xFDCB,0xFDCB,0xFDCB,0xFD6A,0xFD2B,0xFCEB,
    0x08A5,0x6A69,0xF40F,0xEBCD,0xEBCD,0xEBCD,0xEBCD,0xEBCD,0xEBCD,0xEBCD,0xF46B,0xF46B,0xF46B,0xF46B,0xF46B,0xF46B,0xF46B,0xF46B,0xFCAB,0xFCAB,0xFCAB,0xFCAB,0xFCAB,0xF46B,0xF46B,0xF46B,0xF46B,0xF46B,0xFCEB,0xFD2B,0xFD2B,0xFD2B,0xFD2B,0xFD2B,0xFD2B,0xFD2B,0xFD2B,0xF4AB,0xF42C,0xF4AB,0xF4AB,0xF4AB,0xF46B,0xF46B,0xF4AB,
    0x08A5,0x6A69,0xF42C,0xEBCD,0xF42C,0xF46B,0xEBCD,0xEBCD,0xEBCD,0xEBCD,0xF46B,0xF46B,0xF46B,0xF46B,0xF46B,0xF46B,0xFCAB,0xFCAB,0xFCAB,0xFCEB,0xFD2B,0xFCEB,0xFCEB,0xFCAB,0xFCAB,0xF46B,0xF46B,0xF46B,0xF46B,0xFCAB,0xF46B,0xF46B,0xF46B,0xF46B,0xF42C,0xF42C,0xF42C,0xF42C,0xF42C,0xF42C,0xF42C,0xF42C,0xF42C,0xF42C,0xF42C,
    0x08A5,0x92EB,0xFD2B,0xF4AB,0xFCEB,0xFD2B,0xFCEB,0xF42C,0xF42C,0xEBCD,0xF42C,0xF46B,0xF46B,0xFCAB,0xFCAB,0xFCAB,0xFCEB,0xFD2B,0xFD2B,0xFD2B,0xFD6A,0xFD6A,0xFD6A,0xFD2B,0xFD2B,0xFCEB,0xFCAB,0xFCAB,0xFCAB,0xFCAB,0xFCAB,0xFCAB,0xFCAB,0xFCAB,0xF46B,0xF46B,0xF42C,0xF42C,0xF42C,0xF42C,0xF42C,0xF42C,0xF42C,0xF42C,0xF42C,
    0x08A5,0x92EB,0xFD6A,0xFCEB,0xFCEB,0xFD6A,0xFD6A,0xFD2B,0xFCAB,0xF42C,0xF42C,0xF46B,0xF46B,0xFCEB,0xFD2B,0xFD6A,0xFD6A,0xFD2B,0xFD6A,0xFD6A,0xFD6A,0xFD6A,0xFD6A,0xFD6A,0xFD2B,0xFD2B,0xFD6A,0xFD2B,0xFD2B,0xFCEB,0xFCAB,0xFCAB,0xFCAB,0xF46B,0xF46B,0xF46B,0xF46B,0xF42C,0xF42C,0xF46B,0xFCAB,0xFD2B,0xFD2B,0xFCEB,0xFCEB,
    0x08A5,0x92EB,0xFCEB,0xFCEB,0xFD2B,0xFD2B,0xFD6A,0xFDCB,0xFDCB,0xFDCB,0xFDCB,0xFD6A,0xFD2B,0xFCAB,0xFCAB,0xFD2B,0xFD6A,0xFD6A,0xFD6A,0xFD6A,0xFD6A,0xFD6A,0xFD6A,0xFD6A,0xFD6A,0xFD6A,0xFD6A,0xFD6A,0xFD6A,0xFD2B,0xFCAB,0xF46B,0xF46B,0xF42C,0xF42C,0xF46B,0xF46B,0xF46B,0xF46B,0xFCAB,0xF46B,0xFCAB,0xFCEB,0xFCAB,0xF4AB,
    0x08A5,0x6A69,0xF46B,0xF42C,0xF42C,0xF46B,0xF46B,0xFCEB,0xFD2B,0xFD6A,0xFD6A,0xFDCB,0xFDCB,0xFD6A,0xFD6A,0xFD6A,0xFD6A,0xFD6A,0xFD6A,0xFDCB,0xFDCB,0xFDCB,0xFD6A,0xFD6A,0xFD6A,0xFD6A,0xFD2B,0xFCEB,0xF46B,0xF46B,0xFCAB,0xFDCB,0xFCEB,0xF46B,0xFCAB,0xFCEB,0xFCEB,0xFCEB,0xFCEB,0xFCAB,0xFCAB,0xFCAB,0xFCEB,0xFCEB,0xFCEB,
    0x08A5,0x92EB,0xFCEB,0xFCAB,0xFCAB,0xFCAB,0xFCAB,0xFCAB,0xF46B,0xF46B,0xF46B,0xFCAB,0xFD6A,0xFD6A,0xFD6A,0xFD6A,0xFD6A,0xFDCB,0xFF11,0xFF11,0xFF11,0xFF11,0xFF11,0xFDCB,0xFD6A,0xFD6A,0xFD6A,0xFD2B,0xFD2B,0xFD2B,0xFDCB,0xFDCB,0xFD6A,0xFD2B,0xFD6A,0xFD2B,0xFD6A,0xFD6A,0xFD2B,0xFD2B,0xFCEB,0xFD2B,0xFD2B,0xFD2B,0xFD2B,
    0x08A5,0x92EB,0xFD6A,0xFD2B,0xFD6A,0xFD6A,0xFD6A,0xFD6A,0xFD2B,0xFD2B,0xFCEB,0xFCEB,0xFD2B,0xFD6A,0xFD6A,0xFD6A,0xFDCB,0xFF11,0xFF11,0xFF11,0xFF11,0xFF11,0xFF11,0xFF11,0xFF11,0xFD6A,0xFD6A,0xFD6A,0xFD6A,0xFD6A,0xFD6A,0xFD6A,0xFD6A,0xFD6A,0xFD6A,0xFD6A,0xF4AB,0xA3EB,0xA3EB,0xA38B,0xA3EB,0xB487,0xF56A,0xFD6A,0xFD2B,
    0x08A5,0x92EB,0xFD6A,0xFD2B,0xF4AB,0xF4AB,0xF4AB,0xFD6A,0xFD6A,0xFD6A,0xFD6A,0xFD6A,0xFD6A,0xFD6A,0xFD6A,0xFD6A,0xFF11,0xFF11,0xFF11,0xFF11,0xFF11,0xFF11,0xFF11,0xFF11,0xFF11,0xFDCB,0xFD6A,0xFD6A,0xFD6A,0xFD6A,0xFD6A,0xFD6A,0xFD6A,0xFD6A,0xF4AB,0xA3EB,0xA38B,0xA38B,0xA3EB,0x736B,0x736B,0x736B,0xA38B,0xA38B,0xCD08,
    0x08A5,0x6A69,0xF4AB,0xA38B,0xA38B,0x92EB,0xA38B,0xF4AB,0xF4AB,0xFD6A,0xFD6A,0xFD6A,0xFD6A,0xFD6A,0xFD6A,0xFDCB,0xFF11,0xFF11,0xFF11,0xFF11,0xFF11,0xFF11,0xFF11,0xFF11,0xFF11,0xFF11,0xFD6A,0xFD6A,0xFD6A,0xFD6A,0xFD6A,0xFD6A,0xF4AB,0xA3EB,0xA38B,0xA38B,0xA38B,0xA38B,0x736B,0x736B,0x736B,0x736B,0x736B,0x736B,0x736B,
    0x08A5,0x6A69,0xA38B,0x92EB,0x92EB,0xA38B,0xA38B,0xA3EB,0xEBCD,0xF42C,0xF4AB,0xF56A,0xFD6A,0xFDCB,0xFD6A,0xFDCB,0xFF11,0xFF11,0xFF11,0xFF11,0xFF11,0xFF11,0xFF11,0xFF11,0xFF11,0xFF11,0xFDCB,0xFD6A,0xFD6A,0xFD6A,0xF4AB,0xA3EB,0xA38B,0xA38B,0xA38B,0xA38B,0xA38B,0x736B,0x736B,0x736B,0x736B,0x736B,0x736B,0x736B,0x736B,
    0x08A5,0x6A69,0xA38B,0x92EB,0x92EB,0xA38B,0xA38B,0xA38B,0xA3EB,0xA38B,0xA3EB,0xEBCD,0xF4AB,0xF56A,0xFD6A,0xFDCB,0xFF11,0xFF11,0xFF11,0xFF11,0xFF11,0xFF11,0xFF11,0xFF11,0xFF11,0xFF11,0xFD6A,0xF56A,0xF4AB,0xA3EB,0xA38B,0xA38B,0xA38B,0xA38B,0xA38B,0xA38B,0x736B,0x736B,0x736B,0x736B,0x736B,0x736B,0x736B,0x736B,0x736B,
    0x08A5,0x4A46,0x736B,0x92EB,0x736B,0xA38B,0xA38B,0xA38B,0xA38B,0xA38B,0xA3EB,0xA3EB,0xA3EB,0xEBCD,0xF42C,0xF4AB,0xFDCB,0xFF11,0xFF11,0xFF11,0xFF11,0xFF11,0xFF11,0xFF11,0xFF11,0xF56A,0xB487,0xA3EB,0xA38B,0xA38B,0xA38B,0xA38B,0xA38B,0xA3EB,0xA3EB,0x736B,0x736B,0x736B,0x8407,0x736B,0x736B,0x736B,0x736B,0x736B,0x736B,
    0x08A5,0x4A46,0x736B,0x6307,0x6307,0x736B,0xA38B,0x736B,0xA38B,0xA38B,0xA38B,0xA38B,0xA38B,0xA38B,0xA3EB,0xEBCD,0xF42C,0xF4AB,0xFD2B,0xF56A,0xF56A,0xFD2B,0xFCEB,0xF4AB,0xA3EB,0xA38B,0xA38B,0xA38B,0xA38B,0xA38B,0xA38B,0xA38B,0xA38B,0xA3EB,0xA38B,0x736B,0x8407,0x736B,0x736B,0x736B,0x736B,0x6307,0x6366,0x4AA6,0x5306,
    0x08A5,0x4A46,0x6307,0x6307,0x6307,0x736B,0x736B,0x736B,0xA3EB,0xA3EB,0xA3EB,0xA3EB,0xA3EB,0xA38B,0xA38B,0xA3EB,0xF4AB,0xF42C,0xF4AB,0xF4AB,0xF56A,0xF4AB,0xA3EB,0xA3EB,0xA38B,0xA38B,0xA38B,0xA38B,0xA38B,0xA38B,0x92EB,0x736B,0x736B,0x736B,0x8407,0x736B,0x736B,0x736B,0x736B,0x6307,0x4AA6,0x73E6,0x6366,0x6B86,0x6366,
    0x08A5,0x4A46,0x8407,0x8407,0x6B86,0x6307,0x6307,0x736B,0x736B,0x8407,0x736B,0x736B,0x8407,0xA3EB,0xA38B,0xA38B,0xA38B,0xA3EB,0xA3EB,0xCD08,0xF56A,0xCD08,0xCD08,0xB487,0xA3EB,0xA38B,0x92EB,0x92EB,0x736B,0x736B,0x6A69,0x736B,0x736B,0x8C65,0x8407,0x6307,0x736B,0x736B,0x6307,0x6366,0x8C65,0x8C65,0x4286,0x6366,0x4286,
    0x08A5,0x6307,0x9CA5,0x8C65,0x73E6,0x8407,0x6307,0x6307,0x736B,0x6307,0x6307,0x6307,0x736B,0x736B,0xA38B,0xA38B,0xB487,0xCD08,0xCD08,0xF56A,0xCD08,0xCD08,0xCD08,0xCD08,0xCD08,0xB487,0xA3EB,0xA3EB,0x736B,0x736B,0x6307,0x6A69,0x8407,0x8407,0x6307,0x6307,0x736B,0x736B,0x4AA6,0x73E6,0x9CA5,0x73E6,0x4AC6,0x3A66,0x3246,
    0x08A5,0x4A46,0x73E6,0x4AC6,0x6366,0x9CA5,0x8407,0xA505,0x9CA5,0x8407,0x8407,0x6307,0x736B,0xA3EB,0xCD08,0xCD08,0xB487,0xB487,0xB487,0xCD08,0xCD08,0xB487,0xA3EB,0xA3EB,0xA3EB,0xA3EB,0xB487,0xB487,0x9CA5,0x8C65,0x8407,0x8407,0x736B,0x6307,0x6307,0x6307,0x6B86,0x8407,0x4AA6,0x3A66,0x6366,0x4AC6,0x4286,0x4AC6,0x4286,
    0x08A5,0x49E6,0x4286,0x4AC6,0x6B86,0x6B86,0x6366,0x8C65,0x9CA5,0x9CA5,0xA505,0xB487,0xB487,0xB487,0x8407,0x8407,0x8407,0xA3EB,0xB487,0xA3EB,0xB487,0xA3EB,0xA3EB,0xA3EB,0xA3EB,0xA3EB,0x8407,0xA3EB,0x8407,0x8407,0x8407,0x8407,0x73E6,0x8407,0x9CA5,0xA505,0x9CA5,0x8C65,0x6B86,0x4AC6,0x6366,0x4AC6,0x4286,0x5306,0x4286,
    0x08A5,0x49E6,0x3246,0x4AA6,0x3246,0x4AC6,0x4AC6,0x6366,0x8407,0x8407,0x8407,0x9CA5,0xCD08,0xCD08,0xB487,0xB487,0x8407,0x6B86,0x736B,0xA3EB,0xA3EB,0xA3EB,0xA3EB,0x8407,0x8407,0x8407,0x6307,0x73E6,0x6307,0x6307,0x8407,0x9CA5,0xA505,0x9CA5,0x9CA5,0xA505,0x6B86,0x6366,0x8407,0x5306,0x73E6,0x4AC6,0x4AC6,0x4AC6,0x29E6,
    0x08A5,0x4A46,0x5306,0x3246,0x6366,0x4AC6,0x4AC6,0x5306,0x6366,0x8407,0x8C65,0x8C65,0x9CA5,0xB487,0xCD08,0xCD08,0xCD08,0xB487,0x8407,0x8407,0x736B,0x8407,0x8407,0x8407,0x6307,0x6307,0x4AA6,0x6307,0x8407,0x9CA5,0xA505,0xA505,0x8C65,0x8407,0x8407,0x6B86,0x6366,0x8407,0x6366,0x29E6,0x3A66,0x3A66,0x3A66,0x3A66,0x29E6,
    0x08A5,0x4A46,0x73E6,0x4AC6,0x73E6,0x6B86,0x9CA5,0x8407,0x3A66,0x8407,0x8407,0x6307,0x6366,0x8407,0x8407,0x9CA5,0xCD08,0xB487,0xCD08,0xCD08,0xA3EB,0x8407,0x736B,0x6307,0x6307,0x6307,0x8407,0x9CA5,0xA505,0x8C65,0x8407,0x8407,0x6B86,0x5306,0x73E6,0x73E6,0x3A66,0x4AC6,0x4AC6,0x4AA6,0x3246,0x3246,0x3246,0x29E6,0x29E6,
    0x08A5,0x4A46,0x6B86,0x6366,0x5306,0x8C65,0x9CA5,0x4AA6,0x4AA6,0x73E6,0x5306,0x5306,0x6B86,0x5306,0x8407,0x8407,0x8407,0x8407,0x8407,0x9CA5,0xB487,0xCD08,0xCD08,0x9CA5,0x6B86,0x73E6,0x8407,0x8C65,0x8407,0x8407,0x8407,0x6B86,0x5306,0x5306,0x6366,0x6307,0x3A66,0x6366,0x6366,0x6366,0x3A66,0x3A66,0x3246,0x4286,0x3246,
    0x08A5,0x49E6,0x4286,0x6366,0x5306,0x6B86,0x4AA6,0x29E6,0x4286,0x4AC6,0x4AC6,0x6366,0x6B86,0x6B86,0x6366,0x8407,0x8407,0x8407,0x8407,0x8407,0x73E6,0x8407,0xCD08,0xB487,0xB487,0x8407,0x6366,0x73E6,0x8407,0x73E6,0x6366,0x5306,0x6B86,0x6366,0x6307,0x4AA6,0x4AA6,0x6B86,0x5306,0x3246,0x29E6,0x29E6,0x31E6,0x3A66,0x29E6,
    0x08A5,0x29A6,0x29E6,0x3A66,0x4AC6,0x4286,0x4AA6,0x8C65,0x6B86,0x31E6,0x4286,0x3A66,0x4AA6,0x6366,0x6366,0x6307,0x73E6,0x8407,0x73E6,0x6366,0x6366,0x8407,0xB487,0xF56A,0xCD08,0x9CA5,0x73E6,0x6366,0x5306,0x5306,0x4AA6,0x6366,0x5306,0x5306,0x4286,0x31E6,0x29E6,0x3A66,0x3A66,0x29A6,0x29E6,0x49E6,0x29E6,0x29E6,0x29E6,
    0x08A5,0x49E6,0x4286,0x3A66,0x4AC6,0x6366,0x6366,0x8C65,0x4AA6,0x31E6,0x3A66,0x4AA6,0x31E6,0x5306,0x6366,0x5306,0x5306,0x6366,0x6366,0x8407,0xB487,0xF56A,0xCD08,0x8C65,0x8407,0x6B86,0x6366,0x73E6,0x3A66,0x8407,0x6307,0x4AA6,0x4AA6,0x31E6,0x736B,0x6A69,0x08A5,0x29A6,0x29A6,0x3246,0x29E6,0x6A69,0x29E6,0x4A46,0x31E6,
    0x08A5,0x49E6,0x5306,0x4AC6,0x4AC6,0x5306,0x5306,0x6366,0x6B86,0x4AA6,0x29A6,0x31E6,0x31E6,0x4286,0x4286,0x4AC6,0x3A66,0x73E6,0xCD08,0xF4AB,0xFCEB,0xB487,0x8407,0x6B86,0x73E6,0x6366,0x73E6,0x4AA6,0x4AA6,0x6B86,0x5306,0x3246,0x3A66,0x3A66,0x736B,0x6A69,0x6A69,0x29A6,0x29E6,0x6B86,0x3A66,0x49E6,0x31E6,0x6B86,0x29E6,
    0x08A5,0x31E6,0x3A66,0x5306,0x3246,0x29E6,0x3A66,0x4286,0x6366,0x6366,0x4AA6,0x4AA6,0x4286,0x5306,0x4AA6,0x3A66,0x3A66,0x4AA6,0xA3EB,0xF4AB,0xA3EB,0x73E6,0x6366,0x4AA6,0x5306,0x4AA6,0x5306,0x4AA6,0x3A66,0x3A66,0x4AA6,0x6A69,0x29E6,0xA3EB,0xA38B,0x736B,0xA3EB,0x29A6,0x5306,0x5306,0x3246,0x31E6,0x31E6,0x6B86,0x3246,
    0x08A5,0x49E6,0x29E6,0x3246,0x29E6,0x3246,0x3246,0x4286,0x6366,0x5306,0x4AC6,0x73E6,0x8407,0x8C65,0x8407,0x8C65,0x8C65,0x8C65,0x8C65,0x8C65,0x8C65,0x6B86,0x5306,0x5306,0x4AA6,0x4AA6,0x31E6,0x3246,0x31E6,0x31E6,0x6307,0xA38B,0x31E6,0x4AA6,0x6A69,0x736B,0x29A6,0x4286,0x5306,0x4286,0x3A66,0x4AC6,0x4AA6,0x4286,0x4286,
    0x08A5,0x31E6,0x29E6,0x29E6,0x29E6,0x29E6,0x29E6,0x29E6,0x3A66,0x3246,0x5306,0x9CA5,0x9CA5,0x8C65,0x9CA5,0x9CA5,0xCD08,0xCD08,0xCD08,0xCD08,0xCD08,0xA505,0x9CA5,0x9CA5,0x8407,0x8407,0x6B86,0x6B86,0x73E6,0x73E6,0x6B86,0x5306,0x6B86,0x5306,0x29A6,0x29A6,0x4AC6,0x6B86,0x4286,0x3246,0xD3D0,0x736B,0x4286,0x6366,0x5306,
    0x08A5,0x49E6,0x29E6,0x29E6,0x29A6,0x29E6,0x29E6,0x29A6,0x31E6,0x5306,0x8C65,0xA505,0xA505,0x9CA5,0xA505,0x9CA5,0xA505,0xA505,0x9CA5,0x9CA5,0x8C65,0x8C65,0x8C65,0x8C65,0x9CA5,0x9CA5,0x8C65,0x9CA5,0x8407,0x73E6,0x6B86,0x4286,0x5306,0x4286,0x6307,0x31E6,0x4AC6,0x3246,0x6307,0x736B,0xF56A,0xA3EB,0x8407,0x5306,0x5306,
    0x08A5,0x4A46,0x3246,0x29A6,0x31E6,0x29E6,0x6307,0x6B86,0x6307,0xA505,0x73E6,0x6366,0x9CA5,0xA505,0x9CA5,0xA505,0xA505,0x9CA5,0x9CA5,0x9CA5,0xA505,0xA505,0xCD08,0xA505,0xA505,0x9CA5,0x8C65,0x73E6,0x5306,0x6366,0x5306,0x4286,0x4286,0x4AA6,0x4AC6,0x4AC6,0x5306,0x4286,0xA3EB,0xFF11,0xB487,0xF56A,0xA3EB,0x3A66,0x3246,
    0x08A5,0x49E6,0x3246,0x29A6,0x6A69,0x31E6,0x4AA6,0x4AA6,0x4AA6,0x73E6,0xA505,0x9CA5,0x73E6,0x73E6,0x6B86,0x8C65,0xA505,0xA505,0x9CA5,0x9CA5,0xCD08,0xCD08,0xCD08,0xA505,0x8C65,0x73E6,0x8407,0x73E6,0x73E6,0x73E6,0x6B86,0x6366,0x6366,0x6366,0x6366,0x6B86,0x73E6,0x73E6,0x3246,0xA3EB,0xA3EB,0xBBB4,0x31E6,0x31E6,0x4AC6,
    0x08A5,0x49E6,0x29E6,0x29E6,0x49E6,0x31E6,0x29E6,0x31E6,0x6307,0x4AA6,0x6B86,0x8C65,0x6366,0x4AA6,0x6B86,0x8C65,0x8C65,0x9CA5,0x9CA5,0x9CA5,0x9CA5,0x9CA5,0xA505,0xA505,0x9CA5,0x8C65,0x8C65,0x73E6,0x8C65,0x8C65,0x8C65,0x8C65,0x8C65,0x73E6,0x6B86,0x9CA5,0x8C65,0x6B86,0x6B86,0x73E6,0x3A66,0x4AC6,0x4AC6,0x6366,0x73E6,
    0x08A5,0x49E6,0x3A66,0x29E6,0x3246,0x4286,0x3A66,0x29A6,0x6307,0x4A46,0x5306,0x6366,0x4286,0x6307,0xB487,0x6307,0x6B86,0x8407,0x8C65,0x9CA5,0x9CA5,0xA505,0xA505,0xA505,0xA505,0xA505,0xA505,0x9CA5,0x9CA5,0xA505,0xA505,0xA505,0xA505,0x8C65,0x8407,0xCD08,0xB487,0x8407,0x73E6,0x73E6,0x3246,0x3246,0x4AC6,0x6366,0x5306,
    0x08A5,0x4A46,0x4AC6,0x4AA6,0x4AC6,0x4AC6,0x4AA6,0x3A66,0x4286,0x6307,0x6307,0x3A66,0x4286,0x6366,0x6B86,0x6307,0x4AA6,0x6366,0x73E6,0x8C65,0x8C65,0x8C65,0x9CA5,0xA505,0x9CA5,0xA505,0xA505,0xA505,0xA505,0xA505,0xA505,0x9CA5,0x8C65,0x6B86,0xB487,0xA3EB,0xA38B,0x6A69,0x5306,0x73E6,0x3A66,0x4A46,0x6A69,0x3246,0x3246,
    0x08A5,0x4A46,0x4A46,0xC371,0x6307,0x4AC6,0x5306,0x5306,0x6366,0x6366,0x6366,0x6366,0x73E6,0x73E6,0x6366,0x6366,0x6B86,0x73E6,0x8C65,0x8C65,0x8C65,0x8C65,0x9CA5,0x9CA5,0x9CA5,0xA505,0xA505,0xA505,0x8C65,0xA505,0x8C65,0x73E6,0x8407,0x8407,0x6366,0xCD08,0xCD08,0x4A46,0x3A66,0x3A66,0x4A46,0xEBCE,0xA38B,0x31E6,0x4286,
    0x08A5,0x6A69,0xC371,0x92EB,0xC371,0x6307,0x6366,0x8C65,0x73E6,0x6B86,0x6B86,0x8407,0x73E6,0x73E6,0x8407,0x8C65,0x73E6,0x8C65,0x9CA5,0x9CA5,0x9CA5,0x9CA5,0xA505,0xA505,0xA505,0xA505,0x9CA5,0x8C65,0x8407,0x8C65,0x6366,0x8407,0x6A69,0xA38B,0x6307,0x5306,0x4286,0x73E6,0x6366,0x92EB,0x92EB,0xA38B,0xB487,0xEBCD,0x6307,
    0x08A5,0x4A46,0xC371,0xC371,0xA38B,0x6307,0x6366,0x73E6,0x73E6,0x6B86,0xA38B,0xA3EB,0xB487,0x8C65,0x8C65,0x9CA5,0x9CA5,0xA505,0xA505,0xA505,0xA505,0xA505,0xA505,0xA505,0xA505,0xA505,0xA505,0xA505,0x9CA5,0x8C65,0x73E6,0x6B86,0x5306,0x6307,0x6307,0x4AA6,0x73E6,0x8C65,0x5306,0x6A69,0xA38B,0x92EB,0xA38B,0x92EB,0x31E6,
    0x08A5,0x49E6,0x6A69,0x92EB,0x4AA6,0x5306,0x8407,0x8407,0x6366,0x73E6,0x4AC6,0xA3EB,0xB487,0x8C65,0x8C65,0x9CA5,0x9CA5,0x9CA5,0x73E6,0x9CA5,0xA505,0xA505,0xA505,0xA505,0xA505,0xA505,0xA505,0xA505,0xA505,0xA505,0x9CA5,0x73E6,0x73E6,0x73E6,0x73E6,0x6366,0x6366,0x6366,0x4AA6,0x29E6,0x92EB,0xC371,0x92EB,0x6A69,0x29E6,
    0x08A5,0x4A46,0x4AC6,0x3A66,0x3246,0x6B86,0xF46B,0xB487,0x4A46,0x6366,0x6B86,0x6366,0x6B86,0x8C65,0x8C65,0x73E6,0x8C65,0x8C65,0x73E6,0x8407,0x8C65,0x9CA5,0xA505,0xA505,0xA505,0xA505,0xA505,0x8C65,0x9CA5,0x8C65,0xA505,0x8C65,0x73E6,0x8407,0x6B86,0x73E6,0x6B86,0x5306,0x5306,0x3A66,0x31E6,0x31E6,0x31E6,0x3A66,0x3246,
    0x08A5,0x4A46,0x5306,0x3A66,0x9CA5,0xB487,0x92EB,0xB487,0xB487,0x6B86,0x6366,0x5306,0x6366,0x6B86,0x6B86,0x6366,0x73E6,0x8C65,0x8C65,0x8C65,0x8C65,0x8C65,0x9CA5,0x9CA5,0x8C65,0x8C65,0x8C65,0x8C65,0x8407,0x73E6,0x8C65,0x8C65,0x73E6,0x6307,0xA38B,0xA38B,0x4AA6,0x6307,0x6366,0x4AC6,0x29E6,0x29E6,0x31E6,0x4AC6,0x4AC6,
    0x08A5,0x49E6,0x3246,0x3246,0x49E6,0xB487,0xB487,0xB487,0x6A69,0x4AC6,0x6366,0x4AC6,0x4286,0x6B86,0x73E6,0x6B86,0x8C65,0x8C65,0x8C65,0x8C65,0x8C65,0x8C65,0x8C65,0x8C65,0x8C65,0x8C65,0x8C65,0x8C65,0x5306,0x73E6,0x5306,0x73E6,0x5306,0x6A69,0xA3EB,0xA38B,0x92EB,0x6A69,0x3A66,0x6B86,0x3A66,0x31E6,0x3A66,0x6B86,0x3A66,
    0x08A5,0x49E6,0x29E6,0x29E6,0x29E6,0x8407,0x6B86,0x8407,0x49E6,0x4286,0x6366,0x6B86,0x6B86,0x6366,0x5306,0x8C65,0x9CA5,0x8C65,0x8C65,0x9CA5,0xA505,0x9CA5,0x8C65,0x8C65,0x73E6,0x6366,0x73E6,0x8407,0x6366,0x6366,0x6B86,0x5306,0x736B,0xC371,0x6307,0x6B86,0xC371,0x6A69,0x3246,0x6307,0x9CA5,0x3A66,0x8407,0x6B86,0x29A6,
    0x08A5,0x49E6,0x6366,0x4AC6,0x29E6,0x29E6,0x29E6,0x29A6,0x29E6,0x3246,0x49E6,0xF46B,0xB487,0x29E6,0x73E6,0x8C65,0x6B86,0x6366,0x6366,0x73E6,0x8407,0x8C65,0x9CA5,0x8C65,0x73E6,0x6B86,0x6366,0x6366,0x6366,0x5306,0x6366,0x6366,0x4AA6,0x6A69,0x92EB,0x92EB,0x6A69,0x29E6,0x5306,0x3246,0x6307,0x6A69,0x6A69,0x29A6,0x29A6,
    0x08A5,0x49E6,0x29E6,0x6366,0x3246,0x4286,0x3246,0x29E6,0x3A66,0x6B86,0xB487,0xB487,0xB487,0xB487,0x6B86,0x4AC6,0x5306,0x6B86,0x6366,0x6B86,0x6B86,0x73E6,0x8407,0x8C65,0x9CA5,0x8407,0x8407,0x73E6,0x6366,0x6307,0x736B,0x6307,0x4286,0x4AA6,0x6A69,0x49E6,0x49E6,0x3A66,0x5306,0x4286,0x31E6,0x6A69,0x29A6,0x4A46,0x4A46,
    0x08A5,0x49E6,0x29E6,0x3246,0x3A66,0x3A66,0x3246,0x3246,0x3A66,0x4A46,0x92EB,0x92EB,0xB487,0x6B86,0x4A46,0x4286,0x4286,0x5306,0x4AC6,0x6B86,0x6B86,0x73E6,0x73E6,0x73E6,0x73E6,0x73E6,0x8407,0x8407,0x6366,0x736B,0xC371,0x6A69,0x4AA6,0x4286,0x29E6,0x3246,0x3246,0x3A66,0x3A66,0x3A66,0x3246,0x31E6,0x31E6,0x6307,0x3246,
    0x08A5,0x49E6,0x3246,0x29E6,0x29E6,0x29E6,0x29E6,0x29E6,0x29E6,0x29E6,0x6B86,0x92EB,0xB487,0x6307,0x3246,0x29E6,0x6B86,0x73E6,0x6366,0x8407,0x6366,0x73E6,0x6B86,0x6366,0x6366,0x6366,0x6366,0x6B86,0x5306,0x3A66,0x6A69,0x6A69,0x4AA6,0x4AC6,0x3246,0x3A66,0x3A66,0x29E6,0x31E6,0x31E6,0x31E6,0x29E6,0x3246,0x3246,0x29E6,
    0x08A5,0x49E6,0x3A66,0x29E6,0x29E6,0x31E6,0x3A66,0x29E6,0x29E6,0x3246,0x31E6,0x31E6,0x31E6,0x4A46,0x29E6,0x3246,0x6366,0x4AC6,0x73E6,0x73E6,0x5306,0x6B86,0x6366,0x6366,0x6366,0x6366,0x6307,0x6307,0x4AC6,0x3A66,0x4AC6,0x4AC6,0x4AA6,0x4286,0x3A66,0x29A6,0x4A46,0x6A69,0x6A69,0x736B,0x6A69,0x29A6,0x29E6,0x3246,0x3246,
    0x08A5,0x49E6,0x29E6,0x31E6,0x4A46,0x8407,0xA3EB,0x6307,0x29E6,0x3246,0x4286,0x29E6,0x3246,0x3246,0x29E6,0x29E6,0x29E6,0x4286,0x6366,0x5306,0x5306,0x6366,0x6366,0x73E6,0x6B86,0x5306,0x736B,0xA38B,0x736B,0x3A66,0x4AC6,0x4AC6,0x3246,0x3246,0x29A6,0x6A69,0x92EB,0x736B,0x6A69,0x6A69,0x6A69,0x49E6,0x29A6,0x29E6,0x29E6,
    0x08A5,0x49E6,0x29E6,0x4A46,0x6A69,0x6307,0x8407,0xA3EB,0x6307,0x29A6,0x4AC6,0x29E6,0x3246,0x4AC6,0x4286,0x4AC6,0x31E6,0x31E6,0x31E6,0x3A66,0x4AA6,0x5306,0x5306,0x5306,0x5306,0x5306,0x6307,0x92EB,0x736B,0x6307,0x4286,0x3A66,0x3246,0x31E6,0x6A69,0x736B,0x736B,0x6A69,0x4A46,0x6A69,0x6A69,0x31E6,0x29A6,0x29A6,0x29E6,
    0x08A5,0x49E6,0x29A6,0x49E6,0x49E6,0x6307,0x6B86,0x6307,0xA38B,0x6A69,0x29E6,0x29E6,0x4286,0x29E6,0x29A6,0x29A6,0x31E6,0x31E6,0x4A46,0x6B86,0x4AA6,0x4AA6,0x4AA6,0x4AC6,0x5306,0x6366,0x5306,0x3A66,0x31E6,0x3A66,0x4286,0x31E6,0x3246,0x31E6,0x6A69,0x4A46,0x6A69,0x6A69,0x6A69,0x49E6,0x31E6,0x31E6,0x29A6,0x29A6,0x29E6,
    0x08A5,0x49E6,0x29A6,0x29A6,0x29A6,0x49E6,0x6307,0x49E6,0x49E6,0x49E6,0x29A6,0x29E6,0x29E6,0x29A6,0x29E6,0x29A6,0x31E6,0x5306,0x6366,0x5306,0x4AA6,0x3A66,0x4AC6,0x5306,0x4AA6,0x4286,0x5306,0x6366,0x4286,0x29A6,0x5306,0x3A66,0x31E6,0x31E6,0x49E6,0x31E6,0x4AA6,0x6A69,0x31E6,0x31E6,0x31E6,0x29A6,0x29A6,0x29A6,0x29E6,
    0x08A5,0x49E6,0x29E6,0x29E6,0x29A6,0x29A6,0x31E6,0x29A6,0x29A6,0x29A6,0x29E6,0x29A6,0x29A6,0x4286,0x4AC6,0x31E6,0x31E6,0x4AC6,0x3246,0x3A66,0x29E6,0x4286,0x5306,0x4AA6,0x4AC6,0x4286,0x3A66,0x4286,0x3A66,0x31E6,0x3A66,0x4286,0x29E6,0x29A6,0x31E6,0x29A6,0x4A46,0x31E6,0x31E6,0x29A6,0x29A6,0x29A6,0x29A6,0x29A6,0x29E6,
    0x08A5,0x49E6,0x29E6,0x29E6,0x29E6,0x29A6,0x29A6,0x29A6,0x29A6,0x3246,0x3A66,0x29A6,0x29E6,0x29E6,0x29E6,0x29A6,0x31E6,0x31E6,0x29E6,0x31E6,0x3A66,0x4AA6,0x4286,0x3A66,0x4286,0x4286,0x3A66,0x31E6,0x31E6,0x31E6,0x31E6,0x3A66,0x3246,0x3246,0x29A6,0x29A6,0x29A6,0x31E6,0x31E6,0x29A6,0x29E6,0x29A6,0x29A6,0x29E6,0x29E6,
    0x08A5,0x49E6,0x29E6,0x29E6,0x29E6,0x29E6,0x29E6,0x29E6,0x29E6,0x29E6,0x29E6,0x29E6,0x29E6,0x29E6,0x29E6,0x29E6,0x29E6,0x29E6,0x29E6,0x29E6,0x3246,0x3A66,0x3246,0x3A66,0x3A66,0x31E6,0x31E6,0x31E6,0x29A6,0x29A6,0x29A6,0x31E6,0x29E6,0x29E6,0x29E6,0x29E6,0x29A6,0x29A6,0x29A6,0x29A6,0x29E6,0x29A6,0x29E6,0x29E6,0x29E6,
    0x08A5,0x29A6,0x49E6,0x49E6,0x49E6,0x4A46,0x4A46,0x4A46,0x49E6,0x49E6,0x49E6,0x49E6,0x49E6,0x49E6,0x49E6,0x4A46,0x4A46,0x49E6,0x49E6,0x49E6,0x4A46,0x4A46,0x4A46,0x4A46,0x4A46,0x4A46,0x4A46,0x4A46,0x4A46,0x4A46,0x4A46,0x4A46,0x49E6,0x49E6,0x4A46,0x4A46,0x4A46,0x4A46,0x4A46,0x4A46,0x4A46,0x4A46,0x49E6,0x49E6,0x49E6,
  },
  {
    0x1907,0x198A,0x5BB5,0x5BB5,0x5BB5,0x5BB5,0x5BB5,0x5BB5,0x5BB5,0x5BB5,0x5BB5,0x5BB5,0x5BB5,0x5BB5,0x5B73,0x5B73,0x5BB5,0x5BB5,0x5BB5,0x5BB5,0x5BB5,0x5BB5,0x5BB5,0x5BB5,0x5BB5,0x5BB5,0x5BB5,0x5BB5,0x5BB5,0x5BB5,0x5BB5,0x5BB5,0x5BB5,0x5BB5,0x5BB5,0x5BB5,0x5BB5,0x5BB5,0x5B73,0x5B73,0x5BB5,0x5BB5,0x5BB5,0x5B73,0x1907,
    0x1907,0x6437,0x857D,0x7D3D,0x7D3D,0x857D,0x857D,0x857D,0x857D,0x857D,0x857D,0x857D,0x857D,0x857D,0x857D,0x857D,0x857D,0x857D,0x857D,0x857D,0x857D,0x857D,0x857D,0x857D,0x857D,0x857D,0x857D,0x857D,0x857D,0x857D,0x857D,0x857D,0x857D,0x857D,0x857D,0x857D,0x857D,0x857D,0x857D,0x857D,0x857D,0x857D,0x857D,0x857D,0x5B73,
    0x1907,0x851A,0x7D3D,0x7D1C,0x7D1C,0x7D3D,0x7D3D,0x7D1C,0x7D1C,0x7D3D,0x7D3D,0x7D3D,0x7D3D,0x7D3D,0x7D3D,0x7D3D,0x7D3D,0x7D3D,0x7D3D,0x7D3D,0x7D3D,0x7D3D,0x7D3D,0x7D3D,0x7D3D,0x7D3D,0x7D3D,0x7D3D,0x7D3D,0x7D3D,0x7D3D,0x7D3D,0x7D3D,0x7D3D,0x7D3D,0x7D3D,0x7D3D,0x7D3D,0x7D3D,0x7D3D,0x7D3D,0x7D3D,0x7D3D,0x857D,0x5BB5,
    0x1907,0x851A,0x855D,0x7D3D,0x7D3D,0x74DB,0x74DB,0x855D,0x7D3D,0x7D3D,0x7D3D,0x959D,0x855D,0x7D3D,0x7D3D,0x7D3D,0x7D3D,0x7D3D,0x7D3D,0x855D,0x855D,0x7D3D,0x7D3D,0x7D3D,0x7D3D,0x7D3D,0x7D3D,0x7D3D,0x7D3D,0x7D3D,0x7D3D,0x7D3D,0x7D3D,0x7D3D,0x855D,0x855D,0x855D,0x855D,0x7D3D,0x855D,0x855D,0x855D,0x7D3D,0x7D3D,0x5BB5,
    0x1907,0x851A,0x855D,0x7D1C,0x7D3D,0x4B95,0x5BB5,0x857D,0x7D3D,0x7D3D,0x7D3D,0x959D,0x857D,0x7D3D,0x7D3D,0x7D3D,0x7D3D,0x7D3D,0x855D,0x855D,0x7D3D,0x857D,0x857D,0x7D3D,0x7D3D,0x7D3D,0x7D3D,0x7D3D,0x7D3D,0x7D3D,0x7D3D,0x855D,0x855D,0x7D3D,0x959D,0x9DDD,0x7D3D,0x7D3D,0x7D3D,0x7D3D,0x855D,0x7D3D,0xA5FD,0xD6DD,0x84B8,
    0x1907,0x6CBA,0x7D3D,0x7D3D,0x647A,0x5BB5,0x84B8,0x74DB,0x855D,0x855D,0x855D,0x7D3D,0x7D3D,0x7D3D,0x7D3D,0x855D,0x7D3D,0x855D,0x855D,0x857D,0x855D,0x857D,0x857D,0x855D,0x855D,0x857D,0x857D,0x855D,0x855D,0x855D,0x855D,0x855D,0x857D,0x959D,0x959D,0x857D,0x855D,0x855D,0x855D,0x855D,0x7D3D,0xAE1D,0xF77D,0xF77D,0xA5DB,
    0x1907,0xADFC,0x9DDD,0x7D1C,0x74DB,0x6437,0x84B8,0x74DB,0x857D,0x857D,0x857D,0x857D,0x857D,0x857D,0x855D,0x855D,0x857D,0x857D,0x959D,0x959D,0x959D,0x857D,0x857D,0x857D,0x857D,0x857D,0x959D,0x857D,0x959D,0x857D,0x857D,0x857D,0x959D,0x959D,0x959D,0x959D,0x959D,0x857D,0x857D,0x7D3D,0x857D,0xEF3D,0xF77D,0xF77D,0x84B8,
    0x1907,0xDEFD,0xF77D,0xC69D,0x5BB5,0x84B8,0xA5DB,0x6437,0x857D,0x857D,0x857D,0x857D,0x959D,0x857D,0x855D,0xC67C,0xD6DD,0x959D,0x857D,0x959D,0x959D,0x959D,0x959D,0x959D,0x959D,0x959D,0x959D,0x959D,0x959D,0x959D,0x959D,0x959D,0x959D,0x959D,0x959D,0x959D,0x959D,0x959D,0x855D,0xA5FD,0x95BD,0xE71D,0xF77D,0xF77D,0x84B8,
    0x1907,0xD6BC,0xF77D,0xF77D,0x84B8,0x851A,0xD6DD,0x5BB5,0x857D,0x855D,0x857D,0x857D,0x959D,0x959D,0xC67C,0xEF3D,0xF77D,0xD6BC,0x95BD,0x857D,0x959D,0x959D,0x959D,0x959D,0x959D,0x959D,0x959D,0x857D,0x857D,0x857D,0x857D,0x959D,0x959D,0x959D,0x959D,0x959D,0x857D,0x857D,0xA5FD,0xEF3D,0xE71D,0xEF3D,0xEF3D,0xDEFD,0x84B8,
    0x1907,0xDEFD,0xF77D,0xE71D,0x5BB5,0x7D1C,0xDEFD,0x5BB5,0x74DB,0x857D,0x855D,0x857D,0xA5FD,0xBE7D,0xC69D,0xC69D,0xD6DD,0xDEFD,0xD6DD,0xA5FD,0x959D,0x857D,0x959D,0x959D,0x959D,0x959D,0x857D,0x95BD,0xC69D,0xC69D,0x95BD,0x959D,0x959D,0x959D,0x959D,0x959D,0xA5FD,0xBE5D,0xEF3D,0xEF3D,0xDEFD,0xDEFD,0xD6DD,0xBE7D,0x84B8,
    0x1907,0xD6BC,0xF77D,0xA5DB,0x4B95,0x855D,0xF77D,0xA5DB,0x647A,0x95BD,0x957C,0x959D,0x95BD,0xA5FD,0x9DDD,0x95BD,0xA5FD,0xA5FD,0xA5FD,0xA5FD,0x95BD,0x959D,0x959D,0x95BD,0x95BD,0x959D,0x95BD,0xE71D,0xF77D,0xF77D,0xE71D,0x9DDD,0x95BD,0x959D,0x959D,0x959D,0xA5FD,0xAE3D,0xAE3D,0xAE3D,0xA5FD,0xA5FD,0x9DDD,0xA5FD,0x6437,
    0x1907,0xC67C,0xC69D,0x5B73,0x4B95,0x5419,0x955A,0x955A,0x5BB5,0x957C,0x957C,0x959D,0x95BD,0x95BD,0x959D,0x959D,0x959D,0x95BD,0x95BD,0x959D,0x959D,0x95BD,0x95BD,0x9DDD,0x9DDD,0x959D,0xD6BC,0xF77D,0xF77D,0xF77D,0xF77D,0xBE7D,0x959D,0x959D,0x95BD,0x9DDD,0x95BD,0x95BD,0x9DDD,0x9DDD,0x95BD,0x959D,0x959D,0x9DDD,0x6437,
    0x1907,0xB63C,0xDEFD,0x5B73,0x32B1,0x5419,0x851A,0x84B8,0x5BB5,0xADFC,0x95BD,0x957C,0x95BD,0x95BD,0x95BD,0x95BD,0x959D,0x95BD,0x95BD,0x95BD,0x95BD,0x95BD,0x959D,0x95BD,0xDEFD,0xD6BC,0xE71D,0xF77D,0xEF3D,0xF77D,0xF77D,0xD6DD,0xE71D,0xAE1D,0x857D,0x95BD,0x9DDD,0x9DDD,0x9DDD,0x9DDD,0xA5FD,0x95BD,0x95BD,0x9DDD,0x6437,
    0x1907,0xC67C,0x84B8,0x4B95,0x74DB,0x855D,0xDEFD,0xF77D,0x84B8,0xA5DB,0xF77D,0x959D,0x857D,0x959D,0x95BD,0x95BD,0x95BD,0x95BD,0x959D,0x95BD,0x95BD,0x9DDD,0x9DDD,0xD6DD,0xF77D,0xF77D,0xEF3D,0xEF3D,0xD6DD,0xE71D,0xDEFD,0xDEFD,0xEF3D,0xD6DD,0xAE1D,0xA5FD,0x9DDD,0x9DDD,0x9DDD,0x9DDD,0x957C,0x9DDD,0xA5FD,0xAE3D,0x6437,
    0x1907,0x955A,0x4B95,0x74DB,0x647A,0x95BD,0xC67C,0xC67C,0xD6DD,0x6437,0xE71D,0xDEFD,0xAE3D,0xA5FD,0x95BD,0x95BD,0x95BD,0x95BD,0x9DDD,0x9DDD,0xA5FD,0xBE7D,0xD6BC,0xDEFD,0xDEFD,0xD6DD,0xC69D,0xC69D,0xBE7D,0xC69D,0xBE7D,0xB63C,0xB63C,0xBE5D,0xAE3D,0xAE3D,0x9DDD,0x9DDD,0x9DDD,0x95BD,0x84B8,0x857D,0x9DDD,0xA5FD,0x6437,
    0x1907,0x42D0,0x32B1,0x4333,0x222E,0x6437,0x5BB5,0x19EC,0xADFC,0xA5DB,0x84B8,0xBE7D,0xAE1D,0xAE3D,0xA5FD,0xA5FD,0x9DDD,0xA5FD,0xA5FD,0xA5FD,0xA5FD,0xAE1D,0xAE1D,0xA5FD,0xA5FD,0xA5FD,0xA5FD,0xA5FD,0xA5FD,0xA5FD,0xA5FD,0x9DDD,0x9DDD,0xA5FD,0x9DDD,0xA5FD,0xA5FD,0xA5FD,0xA5FD,0x957C,0xA5DB,0x855D,0x9DDD,0xA5FD,0x84B8,
    0x1907,0x5B73,0x222E,0x198A,0x198A,0x19EC,0x222E,0x19EC,0x19EC,0x4312,0x6437,0xAE3D,0x9DDD,0x9DDD,0xA5FD,0xAE1D,0xA5FD,0xA5FD,0xA5FD,0xA5FD,0xA5FD,0xAE1D,0xA5FD,0xA5FD,0xA5FD,0xA5FD,0xA5FD,0xA5FD,0xA5FD,0xA5FD,0xA5FD,0xA5FD,0xA5FD,0x9DDD,0xA5FD,0xAE3D,0xAE1D,0xA5FD,0xAE1D,0x955A,0xA5DB,0x6CBA,0x9DDD,0xAE3D,0x84B8,
    0x1907,0x957C,0x6437,0x198A,0x32B1,0x19EC,0x42D0,0x222E,0x42D0,0xA5DB,0xAE3D,0xA5FD,0xA5FD,0xA5FD,0xA5FD,0xA5FD,0xA5FD,0xA5FD,0xA5FD,0xA5FD,0xA5FD,0xA5FD,0xA5FD,0xA5FD,0xA5FD,0xA5FD,0xA5FD,0xA5FD,0xA5FD,0xA5FD,0xA5FD,0xA5FD,0x9DDD,0xC67C,0xEF3D,0xDEFD,0xAE1D,0xA5FD,0x959D,0xA5DB,0xD6DD,0x6CBA,0xA5FD,0xAE3D,0x84B8,
    0x1907,0x6437,0x32B1,0x4333,0x5419,0x5419,0x84B8,0x6437,0xB63C,0x84B8,0xAE1D,0xAE3D,0xA5FD,0xA5FD,0x7D1C,0x957C,0xAE3D,0xA5FD,0xBE7D,0xC69D,0xAE3D,0xA5FD,0xAE1D,0xA5FD,0xA5FD,0xA5FD,0xA5FD,0xAE1D,0xA5FD,0xA5FD,0xAE1D,0xA5FD,0xD6BC,0xF77D,0xF77D,0xF77D,0xD6BC,0xA5FD,0x851A,0xA5DB,0xDEFD,0x6CBA,0x957C,0xAE3D,0x84B8,
    0x1907,0x19EC,0x5419,0x74DB,0x647A,0x7D1C,0xDEFD,0xDEFD,0xF77D,0xA5DB,0x6437,0xBE7D,0xBE5D,0xA5FD,0x851A,0x955A,0xA5FD,0xAE3D,0xB63C,0xC69D,0xC69D,0xAE3D,0xB63C,0xBE5D,0xAE3D,0xAE3D,0xBE5D,0xBE5D,0xAE3D,0xBE5D,0xBE5D,0xC69D,0xF77D,0xEF3D,0xF77D,0xEF3D,0xE71D,0xE71D,0x84B8,0xC67C,0xD6DD,0x851A,0x851A,0xBE7D,0x84B8,
    0x1907,0x5419,0x74DB,0x4312,0x5419,0x74DB,0xB63C,0xE71D,0xA5DB,0xF77D,0xA5DB,0x955A,0xC69D,0xA5FD,0x955A,0x955A,0xAE3D,0xBE5D,0xBE7D,0xBE5D,0xAE1D,0xC69D,0xC69D,0xD6BC,0xBE7D,0xBE7D,0xBE7D,0xBE7D,0xBE7D,0xBE7D,0xBE5D,0xD6DD,0xF77D,0xF77D,0xF77D,0xDEFD,0xDEFD,0xB63C,0x955A,0xBE5D,0x955A,0x851A,0x84B8,0xA5FD,0x84B8,
    0x1907,0x32B1,0x222E,0x1907,0x4333,0x32B1,0x198A,0xADFC,0x5BB5,0x5B73,0x6437,0x4312,0xD6DD,0x955A,0xA5DB,0xB63C,0xADFC,0xBE7D,0xBE7D,0xBE7D,0xBE7D,0xBE7D,0xBE7D,0xBE7D,0xBE7D,0xBE7D,0xBE7D,0xBE7D,0xBE7D,0xBE5D,0xD6BC,0xF77D,0xF77D,0xF77D,0xE71D,0xD6BC,0xDEFD,0xA5DB,0x5BB5,0x6437,0x5419,0x32B1,0x5B73,0xA5FD,0x84B8,
    0x1907,0x198A,0x198A,0x198A,0x198A,0x198A,0x198A,0x222E,0x322D,0x19EC,0x4312,0x6437,0xDEFD,0x851A,0xB63C,0xB63C,0x957C,0xBE7D,0xBE7D,0xBE7D,0xBE7D,0xBE7D,0xBE5D,0xBE5D,0xBE7D,0xBE7D,0xBE5D,0xC69D,0xEF3D,0xC69D,0xDEFD,0xF77D,0xF77D,0xF77D,0xDEFD,0xD6BC,0xD6DD,0xB63C,0x6437,0xC67C,0x957C,0x647A,0x5BB5,0x955A,0x84B8,
    0x1907,0x198A,0x198A,0x19EC,0x19EC,0x19EC,0x198A,0x198A,0x32B1,0x4312,0x955A,0xF77D,0xB63C,0x647A,0xB63C,0xC67C,0x955A,0xC69D,0xBE7D,0xBE7D,0xBE7D,0xBE7D,0xBE7D,0xBE5D,0xBE7D,0xBE5D,0xBE5D,0xE71D,0xF77D,0xEF3D,0xF77D,0xDEFD,0xB63C,0xC67C,0xDEFD,0xD6DD,0xC67C,0x6437,0xE71D,0xF77D,0xBE7D,0x95BD,0x6CBA,0x5BB5,0x84B8,
    0x1907,0x198A,0x4312,0x4312,0x32B1,0x6437,0x5B73,0x4312,0x955A,0xB63C,0x84B8,0xBE5D,0x955A,0x5419,0x851A,0x851A,0x6437,0xDEFD,0xD6DD,0xBE5D,0xBE7D,0xBE7D,0xBE5D,0xBE5D,0xC67C,0xD6BC,0xDEFD,0xEF3D,0xEF3D,0xEF3D,0xDEFD,0x851A,0xB63C,0x851A,0x957C,0xD6DD,0x84B8,0xADFC,0xA5DB,0x84B8,0xDEFD,0x4B95,0x647A,0x6437,0x322D,
    0x1907,0x4B95,0x647A,0x5419,0x7D1C,0x95BD,0x7D1C,0x957C,0xC69D,0xF77D,0xD6DD,0x5BB5,0x6437,0x74DB,0xB63C,0xD6DD,0x955A,0xB63C,0xEF3D,0xDEFD,0xC69D,0xBE5D,0xBE5D,0xBE7D,0xD6BC,0xD6BC,0xD6BC,0xD6BC,0xD6BC,0xB63C,0x851A,0x851A,0xA5FD,0x851A,0x5419,0x7D1C,0x5B73,0x42D0,0x19EC,0x5BB5,0x5B73,0x198A,0x198A,0x222E,0x322D,
    0x1907,0x5419,0x4333,0x5419,0xBE7D,0x84B8,0x4B95,0xBE7D,0xD6DD,0xA5DB,0xF77D,0xA5DB,0x4B95,0x6437,0x955A,0xB63C,0xE71D,0x955A,0xEF3D,0xF77D,0xE71D,0xD6BC,0xC67C,0xC69D,0xC69D,0xC67C,0xBE5D,0xC67C,0xADFC,0x7D1C,0x647A,0xA5DB,0x955A,0x851A,0x6CBA,0x6CBA,0x74DB,0x4333,0x32B1,0x32B1,0x222E,0x222E,0x19EC,0x32B1,0x5BB5,
    0x1907,0x222E,0x198A,0x4B95,0x6437,0x222E,0x198A,0x5BB5,0xD6BC,0x42D0,0x6437,0xA5DB,0x4312,0x222E,0x42D0,0x4333,0x6437,0x6437,0xB63C,0xF77D,0xEF3D,0xF77D,0xDEFD,0xC69D,0xC69D,0xC67C,0xC67C,0xADFC,0x7D1C,0x7D1C,0x6CBA,0xA5DB,0x74DB,0x7D1C,0x6CBA,0x74DB,0x647A,0x5BB5,0xC69D,0x84B8,0x647A,0x647A,0x5419,0x32B1,0x42D0,
    0x1907,0x1907,0x198A,0x19EC,0x198A,0x198A,0x198A,0x1907,0x42D0,0x19EC,0x198A,0x19EC,0x222E,0x4333,0x32B1,0x4B95,0x4333,0x955A,0xD6BC,0xDEFD,0xDEFD,0xEF3D,0xF77D,0xDEFD,0xD6BC,0xC69D,0x957C,0x851A,0x957C,0x7D1C,0x851A,0xBE5D,0x647A,0x74DB,0x7D1C,0x6CBA,0x5BB5,0xE71D,0xEF3D,0xB63C,0xBE5D,0x7D1C,0x647A,0x5419,0x19EC,
    0x1907,0x198A,0x198A,0x198A,0x198A,0x19EC,0x222E,0x19EC,0x198A,0x19EC,0x19EC,0x4B95,0x5419,0x4B95,0x647A,0x851A,0xA5DB,0x84B8,0xD6DD,0xC67C,0xC67C,0xD6DD,0xEF3D,0xF77D,0xC67C,0x851A,0x74DB,0x957C,0xA5FD,0x7D1C,0x955A,0xD6DD,0x647A,0x647A,0x6CBA,0x84B8,0xE71D,0xC67C,0x6437,0xC67C,0x84B8,0x647A,0x4B95,0x647A,0x5BB5,
    0x1907,0x198A,0x32B1,0x222E,0x32B1,0x32B1,0x4333,0x6437,0x19EC,0x4B95,0x84B8,0x4312,0x4B95,0x74DB,0xAE3D,0xD6BC,0xF77D,0xA5DB,0x955A,0xC69D,0xC69D,0xD6DD,0xD6BC,0xB63C,0x74DB,0x6CBA,0x957C,0x95BD,0x7D1C,0x647A,0xA5DB,0xA5DB,0x5419,0x647A,0x647A,0x5BB5,0x84B8,0x19EC,0x42D0,0x955A,0x198A,0x32B1,0x19EC,0x19EC,0x322D,
    0x1907,0x4333,0x4B95,0x4B95,0x74DB,0x4312,0x5BB5,0x957C,0x647A,0x6437,0xC69D,0xADFC,0x4312,0x5BB5,0x851A,0xD6BC,0x955A,0xD6DD,0x851A,0xA5DB,0xD6DD,0xBE5D,0x957C,0x7D1C,0x7D1C,0x7D1C,0x855D,0x851A,0x7D1C,0x647A,0x955A,0x6CBA,0x5419,0x4B95,0x6CBA,0x647A,0x32B1,0x198A,0x222E,0x19EC,0x198A,0x1907,0x198A,0x198A,0x198A,
    0x1907,0x5419,0x32B1,0x4333,0x647A,0x19EC,0x4312,0x74DB,0xBE7D,0x955A,0xA5DB,0xF77D,0xA5DB,0x222E,0x32B1,0x5BB5,0x32B1,0x4333,0x5BB5,0x84B8,0xA5FD,0x7D1C,0x851A,0x851A,0x7D1C,0x7D1C,0x957C,0x957C,0x647A,0x84B8,0x955A,0x6437,0x4B95,0x4B95,0x6437,0x647A,0x4333,0x4312,0x4333,0x32B1,0x32B1,0x4B95,0x4312,0x222E,0x19EC,
    0x1907,0x32B1,0x1907,0x222E,0x222E,0x1907,0x198A,0x19EC,0x84B8,0x955A,0x222E,0x84B8,0xDEFD,0x5BB5,0x32B1,0x32B1,0x32B1,0x32B1,0x851A,0x957C,0x74DB,0x7D1C,0x7D1C,0x7D1C,0x95BD,0x957C,0x7D1C,0x7D1C,0x6437,0x32B1,0x19EC,0x19EC,0x19EC,0x222E,0x4B95,0x4B95,0xA5DB,0xC67C,0xADFC,0x84B8,0x5419,0x74DB,0x7D1C,0x647A,0x42D0,
    0x1907,0x198A,0x198A,0x198A,0x1907,0x1907,0x1907,0x198A,0x19EC,0x322D,0x198A,0x198A,0x42D0,0x42D0,0x6437,0x647A,0x84B8,0x84B8,0x5419,0x7D1C,0x851A,0x851A,0x851A,0xB63C,0xA5DB,0x74DB,0x74DB,0x7D1C,0x5419,0x84B8,0xA5DB,0x4333,0x4B95,0x4333,0x222E,0x84B8,0xF77D,0xD6DD,0x955A,0x957C,0x6CBA,0x74DB,0x74DB,0x857D,0x5BB5,
    0x1907,0x198A,0x198A,0x198A,0x1907,0x1907,0x1907,0x198A,0x198A,0x198A,0x19EC,0x19EC,0x4333,0x6CBA,0x6CBA,0xA5DB,0xA5DB,0xE71D,0x955A,0x6CBA,0x7D1C,0x74DB,0x957C,0xAE1D,0x6CBA,0x6CBA,0x7D1C,0x6CBA,0x84B8,0xC67C,0x84B8,0x4312,0x4B95,0x4333,0x84B8,0xE71D,0x84B8,0x5BB5,0x6437,0x955A,0x19EC,0x4B95,0x4333,0x4B95,0x5B73,
    0x1907,0x222E,0x19EC,0x19EC,0x198A,0x1907,0x1907,0x19EC,0x198A,0x32B1,0x32B1,0x4B95,0x4B95,0x5BB5,0x4B95,0x6437,0x6437,0x955A,0xC69D,0x851A,0x647A,0x74DB,0x7D1C,0x855D,0x647A,0x5419,0x7D3D,0x5BB5,0x42D0,0x4333,0x19EC,0x198A,0x19EC,0x19EC,0x5B73,0x4312,0x19EC,0x19EC,0x42D0,0x322D,0x1907,0x198A,0x19EC,0x198A,0x198A,
    0x1907,0x4333,0x4333,0x32B1,0x198A,0x198A,0x1907,0x4312,0x5419,0x32B1,0x222E,0x32B1,0x222E,0x222E,0x222E,0x222E,0x32B1,0x32B1,0x32B1,0x4B95,0x647A,0x74DB,0x6CBA,0x7D1C,0x5BB5,0x4B95,0x74DB,0x6CBA,0x32B1,0x32B1,0x4B95,0x4333,0x32B1,0x4312,0x198A,0x198A,0x198A,0x198A,0x198A,0x198A,0x198A,0x198A,0x198A,0x198A,0x1907,
    0x1907,0x222E,0x222E,0x32B1,0x198A,0x198A,0x1907,0x32B1,0x5419,0x4333,0x19EC,0x19EC,0x222E,0x19EC,0x198A,0x19EC,0x222E,0x222E,0x32B1,0x5419,0x74DB,0x5419,0x5419,0x74DB,0x4333,0x4333,0x6CBA,0x647A,0x955A,0xA5DB,0x84B8,0x6437,0x222E,0x5BB5,0x32B1,0x32B1,0x19EC,0x198A,0x198A,0x198A,0x198A,0x198A,0x198A,0x198A,0x198A,
    0x1907,0x19EC,0x19EC,0x19EC,0x198A,0x322D,0x322D,0x32B1,0x4333,0x4333,0x5BB5,0x32B1,0x4333,0x222E,0x198A,0x42D0,0x4333,0x4B95,0x647A,0x647A,0x6CBA,0x4333,0x5419,0x647A,0x32B1,0x4312,0x6437,0x4333,0x84B8,0x42D0,0x222E,0x222E,0x19EC,0x19EC,0x19EC,0x19EC,0x4333,0x32B1,0x32B1,0x19EC,0x198A,0x198A,0x222E,0x222E,0x32B1,
    0x1907,0x198A,0x198A,0x198A,0x1907,0x322D,0x322D,0x198A,0x222E,0x42D0,0x5BB5,0x4333,0x647A,0x222E,0x322D,0x42D0,0x6CBA,0x6CBA,0x647A,0x5419,0x5419,0x4333,0x4B95,0x4B95,0x32B1,0x32B1,0x4B95,0x32B1,0x19EC,0x19EC,0x19EC,0x198A,0x198A,0x198A,0x19EC,0x32B1,0x4333,0x32B1,0x222E,0x19EC,0x322D,0x198A,0x32B1,0x222E,0x19EC,
    0x1907,0x32B1,0x19EC,0x198A,0x1907,0x322D,0x322D,0x19EC,0x222E,0x222E,0x42D0,0x222E,0x4B95,0x42D0,0x322D,0x42D0,0x5419,0x5419,0x5419,0x5419,0x4333,0x32B1,0x4B95,0x4B95,0x32B1,0x32B1,0x4333,0x4B95,0x4333,0x32B1,0x32B1,0x19EC,0x19EC,0x222E,0x32B1,0x4333,0x32B1,0x222E,0x4B95,0x42D0,0x322D,0x198A,0x19EC,0x198A,0x198A,
    0x1907,0x5419,0x4B95,0x222E,0x198A,0x198A,0x322D,0x42D0,0x32B1,0x198A,0x222E,0x19EC,0x32B1,0x322D,0x42D0,0x42D0,0x4B95,0x4333,0x4B95,0x5419,0x4B95,0x32B1,0x4B95,0x4B95,0x32B1,0x32B1,0x4312,0x32B1,0x4333,0x5419,0x32B1,0x322D,0x19EC,0x32B1,0x4333,0x32B1,0x6437,0x84B8,0x959D,0x5B73,0x322D,0x198A,0x198A,0x198A,0x198A,
    0x1907,0x647A,0x74DB,0x6CBA,0x6437,0x322D,0x322D,0x42D0,0x647A,0x5B73,0x32B1,0x19EC,0x19EC,0x322D,0x42D0,0x42D0,0x32B1,0x4333,0xA5DB,0x4B95,0x32B1,0x32B1,0x4333,0x4333,0x32B1,0x32B1,0x4312,0x32B1,0x32B1,0x32B1,0x32B1,0x322D,0x42D0,0x84B8,0x957C,0x95BD,0xBE7D,0x957C,0x647A,0x42D0,0x322D,0x198A,0x198A,0x32B1,0x4312,
    0x1907,0x851A,0x7D3D,0x7D1C,0x959D,0x647A,0x5B73,0x322D,0x5B73,0x855D,0x74DB,0x6437,0x32B1,0x322D,0x5B73,0x84B8,0x222E,0x32B1,0x6437,0x6437,0x4333,0x32B1,0x4333,0x4333,0x32B1,0x32B1,0x32B1,0x222E,0x32B1,0x4333,0x4B95,0x4312,0xC67C,0xE71D,0x851A,0x95BD,0x957C,0x647A,0x4B95,0x42D0,0x322D,0x19EC,0x32B1,0x5419,0x4B95,
    0x1907,0xA5DB,0xB63C,0xA5DB,0xA5DB,0xB63C,0x95BD,0x6CBA,0x5BB5,0x74DB,0x959D,0x959D,0x857D,0x851A,0x6437,0x6437,0x222E,0x222E,0x32B1,0x4333,0x4312,0x32B1,0x4312,0x32B1,0x19EC,0x32B1,0x32B1,0x4312,0x84B8,0xADFC,0x955A,0x955A,0xC69D,0xBE5D,0x6437,0x6437,0x74DB,0x647A,0x32B1,0x322D,0x4312,0x5419,0x647A,0x6CBA,0x5BB5,
    0x1907,0xADFC,0xE71D,0xF77D,0xD6DD,0xDEFD,0xC67C,0xBE5D,0xA5DB,0x851A,0x855D,0x959D,0xAE3D,0xD6BC,0xBE5D,0x955A,0x84B8,0x5B73,0x222E,0x32B1,0x32B1,0x32B1,0x32B1,0x32B1,0x42D0,0x6437,0xA5DB,0xE71D,0xDEFD,0xBE7D,0x955A,0xB63C,0x4333,0x5BB5,0x4312,0x322D,0x4333,0x6CBA,0x5419,0x647A,0x7D1C,0x9DDD,0x95BD,0x7D1C,0x6437,
    0x1907,0x955A,0xC69D,0xC69D,0xADFC,0xD6BC,0xE71D,0xEF3D,0xEF3D,0xE71D,0xC67C,0xA5FD,0xADFC,0xD6BC,0xE71D,0xE71D,0xE71D,0xD6BC,0x955A,0x84B8,0x4B95,0x4B95,0x6437,0x84B8,0xC67C,0xD6DD,0xD6DD,0xBE5D,0xAE1D,0x957C,0x955A,0x5BB5,0x19EC,0x198A,0x198A,0x222E,0x4B95,0x855D,0x95BD,0xADFC,0xD6BC,0xD6DD,0x955A,0xA5FD,0x84B8,
    0x1907,0x851A,0x957C,0x851A,0xDEFD,0xA5DB,0xD6BC,0xEF3D,0xD6DD,0xDEFD,0xE71D,0xEF3D,0xC69D,0xADFC,0xC67C,0xE71D,0xE71D,0xDEFD,0xDEFD,0xDEFD,0xDEFD,0xC67C,0x955A,0x955A,0x957C,0x955A,0x957C,0xA5FD,0x95BD,0x6437,0x322D,0x19EC,0x42D0,0x4312,0x4333,0x74DB,0x7D1C,0xAE1D,0xDEFD,0xC67C,0xC67C,0xC69D,0xD6DD,0xE71D,0x955A,
    0x1907,0x851A,0x7D1C,0x74DB,0xDEFD,0xE71D,0xA5DB,0xEF3D,0xDEFD,0xC67C,0xB63C,0xB63C,0xAE1D,0x957C,0x957C,0xADFC,0xC69D,0xDEFD,0xC67C,0xC67C,0xC67C,0xC67C,0xC67C,0xD6DD,0xD6BC,0xBE7D,0xA5DB,0x855D,0x7D1C,0x647A,0x6437,0x6437,0x74DB,0x959D,0x9DDD,0xB63C,0xB63C,0xC69D,0xADFC,0xD6BC,0xB63C,0x957C,0xD6DD,0xD6DD,0x84B8,
    0x1907,0x6437,0x6CBA,0x647A,0x957C,0xF77D,0xBE5D,0xC69D,0xEF3D,0xDEFD,0xDEFD,0xD6DD,0xB63C,0xA5DB,0x957C,0x7D1C,0x957C,0xB63C,0xADFC,0xC67C,0xDEFD,0xDEFD,0xE71D,0xD6BC,0xC67C,0xAE3D,0xA5DB,0xA5DB,0xBE5D,0xBE5D,0x95BD,0x959D,0xA5FD,0xBE7D,0xD6BC,0xDEFD,0xEF3D,0xA5DB,0xC67C,0xF77D,0xF77D,0xADFC,0x957C,0x9DDD,0x6437,
    0x1907,0x647A,0x32B1,0x4333,0x851A,0x84B8,0x5BB5,0x955A,0xEF3D,0xDEFD,0xDEFD,0xE71D,0xEF3D,0xE71D,0xD6BC,0xC69D,0xD6BC,0xC67C,0xBE7D,0xBE7D,0xBE7D,0xC69D,0xD6BC,0xD6BC,0xD6BC,0xDEFD,0xE71D,0xD6BC,0xAE3D,0xA5FD,0xA5FD,0xB63C,0xDEFD,0xEF3D,0xE71D,0xE71D,0xBE5D,0xA5DB,0xF77D,0xADFC,0xADFC,0xBE5D,0x957C,0x857D,0x6437,
    0x1907,0x4B95,0x4312,0x198A,0x42D0,0x198A,0x84B8,0xD6DD,0xADFC,0xDEFD,0xD6BC,0xDEFD,0xE71D,0xE71D,0xE71D,0xE71D,0xE71D,0xD6DD,0xD6BC,0xD6BC,0xD6BC,0xD6DD,0xDEFD,0xDEFD,0xD6BC,0xBE7D,0xAE1D,0xA5DB,0xADFC,0xC69D,0xDEFD,0xE71D,0xEF3D,0xE71D,0xC69D,0xB63C,0xB63C,0x84B8,0xA5DB,0x5B73,0x322D,0x84B8,0x957C,0x647A,0x5BB5,
    0x198A,0x32B1,0x198A,0x19EC,0x198A,0x198A,0x5BB5,0x5B73,0x6437,0xE71D,0x95BD,0xD6BC,0xDEFD,0xE71D,0xE71D,0xE71D,0xE71D,0xE71D,0xE71D,0xE71D,0xE71D,0xDEFD,0xDEFD,0xC69D,0xAE3D,0xA5FD,0xC67C,0xDEFD,0xE71D,0xEF3D,0xE71D,0xDEFD,0xC69D,0xBE7D,0xBE5D,0x84B8,0xC67C,0x84B8,0x19EC,0x42D0,0x1907,0x6437,0x4312,0x4B95,0x5BB5,
    0x1907,0x5419,0x4333,0x32B1,0x222E,0x4B95,0x4333,0x32B1,0x647A,0x957C,0xAE3D,0xAE1D,0xAE3D,0xC69D,0xDEFD,0xE71D,0xDEFD,0xE71D,0xE71D,0xE71D,0xE71D,0xDEFD,0xDEFD,0xE71D,0xE71D,0xDEFD,0xD6DD,0xC69D,0xBE7D,0xC67C,0xB63C,0xB63C,0xA5FD,0x7D1C,0x959D,0x5BB5,0x222E,0x4312,0x198A,0x198A,0x322D,0x198A,0x222E,0x5419,0x4B95,
    0x1907,0x5419,0x5419,0x5419,0x851A,0x855D,0x955A,0x957C,0x957C,0xA5DB,0xBE7D,0xB63C,0xB63C,0xBE5D,0xBE7D,0xBE5D,0xC69D,0xD6BC,0xDEFD,0xE71D,0xE71D,0xE71D,0xE71D,0xE71D,0xE71D,0xE71D,0xDEFD,0xDEFD,0xD6DD,0xAE1D,0xAE1D,0xA5FD,0xA5FD,0x957C,0x957C,0x647A,0x4B95,0x5BB5,0x42D0,0x322D,0x198A,0x4333,0x5419,0x74DB,0x5BB5,
    0x1907,0x6437,0x74DB,0x851A,0x959D,0xAE1D,0xADFC,0xADFC,0xC67C,0xDEFD,0xD6BC,0xC69D,0xD6DD,0xE71D,0xE71D,0xDEFD,0xDEFD,0xDEFD,0xE71D,0xE71D,0xE71D,0xE71D,0xE71D,0xE71D,0xE71D,0xE71D,0xE71D,0xE71D,0xEF3D,0xE71D,0xE71D,0xDEFD,0xDEFD,0xDEFD,0xC69D,0xBE7D,0xBE7D,0x959D,0x74DB,0x647A,0x5419,0x74DB,0x855D,0x9DDD,0x84B8,
    0x1907,0x955A,0xBE5D,0xADFC,0xBE7D,0xBE7D,0xBE5D,0xC69D,0xD6DD,0xEF3D,0xD6BC,0xBE5D,0xB63C,0xD6BC,0xE71D,0xE71D,0xE71D,0xE71D,0xE71D,0xE71D,0xE71D,0xE71D,0xE71D,0xE71D,0xE71D,0xE71D,0xE71D,0xE71D,0xE71D,0xE71D,0xE71D,0xEF3D,0xE71D,0xDEFD,0xD6BC,0xD6BC,0xB63C,0x957C,0xA5DB,0xA5FD,0x957C,0xADFC,0xAE1D,0xAE3D,0x84B8,
    0x1907,0xA5DB,0xC69D,0xD6DD,0xE71D,0xEF3D,0xE71D,0xE71D,0xE71D,0xE71D,0xEF3D,0xEF3D,0xE71D,0xE71D,0xE71D,0xE71D,0xE71D,0xE71D,0xE71D,0xE71D,0xE71D,0xE71D,0xE71D,0xE71D,0xE71D,0xE71D,0xE71D,0xE71D,0xE71D,0xE71D,0xDEFD,0xD6DD,0xD6BC,0xBE7D,0xC69D,0xC69D,0xBE5D,0xBE5D,0xDEFD,0xDEFD,0xD6DD,0xDEFD,0xD6DD,0xBE7D,0x84B8,
    0x1907,0x955A,0xB63C,0xADFC,0xD6BC,0xC67C,0xA5DB,0xADFC,0xDEFD,0xEF3D,0xE71D,0xE71D,0xE71D,0xE71D,0xE71D,0xE71D,0xE71D,0xE71D,0xE71D,0xE71D,0xDEFD,0xDEFD,0xDEFD,0xBE7D,0xD6DD,0xDEFD,0xD6DD,0xE71D,0xE71D,0xE71D,0xE71D,0xDEFD,0xE71D,0xDEFD,0xE71D,0xEF3D,0xE71D,0xE71D,0xE71D,0xF77D,0xF77D,0xD6BC,0xB63C,0xA5FD,0x84B8,
    0x1907,0x851A,0x957C,0x957C,0x7D1C,0x855D,0xD6BC,0xD6DD,0xA5DB,0xE71D,0xE71D,0xE71D,0xE71D,0xE71D,0xE71D,0xE71D,0xE71D,0xE71D,0xDEFD,0xD6DD,0xD6BC,0xBE7D,0xBE7D,0xBE7D,0xC69D,0xC69D,0xD6BC,0xC69D,0xD6DD,0xE71D,0xE71D,0xE71D,0xE71D,0xE71D,0xE71D,0xE71D,0xE71D,0xE71D,0xD6BC,0xC67C,0xB63C,0x7D1C,0x851A,0x7D1C,0x6437,
    0x1907,0x851A,0x7D1C,0x6CBA,0x6CBA,0x959D,0xD6BC,0xEF3D,0xE71D,0xA5DB,0xE71D,0xE71D,0xE71D,0xE71D,0xE71D,0xE71D,0xE71D,0xE71D,0xE71D,0xE71D,0xE71D,0xE71D,0xD6DD,0xC69D,0xD6BC,0xDEFD,0xE71D,0xE71D,0xE71D,0xE71D,0xE71D,0xE71D,0xE71D,0xE71D,0xE71D,0xE71D,0xE71D,0xEF3D,0xD6DD,0xD6BC,0xC67C,0x955A,0x957C,0x857D,0x6437,
    0x1907,0x74DB,0x6CBA,0x5419,0xAE3D,0x855D,0x6CBA,0xADFC,0xF77D,0xD6BC,0xA5DB,0xEF3D,0xE71D,0xE71D,0xE71D,0xE71D,0xE71D,0xE71D,0xE71D,0xE71D,0xE71D,0xE71D,0xE71D,0xE71D,0xE71D,0xE71D,0xE71D,0xE71D,0xE71D,0xE71D,0xE71D,0xE71D,0xEF3D,0xDEFD,0xC67C,0xE71D,0xEF3D,0xEF3D,0xDEFD,0xD6BC,0xD6DD,0xD6DD,0xAE3D,0xAE1D,0x84B8,
    0x1907,0x74DB,0x7D3D,0x4333,0x4333,0x7D3D,0x32B1,0x84B8,0xADFC,0x5BB5,0x955A,0xDEFD,0xDEFD,0xE71D,0xEF3D,0xE71D,0xE71D,0xE71D,0xE71D,0xE71D,0xE71D,0xE71D,0xE71D,0xE71D,0xE71D,0xE71D,0xE71D,0xE71D,0xE71D,0xDEFD,0xDEFD,0xDEFD,0xD6BC,0xC69D,0xA5FD,0xBE5D,0xBE7D,0xD6BC,0xBE7D,0xAE1D,0xA5FD,0xAE3D,0xB63C,0x95BD,0x6437,
    0x1907,0x647A,0x5419,0x4B95,0x19EC,0x5BB5,0x42D0,0x322D,0x322D,0x6437,0xE71D,0xADFC,0xD6DD,0xD6BC,0xDEFD,0xE71D,0xEF3D,0xE71D,0xE71D,0xE71D,0xE71D,0xE71D,0xE71D,0xE71D,0xE71D,0xE71D,0xE71D,0xE71D,0xE71D,0xD6BC,0xC69D,0xBE7D,0xBE5D,0xB63C,0xBE5D,0xB63C,0xB63C,0xBE5D,0xADFC,0x851A,0x955A,0x74DB,0x957C,0x857D,0x6437,
    0x1907,0x647A,0x4333,0x4333,0x32B1,0x198A,0x222E,0x198A,0x222E,0x6437,0x4312,0x84B8,0xD6DD,0xC69D,0xBE7D,0xD6BC,0xDEFD,0xE71D,0xEF3D,0xE71D,0xE71D,0xE71D,0xE71D,0xE71D,0xE71D,0xE71D,0xE71D,0xE71D,0xE71D,0xE71D,0xE71D,0xDEFD,0xDEFD,0xD6DD,0xD6DD,0xD6DD,0xD6BC,0xBE5D,0x851A,0xB63C,0xEF3D,0xA5DB,0x74DB,0x7D3D,0x6437,
    0x1907,0x647A,0x647A,0x5419,0x647A,0x4333,0x19EC,0x19EC,0x4B95,0x32B1,0x4333,0x851A,0x95BD,0x95BD,0xA5FD,0xBE7D,0xAE1D,0xD6BC,0xDEFD,0xDEFD,0xE71D,0xE71D,0xE71D,0xE71D,0xE71D,0xE71D,0xE71D,0xE71D,0xE71D,0xE71D,0xE71D,0xE71D,0xE71D,0xEF3D,0xE71D,0xDEFD,0xC67C,0x647A,0x955A,0xF77D,0xDEFD,0xA5DB,0x6CBA,0x959D,0x5BB5,
    0x1907,0x5419,0x647A,0x74DB,0x74DB,0x74DB,0x5419,0x5BB5,0x7D1C,0x7D3D,0x9DDD,0xAE1D,0x959D,0x95BD,0xAE3D,0xD6BC,0xD6DD,0xD6DD,0xD6DD,0xDEFD,0xDEFD,0xE71D,0xE71D,0xE71D,0xE71D,0xE71D,0xE71D,0xE71D,0xE71D,0xE71D,0xE71D,0xE71D,0xDEFD,0xD6DD,0xD6BC,0xBE5D,0x955A,0x955A,0x6437,0xA5DB,0x955A,0x32B1,0x6CBA,0x95BD,0x4312,
    0x1907,0x6CBA,0x7D1C,0x855D,0x957C,0x957C,0x7D1C,0x9DDD,0x959D,0x95BD,0xD6BC,0xC69D,0xC69D,0xDEFD,0xDEFD,0xE71D,0xE71D,0xE71D,0xE71D,0xE71D,0xE71D,0xE71D,0xE71D,0xE71D,0xDEFD,0xDEFD,0xE71D,0xDEFD,0xE71D,0xD6DD,0xC69D,0xEF3D,0xD6BC,0xBE5D,0xAE3D,0x957C,0x6437,0xC67C,0x84B8,0x322D,0x5B73,0x198A,0x6CBA,0x32B1,0x42D0,
    0x1907,0x851A,0x9DDD,0xA5FD,0xC69D,0xBE5D,0xA5FD,0xB63C,0xAE1D,0xAE1D,0xB63C,0xBE5D,0xC67C,0xDEFD,0xE71D,0xEF3D,0xE71D,0xE71D,0xE71D,0xDEFD,0xDEFD,0xDEFD,0xD6DD,0xD6BC,0xC69D,0xC69D,0xC69D,0xC69D,0xBE5D,0xC69D,0x957C,0xC67C,0xBE5D,0x957C,0x955A,0x957C,0x5BB5,0x42D0,0x84B8,0x322D,0x322D,0x42D0,0x322D,0x19EC,0x4333,
    0x1907,0x955A,0x95BD,0x95BD,0xAE1D,0xB63C,0xBE5D,0xC69D,0xDEFD,0xBE5D,0xAE1D,0xAE1D,0xAE3D,0xC67C,0xD6DD,0xDEFD,0xE71D,0xE71D,0xDEFD,0xDEFD,0xDEFD,0xDEFD,0xDEFD,0xD6DD,0xC69D,0xB63C,0xA5DB,0xAE1D,0x851A,0x957C,0x7D1C,0x855D,0x957C,0x7D1C,0x7D1C,0x74DB,0x6437,0x19EC,0x198A,0x322D,0x19EC,0x198A,0x198A,0x222E,0x42D0,
    0x1907,0x6437,0x7D1C,0x95BD,0x855D,0x957C,0xB63C,0xC69D,0xE71D,0xDEFD,0xD6BC,0xB63C,0xAE3D,0xAE3D,0xB63C,0xAE1D,0xBE7D,0xC67C,0xC67C,0xD6DD,0xDEFD,0xDEFD,0xE71D,0xE71D,0xDEFD,0xC69D,0xADFC,0x957C,0x7D1C,0x7D1C,0x6CBA,0x74DB,0x7D1C,0x7D1C,0x6CBA,0x4333,0x6437,0x198A,0x198A,0x198A,0x198A,0x198A,0x1907,0x198A,0x42D0,
    0x1907,0x5419,0x647A,0x6CBA,0x647A,0x5419,0x851A,0xA5FD,0xADFC,0xBE5D,0xDEFD,0xDEFD,0xD6BC,0xBE7D,0xBE5D,0xA5FD,0x957C,0x95BD,0xAE1D,0xBE5D,0xC69D,0xD6DD,0xD6DD,0xD6BC,0xC69D,0xB63C,0xBE5D,0xB63C,0xBE7D,0x95BD,0x7D1C,0x957C,0x855D,0x74DB,0x647A,0x4B95,0x5419,0x4333,0x222E,0x32B1,0x19EC,0x222E,0x222E,0x4B95,0x4333,
    0x1907,0x5419,0x5419,0x5419,0x5419,0x5419,0x647A,0x74DB,0x7D1C,0x957C,0xB63C,0xBE7D,0xD6DD,0xDEFD,0xDEFD,0xD6DD,0xBE5D,0xA5FD,0x9DDD,0x9DDD,0xA5FD,0xB63C,0xAE1D,0xA5FD,0xAE1D,0xA5FD,0xA5FD,0xAE1D,0xAE1D,0xB63C,0xC69D,0xDEFD,0xDEFD,0xBE5D,0x9DDD,0x857D,0x6CBA,0x6CBA,0x647A,0x5419,0x4B95,0x5419,0x5419,0x5419,0x4B95,
    0x1907,0x5419,0x5419,0x647A,0x647A,0x6CBA,0x647A,0x647A,0x5419,0x74DB,0x855D,0x95BD,0xAE3D,0xBE7D,0xBE5D,0xBE7D,0xB63C,0xAE1D,0xAE1D,0xAE1D,0x95BD,0x9DDD,0x9DDD,0x9DDD,0xA5FD,0xAE1D,0xA5FD,0x95BD,0xB63C,0xDEFD,0xD6DD,0xC69D,0xD6DD,0xBE5D,0xA5FD,0x9DDD,0x95BD,0x7D1C,0x74DB,0x647A,0x647A,0x5419,0x5419,0x6CBA,0x5BB5,
    0x1907,0x5419,0x5419,0x647A,0x74DB,0x957C,0x855D,0x74DB,0x5419,0x647A,0x647A,0x74DB,0x851A,0x7D1C,0x7D1C,0x7D1C,0xA5FD,0xAE1D,0xAE1D,0xBE5D,0xAE1D,0xA5FD,0xA5FD,0x957C,0x957C,0x957C,0x957C,0x957C,0x95BD,0x95BD,0x855D,0x74DB,0x855D,0x957C,0x957C,0x957C,0x957C,0x6CBA,0x74DB,0x855D,0x7D1C,0x7D1C,0x6CBA,0x6CBA,0x4B95,
    0x1907,0x5419,0x5419,0x5419,0x647A,0x647A,0x74DB,0x957C,0x647A,0x647A,0x647A,0x647A,0x647A,0x6CBA,0x74DB,0x74DB,0x855D,0x95BD,0x95BD,0xA5FD,0xA5FD,0xA5FD,0xA5FD,0x957C,0x855D,0x74DB,0x647A,0x6CBA,0x6CBA,0x6CBA,0x647A,0x6CBA,0x74DB,0x7D1C,0x647A,0x647A,0x647A,0x7D1C,0xAE1D,0xA5DB,0x6CBA,0x5419,0x5419,0x5419,0x4333,
    0x1907,0x5419,0x5419,0x5419,0x647A,0x5419,0x5419,0x647A,0x5419,0x6CBA,0x647A,0x647A,0x74DB,0x74DB,0x7D1C,0x7D1C,0x7D1C,0x7D1C,0x957C,0xA5FD,0xA5FD,0xA5FD,0xA5FD,0xAE1D,0xADFC,0xA5DB,0x957C,0x74DB,0x6CBA,0x6CBA,0x647A,0x647A,0x647A,0x5419,0x647A,0x6CBA,0x851A,0x957C,0x6CBA,0x5419,0x5419,0x5419,0x5419,0x5419,0x4B95,
    0x1907,0x5419,0x647A,0x647A,0x647A,0x647A,0x647A,0x5419,0x5419,0x647A,0x647A,0x647A,0x6CBA,0x6CBA,0x7D1C,0x7D1C,0x7D3D,0x7D3D,0x857D,0x7D3D,0x855D,0x857D,0x959D,0x9DDD,0x95BD,0x857D,0x855D,0x7D3D,0x7D1C,0x74DB,0x647A,0x647A,0x647A,0x647A,0x647A,0x647A,0x647A,0x647A,0x5419,0x5419,0x5419,0x5419,0x5419,0x647A,0x4333,
    0x1907,0x322D,0x5B73,0x4312,0x4312,0x4312,0x4312,0x4312,0x42D0,0x4312,0x4312,0x4312,0x4312,0x4312,0x4312,0x4312,0x4312,0x5B73,0x5B73,0x5B73,0x4312,0x4312,0x4312,0x4312,0x4312,0x4312,0x4312,0x5B73,0x5B73,0x4312,0x4312,0x4312,0x4312,0x4312,0x4312,0x42D0,0x42D0,0x42D0,0x42D0,0x42D0,0x42D0,0x42D0,0x4312,0x4312,0x198A,
  },
  {
    0x0866,0x290A,0x290A,0x290A,0x290A,0x20CB,0x20CB,0x290A,0x20CB,0x290A,0x290A,0x290A,0x290A,0x290A,0x290A,0x290A,0x290A,0x290A,0x20EA,0x20EA,0x20EA,0x20EA,0x20EA,0x20EA,0x290A,0x290A,0x290A,0x290A,0x290A,0x290A,0x290A,0x290A,0x290A,0x290A,0x290A,0x290A,0x290A,0x290A,0x290A,0x290A,0x290A,0x290A,0x290A,0x290A,0x0866,
    0x290A,0x0847,0x0846,0x0866,0x0045,0x186B,0x10AD,0x0846,0x0866,0x0866,0x0846,0x0846,0x0846,0x0846,0x0846,0x0846,0x0846,0x0846,0x0846,0x0846,0x0846,0x0846,0x0045,0x0045,0x0846,0x0866,0x0045,0x10AA,0x1069,0x0045,0x0866,0x0866,0x0846,0x0045,0x0045,0x0045,0x0846,0x0866,0x0846,0x0846,0x0846,0x0866,0x0045,0x1069,0x290A,
    0x20EA,0x0024,0x0045,0x0045,0x0044,0x0044,0x108B,0x108B,0x0024,0x0044,0x0044,0x0044,0x0044,0x0044,0x0044,0x0044,0x0044,0x0044,0x0044,0x0044,0x0045,0x0044,0x0044,0x0044,0x0044,0x0044,0x0044,0x0869,0x0067,0x0044,0x0044,0x0044,0x0044,0x0044,0x0044,0x0044,0x0044,0x0044,0x0044,0x0044,0x0044,0x0044,0x0024,0x1068,0x30CD,
    0x20EA,0x0044,0x0045,0x0045,0x0045,0x0045,0x0045,0x108B,0x10AA,0x0024,0x0045,0x0045,0x0045,0x0045,0x0044,0x0045,0x0045,0x0045,0x0045,0x0045,0x0045,0x0045,0x0044,0x0045,0x0045,0x0045,0x0044,0x088A,0x20CB,0x0044,0x0045,0x0045,0x0045,0x0044,0x0044,0x0044,0x0045,0x0044,0x0045,0x0044,0x0044,0x0044,0x1068,0x10AD,0x290A,
    0x290A,0x0026,0x0846,0x0846,0x0045,0x0045,0x0045,0x0044,0x0869,0x1068,0x0024,0x0044,0x0044,0x0044,0x0044,0x0024,0x0044,0x0044,0x0044,0x0044,0x0044,0x0044,0x0024,0x0044,0x0044,0x0044,0x0024,0x1069,0x10AD,0x0024,0x0024,0x0024,0x0044,0x0024,0x0024,0x0024,0x0044,0x0044,0x0044,0x0024,0x0024,0x0846,0x10AD,0x0846,0x1069,
    0x20CB,0x30CD,0x40CD,0x0847,0x0846,0x0847,0x1068,0x1068,0x0847,0x10AD,0x1068,0x0067,0x1068,0x1068,0x1068,0x1068,0x1068,0x1068,0x1068,0x1068,0x1068,0x1068,0x0847,0x1068,0x1068,0x1068,0x1068,0x0847,0x0869,0x1068,0x1068,0x1068,0x1068,0x1069,0x1068,0x1069,0x1069,0x1068,0x0847,0x0847,0x0044,0x186B,0x108B,0x0866,0x20EA,
    0x20EA,0x40CD,0x91F3,0x7951,0x1069,0x1068,0x1068,0x0847,0x0847,0x1068,0x108B,0x0869,0x0067,0x0847,0x0866,0x0847,0x0847,0x0847,0x0847,0x0067,0x0847,0x0847,0x0067,0x0847,0x0847,0x0847,0x0846,0x0847,0x1069,0x0067,0x0847,0x0847,0x0847,0x1068,0x1068,0x1068,0x1068,0x0847,0x0866,0x0045,0x0847,0x108A,0x0067,0x0847,0x20EA,
    0x290A,0x0847,0x30CD,0x91F3,0x91F3,0x1069,0x0045,0x0045,0x0045,0x0045,0x0866,0x108B,0x0026,0x0024,0x0044,0x0044,0x0044,0x0044,0x0044,0x0044,0x0044,0x0044,0x0044,0x0044,0x0044,0x0044,0x0024,0x0847,0x1069,0x0024,0x0045,0x0044,0x0024,0x0045,0x0847,0x0846,0x0045,0x0044,0x0024,0x0044,0x1069,0x0044,0x0044,0x0024,0x20EA,
    0x290A,0x0847,0x1069,0x206B,0x91F3,0x91F3,0x206B,0x0866,0x0847,0x0846,0x0846,0x0847,0x186B,0x0045,0x0044,0x0045,0x0846,0x0045,0x0045,0x0045,0x0045,0x0045,0x0045,0x0045,0x0026,0x0045,0x0045,0x0847,0x1069,0x0045,0x0846,0x0846,0x0045,0x0026,0x7951,0x290A,0x0846,0x0045,0x0044,0x186B,0x0045,0x0024,0x0044,0x0024,0x20EA,
    0x20EA,0x0846,0x0847,0x1069,0x1069,0x5930,0x91F3,0x40CD,0x0847,0x0847,0x0866,0x0026,0x0846,0x1069,0x0044,0x0045,0x0045,0x0846,0x0045,0x0045,0x0045,0x0045,0x0045,0x0045,0x0045,0x0045,0x0045,0x0846,0x0847,0x0866,0x0846,0x0846,0x0846,0x290A,0x91F3,0x7951,0x1068,0x0866,0x1068,0x0866,0x0044,0x0045,0x0044,0x0024,0x20EA,
    0x20EA,0x0067,0x0067,0x0847,0x1069,0x1069,0x40CD,0x91F3,0x7951,0x206B,0x0847,0x0866,0x0045,0x0846,0x0847,0x0026,0x0846,0x0846,0x0846,0x0846,0x0846,0x0846,0x0846,0x0026,0x0045,0x0026,0x0846,0x0847,0x0847,0x0847,0x0866,0x0866,0x0847,0x91F3,0x5930,0x91F3,0x40CD,0x0847,0x0866,0x0866,0x0866,0x0045,0x0045,0x0045,0x20EA,
    0x20EA,0x0889,0x0869,0x0869,0x0847,0x1068,0x0847,0x290A,0x91F3,0x91F3,0x206B,0x186B,0x186B,0x1069,0x108A,0x186B,0x186B,0x186B,0x186B,0x186B,0x186B,0x186B,0x108B,0x186B,0x108A,0x108B,0x108B,0x186B,0x186B,0x206B,0x206B,0x1069,0x40CD,0x91F3,0x0847,0x7951,0x7951,0x1069,0x206B,0x206B,0x1069,0x0045,0x0846,0x0067,0x290A,
    0x20EA,0x08CC,0x1970,0x0847,0x0847,0x0847,0x0847,0x0847,0x206B,0x91F3,0x91F3,0x30CD,0x0846,0x0866,0x0846,0x0846,0x0026,0x0045,0x0026,0x0026,0x0026,0x0045,0x0045,0x0045,0x0045,0x0026,0x0846,0x0044,0x290A,0x91F3,0x91F3,0x91F3,0x91F3,0x5930,0x0026,0x206B,0x91F3,0x91F3,0x91F3,0x91F3,0x40CD,0x0045,0x0044,0x0024,0x20EA,
    0x20EA,0x110F,0x4B54,0x19F3,0x08AB,0x0847,0x0847,0x1068,0x1069,0x1069,0x5930,0x91F3,0x40CD,0x0847,0x0847,0x0846,0x0846,0x0026,0x0026,0x0026,0x0026,0x0026,0x0846,0x0846,0x0846,0x0846,0x0866,0x0044,0x290A,0x91F3,0x40CD,0x40CD,0x30CD,0x1069,0x0847,0x0847,0x20EA,0x290A,0x290A,0x91F3,0x5930,0x0026,0x0045,0x0045,0x20EA,
    0x20EA,0x110F,0x19F3,0x1970,0x1A75,0x11B2,0x08AA,0x0869,0x1068,0x1068,0x0847,0x290A,0x91F3,0x7951,0x1069,0x0847,0x0846,0x0846,0x0846,0x0026,0x0026,0x0045,0x0067,0x0067,0x0846,0x0866,0x0846,0x0866,0x0026,0x40CD,0x91F3,0x206B,0x0869,0x1068,0x0847,0x0846,0x0846,0x0846,0x5930,0x40CD,0x0026,0x0866,0x0866,0x0045,0x20EA,
    0x20EA,0x110F,0x11B2,0x0869,0x08CC,0x1A75,0x1A75,0x110F,0x0869,0x0847,0x0847,0x1068,0x20CB,0x7951,0x5930,0x1068,0x0866,0x0026,0x0026,0x0026,0x0026,0x0846,0x0846,0x0846,0x0866,0x0866,0x0847,0x0847,0x40CD,0x5930,0x91F3,0x91F3,0x7951,0x91F3,0x7951,0x7951,0x7951,0x7951,0x91F3,0x5930,0x290A,0x0846,0x0847,0x0026,0x20EA,
    0x20EA,0x212B,0x4B54,0x08CC,0x0889,0x0889,0x1970,0x1A75,0x0869,0x0847,0x0026,0x0847,0x0847,0x40CD,0x5930,0x0847,0x0847,0x0846,0x1068,0x0846,0x0846,0x0846,0x0846,0x0846,0x0846,0x0866,0x0026,0x7951,0x7951,0x40CD,0x5930,0x7951,0x5930,0x5930,0x5930,0x40CD,0x40CD,0x5930,0x40CD,0x40CD,0x7951,0x40CD,0x0067,0x0846,0x20EA,
    0x290A,0x0889,0x1A75,0x1A75,0x1A75,0x110F,0x088A,0x11B2,0x08AA,0x0846,0x1069,0x1068,0x0847,0x40CD,0x5930,0x0847,0x0847,0x0847,0x290A,0x1068,0x0846,0x0846,0x0846,0x0846,0x0866,0x0866,0x0846,0x40CD,0x91F3,0x40CD,0x08AA,0x212B,0x08AA,0x0067,0x0026,0x0026,0x0067,0x20EA,0x41D1,0x212B,0x7951,0x5930,0x0067,0x0846,0x20EA,
    0x20EA,0x0869,0x0869,0x08AB,0x11B2,0x1A75,0x4B54,0x1A75,0x0869,0x0067,0x08AA,0x1069,0x0847,0x40CD,0x5930,0x0847,0x0847,0x0847,0x0869,0x0847,0x0847,0x0869,0x0847,0x0847,0x0847,0x0866,0x0847,0x0847,0x5930,0x41D1,0x212B,0x6A92,0x08AB,0x212B,0x6A92,0x290A,0x0026,0x6A92,0x6A92,0x20EA,0x20EA,0x0869,0x1068,0x0846,0x20EA,
    0x20EA,0x0067,0x0889,0x0869,0x0869,0x08AB,0x11B2,0x11B2,0x0847,0x0847,0x08CC,0x1068,0x0067,0x40CD,0x7951,0x0847,0x0847,0x0847,0x0847,0x0847,0x0869,0x0869,0x0869,0x0869,0x08AB,0x08AA,0x0847,0x1068,0x0847,0x0869,0x41D1,0x6A92,0x41D1,0x8CD2,0x6A92,0x8CD2,0x41D1,0x212B,0x41D1,0x0026,0x0067,0x0847,0x20EA,0x0847,0x20EA,
    0x290A,0x206B,0x1068,0x0847,0x0869,0x08AB,0x108A,0x0869,0x0847,0x0847,0x08CC,0x0889,0x0869,0x40CD,0x7951,0x0847,0x1068,0x1068,0x1068,0x1068,0x0869,0x0869,0x0869,0x0869,0x0889,0x0869,0x1068,0x1068,0x1068,0x0869,0x6A92,0x8CD2,0x8CD2,0x290A,0x0067,0x08AA,0x6A92,0x8CD2,0x6A92,0x0026,0x0847,0x0847,0x0067,0x0846,0x20EA,
    0x290A,0x7951,0x5930,0x40CD,0x206B,0x20CB,0x1068,0x1068,0x0846,0x0847,0x0889,0x1068,0x0869,0x40CD,0x7951,0x1068,0x1069,0x0889,0x108A,0x0869,0x0869,0x0869,0x0869,0x0869,0x0869,0x0869,0x0869,0x0889,0x1068,0x0869,0x41D1,0x8CD2,0x212B,0x0869,0x0889,0x0889,0x0889,0x6A92,0x290A,0x0026,0x0866,0x0067,0x0866,0x0846,0x20EA,
    0x20EA,0x5930,0x91F3,0x91F3,0x91F3,0x7951,0x7951,0x206B,0x206B,0x1068,0x0869,0x0889,0x0869,0x40CD,0x7951,0x1069,0x1069,0x186B,0x108B,0x0869,0x0889,0x0869,0x0869,0x0869,0x0869,0x0889,0x088A,0x08CC,0x088A,0x0889,0x10AA,0x0889,0x0869,0x1069,0x0847,0x0847,0x1068,0x0067,0x0067,0x0067,0x0869,0x0889,0x0866,0x0045,0x20EA,
    0x290A,0x5930,0x91F3,0x8CD2,0x8CD2,0x8CD2,0x91F3,0x91F3,0x7951,0x40CD,0x1069,0x0869,0x0847,0x40CD,0x5930,0x0869,0x186B,0x30CD,0x30CD,0x108B,0x0889,0x0869,0x0889,0x1068,0x0889,0x10AA,0x108B,0x10AD,0x08AB,0x0889,0x10AA,0x1069,0x1068,0x1068,0x08AB,0x0889,0x08CC,0x1970,0x110F,0x212B,0x4130,0x19F3,0x0889,0x0067,0x20EA,
    0x290A,0x7951,0x91F3,0x8CD2,0x8CD2,0x8CD2,0x8CD2,0x8CD2,0x7951,0x40CD,0x1069,0x088A,0x0869,0x40CD,0x5930,0x186B,0x30CD,0x30CD,0x30CD,0x4130,0x10AD,0x0889,0x0869,0x088A,0x108B,0x108A,0x108B,0x1970,0x10AD,0x10AD,0x10AD,0x1069,0x0847,0x08AA,0x19F3,0x6A92,0x8CD2,0x8CD2,0x8CD2,0x8CD2,0x8CD2,0x30CD,0x0067,0x0846,0x20EA,
    0x290A,0x40CD,0x5930,0x7951,0x91F3,0x91F3,0x91F3,0x91F3,0x7951,0x40CD,0x1069,0x0889,0x1069,0x30CD,0x40CD,0x30CD,0x10AD,0x7951,0x4130,0x10AD,0x30CD,0x108A,0x0869,0x108B,0x10AD,0x1970,0x1970,0x1A75,0x19F3,0x11B2,0x110F,0x186B,0x0847,0x08AA,0x4130,0x8CD2,0x8CD2,0x8CD2,0x8CD2,0x8CD2,0x8CD2,0x30CD,0x0067,0x0044,0x20EA,
    0x290A,0x108A,0x0889,0x10AA,0x186B,0x186B,0x30CD,0x40CD,0x40CD,0x40CD,0x0869,0x1069,0x1069,0x30CD,0x4130,0x7951,0x91F3,0x91F3,0x91F3,0x7951,0x30CD,0x10AD,0x08AB,0x08CC,0x1970,0x1A75,0x1A75,0x4B54,0x1A75,0x4B54,0x1970,0x108B,0x0869,0x08AB,0x41D1,0x8CD2,0x8CD2,0x8CD2,0x8CD2,0x8CD2,0x7951,0x110F,0x0044,0x0044,0x20EA,
    0x30CD,0x108A,0x1069,0x186B,0x1069,0x1068,0x0847,0x0045,0x0869,0x186B,0x0889,0x1069,0x1069,0x30CD,0x5930,0x91F3,0x91F3,0x41D1,0x6A92,0x91F3,0x30CD,0x10AD,0x08AB,0x10AD,0x110F,0x11B2,0x4B54,0x1A75,0x4B54,0x1A75,0x110F,0x10AD,0x0869,0x0889,0x11B2,0x110F,0x212B,0x212B,0x08CC,0x110F,0x08CC,0x08CC,0x0045,0x0024,0x20EA,
    0x20EA,0x0846,0x1068,0x1069,0x1068,0x0847,0x0866,0x0847,0x186B,0x0869,0x088A,0x0889,0x186B,0x30CD,0x5930,0x91F3,0x41D1,0x1A75,0x1A75,0x91F3,0x4130,0x10AD,0x088A,0x108B,0x1A75,0x4B54,0x4B54,0x4B54,0x4B54,0x4B54,0x1A75,0x108B,0x0889,0x0869,0x08AA,0x0067,0x0045,0x0045,0x1068,0x0869,0x0024,0x0846,0x0869,0x0024,0x20EA,
    0x20EA,0x0866,0x10AA,0x10AA,0x1069,0x0847,0x0847,0x108A,0x206B,0x0869,0x088A,0x088A,0x186B,0x30CD,0x5930,0x91F3,0x19F3,0x4B54,0x4B54,0x91F3,0x4130,0x108B,0x108A,0x108B,0x11B2,0x4B54,0x4B54,0x4B54,0x4B54,0x4B54,0x1970,0x10AD,0x0889,0x0869,0x0869,0x08AA,0x0026,0x0067,0x08AA,0x0889,0x0889,0x0045,0x08AA,0x0045,0x20EA,
    0x290A,0x0067,0x41D1,0x4B54,0x1970,0x8CD2,0x40CD,0x08AB,0x206B,0x0869,0x088A,0x088A,0x108A,0x40CD,0x5930,0x91F3,0x91F3,0x6A92,0x6A92,0x4130,0x30CD,0x108B,0x108B,0x08CC,0x10AD,0x1A75,0x4B54,0x1A75,0x4B54,0x1A75,0x110F,0x10AD,0x088A,0x0869,0x0847,0x0869,0x08AA,0x19F3,0x1970,0x6A92,0x41D1,0x0889,0x08AA,0x0044,0x20EA,
    0x30CD,0x1069,0x11B2,0x6A92,0x41D1,0x41D1,0x41D1,0x08AB,0x206B,0x1068,0x088A,0x108A,0x088A,0x40CD,0x5930,0x4130,0x7951,0x91F3,0x7951,0x110F,0x10AD,0x108B,0x108A,0x108B,0x110F,0x1A75,0x1A75,0x1A75,0x19F3,0x1A75,0x1970,0x10AD,0x088A,0x0869,0x08AA,0x0889,0x1970,0x4B54,0x4B54,0x8CD2,0x4B54,0x110F,0x08CC,0x0044,0x20EA,
    0x30CD,0x186B,0x1970,0x6A92,0x91F3,0x41D1,0x41D1,0x08AA,0x206B,0x1068,0x108A,0x108A,0x0869,0x40CD,0x5930,0x108A,0x108B,0x108B,0x108B,0x108B,0x30CD,0x108B,0x108A,0x08CC,0x10AD,0x08CC,0x10AD,0x10AD,0x10AD,0x10AD,0x1970,0x10AD,0x088A,0x0889,0x08AA,0x08AA,0x11B2,0x1A75,0x8CD2,0x6A92,0x19F3,0x110F,0x08AA,0x0024,0x20EA,
    0x290A,0x08CC,0x5930,0x91F3,0x41D1,0x6A92,0x8CD2,0x08CC,0x1069,0x1069,0x088A,0x108A,0x0869,0x40CD,0x7951,0x108B,0x30CD,0x30CD,0x110F,0x110F,0x10AD,0x0869,0x088A,0x108B,0x10AD,0x10AD,0x110F,0x110F,0x110F,0x1970,0x110F,0x08CC,0x088A,0x0869,0x08AB,0x0869,0x4B54,0x8CD2,0x6A92,0x1A75,0x4B54,0x10AD,0x08AA,0x0024,0x20EA,
    0x290A,0x108B,0x290A,0x8CD2,0x8CD2,0x8CD2,0x8CD2,0x212B,0x1068,0x206B,0x0869,0x108A,0x0869,0x30CD,0x40CD,0x108B,0x108B,0x108B,0x108B,0x108A,0x0869,0x0869,0x0869,0x108A,0x08AB,0x08AB,0x08AB,0x108A,0x108B,0x108A,0x108A,0x108B,0x088A,0x0889,0x08AB,0x20EA,0x8CD2,0x4B54,0x1A75,0x4B54,0x4B54,0x10AD,0x0847,0x0024,0x20EA,
    0x20EA,0x108B,0x290A,0x8CD2,0x8CD2,0x6A92,0x41D1,0x290A,0x0869,0x206B,0x0869,0x108A,0x1069,0x206B,0x206B,0x088A,0x0869,0x108B,0x108A,0x088A,0x108A,0x088A,0x0869,0x108A,0x088A,0x088A,0x088A,0x0889,0x088A,0x088A,0x0869,0x088A,0x0869,0x0889,0x08CC,0x20EA,0x4B54,0x4B54,0x4B54,0x8CD2,0x11B2,0x08AB,0x0866,0x0024,0x20EA,
    0x1069,0x108B,0x0869,0x0869,0x088A,0x08AB,0x0869,0x0869,0x0067,0x186B,0x0889,0x0869,0x0869,0x186B,0x206B,0x0869,0x108B,0x186B,0x108B,0x108A,0x108A,0x088A,0x0869,0x108A,0x108A,0x108A,0x108A,0x08AB,0x186B,0x0869,0x0869,0x0869,0x0067,0x08AA,0x088A,0x0869,0x0889,0x08AA,0x08AA,0x212B,0x08AA,0x08AB,0x0044,0x0024,0x20EA,
    0x1069,0x1068,0x206B,0x1068,0x290A,0x290A,0x08CC,0x40CD,0x290A,0x108B,0x30CD,0x1069,0x0869,0x186B,0x206B,0x0869,0x0869,0x108A,0x108B,0x108A,0x0869,0x108A,0x0869,0x088A,0x0869,0x088A,0x088A,0x0869,0x0889,0x0869,0x0869,0x0067,0x08AB,0x08AB,0x290A,0x290A,0x290A,0x290A,0x290A,0x1068,0x08CC,0x08AA,0x0024,0x0024,0x20EA,
    0x20EA,0x0024,0x1069,0x4130,0x7951,0x5930,0x4130,0x7951,0x7951,0x7951,0x40CD,0x30CD,0x0067,0x108B,0x186B,0x0869,0x108A,0x0869,0x0869,0x088A,0x0869,0x088A,0x0869,0x0869,0x0869,0x0869,0x0889,0x0889,0x0869,0x0869,0x0847,0x0067,0x1970,0x1970,0x41D1,0x41D1,0x41D1,0x30CD,0x290A,0x1970,0x212B,0x0024,0x0044,0x0024,0x20EA,
    0x20EA,0x0044,0x0024,0x1069,0x5930,0x5930,0x40CD,0x30CD,0x30CD,0x110F,0x08CC,0x088A,0x0869,0x108A,0x108A,0x0869,0x0869,0x0869,0x0869,0x0869,0x0869,0x0869,0x0869,0x0869,0x0869,0x0869,0x0869,0x088A,0x0869,0x0869,0x0869,0x0067,0x08AB,0x08CC,0x110F,0x110F,0x110F,0x110F,0x110F,0x110F,0x0045,0x0045,0x0044,0x0024,0x20EA,
    0x20EA,0x0044,0x0044,0x0847,0x10AD,0x0889,0x08CC,0x08CC,0x10AD,0x10AD,0x108A,0x1069,0x0067,0x0847,0x0847,0x0846,0x0067,0x0067,0x0067,0x0067,0x0067,0x0067,0x0067,0x0067,0x0067,0x0067,0x0067,0x0067,0x0067,0x0846,0x0067,0x0846,0x08AA,0x08CC,0x08CC,0x110F,0x110F,0x08CC,0x08AB,0x08CC,0x0045,0x0044,0x0044,0x0024,0x20EA,
    0x1069,0x0024,0x0044,0x0847,0x30CD,0x186B,0x1068,0x1068,0x0889,0x0846,0x0026,0x0846,0x108A,0x108A,0x088A,0x1069,0x108A,0x108A,0x108B,0x108A,0x088A,0x108A,0x088A,0x108A,0x08AB,0x08AB,0x108A,0x088A,0x0869,0x0889,0x088A,0x0869,0x0067,0x0045,0x0026,0x088A,0x08AA,0x0869,0x0869,0x08AA,0x0024,0x0024,0x0044,0x0024,0x20EA,
    0x1069,0x0024,0x0044,0x0866,0x0847,0x0026,0x0045,0x0026,0x0869,0x0869,0x0869,0x108A,0x10AD,0x10AD,0x30CD,0x30CD,0x10AD,0x30CD,0x30CD,0x10AD,0x110F,0x10AD,0x10AD,0x110F,0x110F,0x110F,0x10AD,0x10AD,0x108B,0x08CC,0x10AD,0x10AD,0x08CC,0x08AB,0x0889,0x0869,0x0847,0x0846,0x0026,0x0067,0x0045,0x0024,0x0044,0x0024,0x20EA,
    0x20EA,0x0024,0x0045,0x0869,0x0847,0x0869,0x290A,0x7951,0x290A,0x088A,0x108B,0x108A,0x10AD,0x30CD,0x4130,0x10AD,0x30CD,0x4130,0x10AD,0x4130,0x110F,0x110F,0x110F,0x110F,0x110F,0x1970,0x10AD,0x10AD,0x110F,0x108B,0x10AD,0x10AD,0x08CC,0x08CC,0x0869,0x290A,0x290A,0x0869,0x08CC,0x08AB,0x0067,0x0024,0x0044,0x0024,0x20EA,
    0x20EA,0x0044,0x0045,0x186B,0x0869,0x0869,0x290A,0x290A,0x290A,0x0869,0x108B,0x108B,0x10AD,0x10AD,0x30CD,0x4130,0x4130,0x10AD,0x10AD,0x4130,0x110F,0x110F,0x10AD,0x1970,0x110F,0x1970,0x110F,0x10AD,0x10AD,0x110F,0x110F,0x10AD,0x08CC,0x08CC,0x0869,0x0866,0x0866,0x0869,0x10AD,0x08CC,0x0847,0x0024,0x0044,0x0024,0x20EA,
    0x20EA,0x0044,0x0026,0x20CB,0x088A,0x0889,0x20EA,0x108B,0x1069,0x0869,0x108B,0x108B,0x10AD,0x10AD,0x4130,0x4130,0x30CD,0x4130,0x5930,0x1970,0x110F,0x1970,0x110F,0x1970,0x1970,0x110F,0x4130,0x30CD,0x110F,0x110F,0x1970,0x10AD,0x08CC,0x08CC,0x0869,0x0866,0x0847,0x0847,0x10AD,0x10AD,0x0869,0x0024,0x0044,0x0024,0x20EA,
    0x20EA,0x0044,0x0045,0x186B,0x088A,0x0869,0x290A,0x186B,0x0866,0x0869,0x108B,0x186B,0x10AD,0x4130,0x5930,0x30CD,0x30CD,0x5930,0x5930,0x08CC,0x110F,0x11B2,0x110F,0x11B2,0x1970,0x08CC,0x1970,0x5930,0x110F,0x110F,0x10AD,0x1970,0x08CC,0x08CC,0x08AB,0x0847,0x0847,0x0889,0x08CC,0x08CC,0x0847,0x0024,0x0045,0x0024,0x20EA,
    0x20EA,0x0024,0x0026,0x10AD,0x108A,0x0889,0x0866,0x0869,0x0869,0x0869,0x108B,0x0869,0x4130,0x5930,0x4130,0x4130,0x5930,0x7951,0x4130,0x110F,0x19F3,0x11B2,0x1970,0x19F3,0x11B2,0x110F,0x1970,0x7951,0x7951,0x4130,0x4130,0x10AD,0x08CC,0x08AB,0x08CC,0x08CC,0x08AB,0x08CC,0x08AB,0x08CC,0x0067,0x0045,0x0846,0x0024,0x20EA,
    0x20EA,0x0024,0x0026,0x10AD,0x108A,0x108A,0x0869,0x108A,0x10AD,0x108B,0x0869,0x1069,0x30CD,0x10AD,0x10AD,0x186B,0x7951,0x4130,0x08AB,0x088A,0x11B2,0x10AD,0x08CC,0x110F,0x1970,0x08AB,0x08CC,0x110F,0x91F3,0x110F,0x10AD,0x10AD,0x0869,0x0045,0x0067,0x0067,0x0869,0x08AB,0x08AB,0x08AB,0x0067,0x0044,0x0045,0x0067,0x20EA,
    0x20EA,0x0044,0x0045,0x10AD,0x108A,0x088A,0x088A,0x0889,0x0847,0x0869,0x1068,0x186B,0x4130,0x7951,0x7951,0x91F3,0x7951,0x4130,0x1970,0x11B2,0x19F3,0x11B2,0x19F3,0x11B2,0x1A75,0x11B2,0x19F3,0x41D1,0x7951,0x91F3,0x41D1,0x41D1,0x110F,0x08CC,0x110F,0x08AA,0x0067,0x0846,0x0846,0x0869,0x0846,0x0846,0x0869,0x0889,0x212B,
    0x20EA,0x0024,0x0045,0x10AD,0x108A,0x0889,0x0846,0x0846,0x0869,0x10AD,0x108B,0x0869,0x108A,0x08AB,0x30CD,0x7951,0x08CC,0x08CC,0x08AB,0x110F,0x1970,0x08AB,0x08CC,0x088A,0x11B2,0x08CC,0x08AB,0x10AD,0x108B,0x7951,0x4130,0x0869,0x1068,0x0869,0x088A,0x110F,0x1970,0x08AB,0x0067,0x0846,0x0067,0x08AB,0x110F,0x0889,0x20EA,
    0x20EA,0x0045,0x0044,0x1069,0x0847,0x1069,0x0869,0x186B,0x4130,0x186B,0x186B,0x20CB,0x30CD,0x206B,0x91F3,0x40CD,0x10AD,0x10AD,0x08CC,0x19F3,0x1970,0x08CC,0x08CC,0x08AB,0x19F3,0x110F,0x08CC,0x10AD,0x30CD,0x4130,0x91F3,0x40CD,0x206B,0x108B,0x088A,0x08AB,0x11B2,0x11B2,0x088A,0x08AB,0x08CC,0x08CC,0x10AD,0x110F,0x212B,
    0x20CB,0x108B,0x108B,0x0869,0x30CD,0x30CD,0x4130,0x4130,0x30CD,0x30CD,0x5930,0x7951,0x7951,0x91F3,0x91F3,0x5930,0x5930,0x11B2,0x19F3,0x1A75,0x19F3,0x11B2,0x11B2,0x11B2,0x1A75,0x1A75,0x19F3,0x19F3,0x7951,0x7951,0x91F3,0x91F3,0x5930,0x41D1,0x11B2,0x19F3,0x19F3,0x19F3,0x1A75,0x1970,0x1970,0x1970,0x1970,0x1970,0x30CD,
    0x20EA,0x0869,0x088A,0x088A,0x0869,0x30CD,0x4130,0x108B,0x0889,0x088A,0x108A,0x08AB,0x30CD,0x7951,0x186B,0x088A,0x08AB,0x08AB,0x08CC,0x1A75,0x08AB,0x088A,0x0889,0x0869,0x11B2,0x19F3,0x08AB,0x08CC,0x108B,0x20CB,0x088A,0x7951,0x4130,0x08AB,0x08AB,0x08AB,0x08AB,0x08AB,0x110F,0x11B2,0x08CC,0x0889,0x0889,0x0889,0x20EA,
    0x20EA,0x088A,0x088A,0x0889,0x30CD,0x4130,0x108B,0x088A,0x108B,0x088A,0x088A,0x20CB,0x7951,0x30CD,0x088A,0x10AA,0x0889,0x0869,0x19F3,0x19F3,0x08AB,0x08AB,0x0869,0x0889,0x110F,0x1A75,0x08AB,0x08CC,0x10AD,0x186B,0x10AA,0x20CB,0x7951,0x30CD,0x08AB,0x08AB,0x08AB,0x08CC,0x08CC,0x110F,0x11B2,0x08CC,0x0869,0x0889,0x20EA,
    0x212B,0x08AB,0x08AB,0x4130,0x4130,0x10AD,0x10AD,0x30CD,0x30CD,0x40CD,0x206B,0x7951,0x91F3,0x30CD,0x40CD,0x20CB,0x08CC,0x08CC,0x1A75,0x11B2,0x110F,0x110F,0x10AD,0x30CD,0x30CD,0x1A75,0x110F,0x110F,0x30CD,0x30CD,0x40CD,0x30CD,0x7951,0x91F3,0x30CD,0x4130,0x30CD,0x30CD,0x110F,0x110F,0x110F,0x1A75,0x110F,0x08AB,0x212B,
    0x212B,0x1970,0x41D1,0x4130,0x110F,0x4130,0x4130,0x5930,0x7951,0x7951,0x91F3,0x91F3,0x7951,0x7951,0x7951,0x4130,0x11B2,0x19F3,0x1A75,0x19F3,0x19F3,0x19F3,0x41D1,0x5930,0x5930,0x6A92,0x41D1,0x41D1,0x5930,0x7951,0x7951,0x7951,0x7951,0x91F3,0x91F3,0x7951,0x5930,0x7951,0x41D1,0x19F3,0x19F3,0x11B2,0x19F3,0x1A75,0x30CD,
    0x212B,0x1970,0x10AD,0x0869,0x1068,0x0869,0x088A,0x088A,0x088A,0x186B,0x91F3,0x30CD,0x0889,0x0889,0x0869,0x088A,0x0869,0x08CC,0x19F3,0x0869,0x108A,0x108A,0x108A,0x0889,0x0869,0x11B2,0x1970,0x0869,0x08AA,0x0889,0x0889,0x088A,0x088A,0x30CD,0x91F3,0x206B,0x186B,0x108A,0x08AB,0x10AA,0x0889,0x1068,0x08AA,0x11B2,0x1970,
    0x4130,0x10AD,0x0889,0x088A,0x08AA,0x10AA,0x088A,0x10AA,0x108A,0x7951,0x5930,0x108B,0x10AA,0x10AA,0x10AA,0x08AB,0x08AB,0x19F3,0x11B2,0x088A,0x08AB,0x08CC,0x10AD,0x108B,0x0869,0x11B2,0x1A75,0x108A,0x10AA,0x10AA,0x20CB,0x20CB,0x20CB,0x108B,0x5930,0x7951,0x186B,0x20CB,0x10AA,0x10AA,0x08AB,0x08AB,0x0889,0x08AB,0x30CD,
    0x212B,0x088A,0x088A,0x0889,0x0889,0x0889,0x088A,0x088A,0x5930,0x7951,0x108B,0x108B,0x08AB,0x088A,0x0889,0x08AB,0x08AB,0x1A75,0x10AD,0x108A,0x108A,0x08AB,0x08AB,0x08AB,0x108B,0x10AD,0x1A75,0x108A,0x088A,0x08AB,0x108B,0x186B,0x186B,0x108B,0x186B,0x91F3,0x5930,0x108B,0x10AA,0x0889,0x108A,0x08AB,0x08AB,0x0889,0x20EA,
    0x212B,0x108B,0x088A,0x186B,0x186B,0x186B,0x186B,0x30CD,0x91F3,0x40CD,0x186B,0x20CB,0x10AD,0x08AB,0x08AB,0x08AB,0x110F,0x1A75,0x08CC,0x08CC,0x08CC,0x08AB,0x08AB,0x08AB,0x10AD,0x10AD,0x1A75,0x08CC,0x08AB,0x08CC,0x08CC,0x10AD,0x108B,0x10AA,0x186B,0x4130,0x91F3,0x10AD,0x08AB,0x08AB,0x08CC,0x08CC,0x08CC,0x08AB,0x20EA,
    0x4130,0x4130,0x4130,0x7951,0x91F3,0x7951,0x7951,0x91F3,0x91F3,0x7951,0x91F3,0x91F3,0x6A92,0x1A75,0x1A75,0x1A75,0x1A75,0x1A75,0x19F3,0x1A75,0x19F3,0x19F3,0x19F3,0x1A75,0x41D1,0x6A92,0x4B54,0x1A75,0x1A75,0x1A75,0x1A75,0x6A92,0x41D1,0x41D1,0x6A92,0x7951,0x8CD2,0x4B54,0x1A75,0x1A75,0x1A75,0x1A75,0x1A75,0x1A75,0x30CD,
    0x212B,0x108A,0x088A,0x108A,0x186B,0x108B,0x5930,0x91F3,0x0869,0x186B,0x186B,0x186B,0x108B,0x08AB,0x08CC,0x088A,0x1A75,0x1970,0x0869,0x088A,0x088A,0x088A,0x108A,0x08AB,0x08CC,0x108B,0x1A75,0x11B2,0x108A,0x08AB,0x08AB,0x108B,0x08CC,0x08AB,0x108B,0x186B,0x10AD,0x4B54,0x110F,0x0889,0x08AB,0x08AB,0x08AB,0x08AB,0x20EA,
    0x212B,0x088A,0x108A,0x10AA,0x088A,0x30CD,0x91F3,0x30CD,0x0889,0x10AA,0x088A,0x0869,0x088A,0x08AB,0x08AB,0x08AB,0x1A75,0x08CC,0x0889,0x088A,0x0889,0x088A,0x0869,0x108A,0x08AB,0x0869,0x11B2,0x1A75,0x108A,0x088A,0x088A,0x088A,0x10AA,0x088A,0x0889,0x08AA,0x0869,0x110F,0x4B54,0x08AB,0x08AB,0x08AB,0x08AB,0x08AB,0x212B,
    0x212B,0x088A,0x088A,0x108A,0x0869,0x91F3,0x5930,0x088A,0x10AA,0x108A,0x088A,0x20EA,0x0869,0x08AB,0x088A,0x110F,0x1A75,0x08AB,0x088A,0x0889,0x088A,0x088A,0x088A,0x088A,0x088A,0x088A,0x110F,0x1A75,0x08CC,0x108A,0x088A,0x10AA,0x10AA,0x10AA,0x08AA,0x088A,0x08AA,0x0869,0x1A75,0x1A75,0x088A,0x08AB,0x08AB,0x08AB,0x212B,
    0x212B,0x0869,0x088A,0x0889,0x5930,0x91F3,0x108B,0x186B,0x10AA,0x0869,0x0889,0x10AA,0x0869,0x08AB,0x088A,0x19F3,0x19F3,0x0869,0x08AB,0x088A,0x088A,0x088A,0x08AB,0x08AB,0x0869,0x088A,0x08CC,0x1A75,0x10AD,0x088A,0x088A,0x088A,0x088A,0x10AA,0x08AA,0x088A,0x08AA,0x088A,0x08CC,0x4B54,0x110F,0x088A,0x08AB,0x088A,0x212B,
    0x212B,0x088A,0x0869,0x20CB,0x91F3,0x30CD,0x108B,0x186B,0x108B,0x088A,0x0889,0x0869,0x0869,0x08AB,0x108A,0x1A75,0x1970,0x0869,0x08AB,0x08AB,0x08AB,0x088A,0x0869,0x0889,0x088A,0x108A,0x08CC,0x1A75,0x110F,0x088A,0x088A,0x0889,0x0889,0x088A,0x08AB,0x08AB,0x088A,0x08AA,0x108A,0x19F3,0x1A75,0x0869,0x08AB,0x08AB,0x20EA,
    0x20EA,0x0889,0x0889,0x91F3,0x5930,0x0869,0x088A,0x0889,0x0889,0x0889,0x0869,0x1068,0x0869,0x0869,0x10AD,0x1A75,0x08AB,0x0869,0x088A,0x088A,0x088A,0x0869,0x0889,0x1068,0x0869,0x108A,0x0869,0x1A75,0x11B2,0x0869,0x0869,0x0869,0x0869,0x0889,0x088A,0x088A,0x0869,0x0869,0x108A,0x088A,0x1A75,0x11B2,0x0869,0x0869,0x20EA,
    0x40CD,0x40CD,0x7951,0x91F3,0x5930,0x5930,0x5930,0x4130,0x4130,0x4130,0x4130,0x1970,0x1970,0x1970,0x19F3,0x1A75,0x11B2,0x19F3,0x19F3,0x19F3,0x19F3,0x11B2,0x11B2,0x11B2,0x11B2,0x19F3,0x11B2,0x1A75,0x1A75,0x11B2,0x19F3,0x11B2,0x11B2,0x11B2,0x19F3,0x19F3,0x11B2,0x11B2,0x19F3,0x11B2,0x1A75,0x1A75,0x11B2,0x11B2,0x212B,
    0x40CD,0x7951,0x91F3,0x5930,0x5930,0x5930,0x7951,0x5930,0x4130,0x5930,0x11B2,0x11B2,0x11B2,0x1970,0x1A75,0x1A75,0x11B2,0x19F3,0x19F3,0x19F3,0x19F3,0x19F3,0x19F3,0x19F3,0x19F3,0x19F3,0x11B2,0x1A75,0x1A75,0x19F3,0x19F3,0x19F3,0x19F3,0x19F3,0x19F3,0x19F3,0x19F3,0x19F3,0x19F3,0x19F3,0x19F3,0x1A75,0x1A75,0x11B2,0x1970,
    0x08AA,0x7951,0x5930,0x0889,0x0889,0x0869,0x0889,0x0889,0x0889,0x088A,0x0869,0x0869,0x108A,0x1069,0x1A75,0x110F,0x0869,0x0889,0x0869,0x0869,0x0869,0x0869,0x088A,0x088A,0x0889,0x0889,0x1068,0x08CC,0x1A75,0x08AB,0x088A,0x0869,0x0869,0x0869,0x0869,0x088A,0x108A,0x088A,0x0889,0x0869,0x08AB,0x08CC,0x1A75,0x110F,0x20EA,
    0x5930,0x91F3,0x186B,0x10AA,0x088A,0x0889,0x088A,0x108A,0x108A,0x088A,0x08AA,0x08AB,0x08AB,0x110F,0x1A75,0x08CC,0x088A,0x08AB,0x08AA,0x08AA,0x08AB,0x08AB,0x08AB,0x08AB,0x08AA,0x08AA,0x08AA,0x08AB,0x1A75,0x11B2,0x088A,0x08AB,0x08AB,0x08AB,0x08AB,0x08AA,0x08AB,0x08AA,0x08AA,0x08AA,0x08AB,0x088A,0x11B2,0x1A75,0x212B,
    0x91F3,0x40CD,0x0889,0x088A,0x088A,0x088A,0x0889,0x088A,0x088A,0x088A,0x088A,0x08AA,0x08AB,0x1970,0x1A75,0x08AB,0x08AB,0x08AA,0x088A,0x08AA,0x088A,0x088A,0x088A,0x08AA,0x08AA,0x08AA,0x08AA,0x0869,0x1A75,0x19F3,0x108A,0x08AB,0x08AB,0x088A,0x0889,0x0889,0x0889,0x08AA,0x088A,0x088A,0x08AA,0x08AB,0x08AB,0x1A75,0x1A75,
    0x30CD,0x108B,0x108A,0x088A,0x088A,0x088A,0x088A,0x088A,0x088A,0x088A,0x088A,0x08AA,0x0869,0x1A75,0x1A75,0x088A,0x08AB,0x08AA,0x08AA,0x088A,0x10AA,0x08AB,0x08AB,0x088A,0x088A,0x088A,0x08AA,0x0869,0x1A75,0x19F3,0x108A,0x08AB,0x08AA,0x08AA,0x088A,0x08AB,0x10AD,0x08AA,0x08AA,0x08AA,0x088A,0x088A,0x088A,0x110F,0x19F3,
    0x20CB,0x108B,0x108A,0x088A,0x088A,0x088A,0x108B,0x20CB,0x0889,0x088A,0x088A,0x088A,0x088A,0x1A75,0x1970,0x088A,0x08AB,0x08AA,0x08AA,0x088A,0x212B,0x10AA,0x08AA,0x088A,0x088A,0x088A,0x08AA,0x0869,0x1970,0x1A75,0x08AB,0x08AB,0x08AA,0x088A,0x088A,0x08AA,0x08CC,0x08AA,0x08AA,0x08AA,0x08AA,0x0889,0x088A,0x088A,0x212B,
    0x20CB,0x088A,0x108A,0x088A,0x088A,0x088A,0x088A,0x088A,0x088A,0x088A,0x088A,0x088A,0x08CC,0x1A75,0x08CC,0x08AA,0x08AA,0x088A,0x088A,0x0869,0x0889,0x08AA,0x08AA,0x08AA,0x08AA,0x088A,0x08AA,0x08AA,0x08AA,0x1A75,0x10AD,0x08AB,0x08AB,0x088A,0x088A,0x088A,0x0889,0x08AA,0x08AA,0x088A,0x08AA,0x0889,0x08AA,0x088A,0x20EA,
    0x212B,0x088A,0x08AB,0x088A,0x088A,0x088A,0x088A,0x088A,0x088A,0x088A,0x088A,0x108A,0x110F,0x1A75,0x08AB,0x08AB,0x088A,0x088A,0x088A,0x088A,0x08AA,0x08AA,0x08AA,0x08AA,0x08AA,0x088A,0x088A,0x08AA,0x08AA,0x1A75,0x08CC,0x08AB,0x08AB,0x088A,0x08AA,0x088A,0x08AA,0x08AA,0x08AA,0x08AA,0x08AA,0x08AA,0x08AA,0x08AA,0x212B,
    0x212B,0x088A,0x08AA,0x088A,0x108A,0x088A,0x088A,0x088A,0x088A,0x088A,0x088A,0x088A,0x1A75,0x1A75,0x108A,0x08AB,0x088A,0x088A,0x088A,0x08AA,0x08AA,0x08AA,0x08AA,0x08AA,0x08AA,0x08AA,0x088A,0x08AB,0x088A,0x11B2,0x11B2,0x088A,0x08AB,0x08AA,0x088A,0x08AA,0x08AA,0x08AA,0x08AA,0x08AA,0x08AA,0x08AA,0x08AA,0x088A,0x212B,
    0x290A,0x10AA,0x088A,0x08AB,0x08AB,0x08AB,0x108A,0x088A,0x088A,0x088A,0x088A,0x088A,0x1A75,0x110F,0x08AB,0x08AB,0x088A,0x088A,0x088A,0x08AB,0x08AB,0x08AB,0x08AB,0x08AB,0x08AB,0x08AA,0x08AA,0x08AB,0x088A,0x11B2,0x1A75,0x0869,0x08AB,0x08AB,0x088A,0x088A,0x088A,0x08AA,0x08AB,0x08AB,0x08AB,0x08AA,0x088A,0x08AB,0x290A,
    0x0866,0x290A,0x290A,0x290A,0x290A,0x290A,0x290A,0x290A,0x290A,0x290A,0x290A,0x20EA,0x1970,0x212B,0x290A,0x290A,0x290A,0x290A,0x290A,0x290A,0x290A,0x290A,0x290A,0x290A,0x290A,0x290A,0x290A,0x290A,0x290A,0x212B,0x4130,0x290A,0x290A,0x290A,0x290A,0x290A,0x290A,0x290A,0x290A,0x290A,0x290A,0x290A,0x290A,0x290A,0x0847,
  },
  {
    0x2126,0x2126,0x2126,0x2126,0x2126,0x2126,0x2126,0x2126,0x2126,0x2126,0x2126,0x2126,0x2126,0x2126,0x2126,0x2126,0x2126,0x2126,0x2126,0x2126,0x2126,0x2126,0x2126,0x2126,0x2126,0x2126,0x2126,0x2126,0x2126,0x2126,0x2126,0x2126,0x2126,0x2126,0x2126,0x2126,0x2126,0x2126,0x2126,0x2126,0x2126,0x2126,0x2126,0x2126,0x2126,
    0x2126,0x1A6C,0x3B4B,0x52A8,0x5C48,0x5C48,0x3B4B,0x2C57,0x4CDC,0x2353,0x3B4B,0x5C48,0x3B4B,0x3C3B,0x3C3B,0x1B77,0x2C57,0x2C57,0x2C57,0x3C5C,0x3C3B,0x3C3B,0x3C3B,0x3C3B,0x3C3B,0x3C3B,0x3C3B,0x3C3B,0x3C3B,0x3C3B,0x3C3B,0x3C3B,0x3C3B,0x3C3B,0x3C3B,0x3C3B,0x3C3B,0x3C3B,0x3C3B,0x3C3B,0x3C3B,0x3C3B,0x3C5C,0x2C57,0x2126,
    0x2126,0x1A6C,0x3B4B,0x3B4B,0x5C48,0x8CA9,0x5C48,0x2BF4,0x3C3B,0x3B4B,0x3B4B,0x3B4B,0x2BF4,0x2353,0x3B4B,0x3B4B,0x5C48,0x5C48,0x5C48,0x2353,0x3C3B,0x3C5C,0x3C3B,0x3C5C,0x3C5C,0x3C5C,0x3C5C,0x3C5C,0x3C5C,0x3C5C,0x3C5C,0x3C5C,0x3C5C,0x3C5C,0x3C5C,0x3C5C,0x3C5C,0x3C5C,0x3C5C,0x3C5C,0x3C5C,0x3C5C,0x3C5C,0x3C5C,0x1A6C,
    0x2126,0x1A6C,0x2126,0x2126,0x3B4B,0x5C48,0x8CA9,0x5C48,0x2353,0x3B4B,0x3B4B,0x1A6C,0x3B4B,0x52A8,0x5C48,0x5C48,0x8CA9,0x956A,0x956A,0x8CA9,0x5C48,0x1B77,0x3C5C,0x3C3B,0x3C5C,0x3C3B,0x3C3B,0x3C3B,0x3C5C,0x3C5C,0x3C5C,0x3C5C,0x3C5C,0x3C3B,0x3C5C,0x3C3B,0x3C5C,0x3C3B,0x3C5C,0x3C5C,0x3C5C,0x3C5C,0x3C3B,0x3C5C,0x1A6C,
    0x2126,0x1A6C,0x1A6C,0x2126,0x2126,0x3B4B,0x5C48,0x5C48,0x1A6C,0x3B4B,0x2126,0x3B4B,0x3B4B,0x5C48,0x8CA9,0x8CA9,0x956A,0x8CA9,0x956A,0x956A,0x8CA9,0x5C48,0x3C3B,0x3C5C,0x3C3B,0x3C3B,0x3C5C,0x3C5C,0x3C5C,0x3C5C,0x3C5C,0x3C5C,0x3C5C,0x3C5C,0x3C3B,0x3C5C,0x3C5C,0x3C5C,0x3C3B,0x3C5C,0x3C5C,0x3C5C,0x3C3B,0x3C5C,0x1A6C,
    0x2126,0x1B77,0x3C3B,0x2353,0x1A6C,0x2126,0x3B4B,0x5C48,0x1A6C,0x2126,0x3965,0x3B4B,0x5C48,0x5C48,0x8CA9,0x5C48,0x5C48,0x8CA9,0x5C48,0x8CA9,0x956A,0x956A,0x5C48,0x3C3B,0x3C5C,0x3C3B,0x3C5C,0x3C5C,0x3C5C,0x3C5C,0x3C5C,0x3C5C,0x3C3B,0x3C5C,0x659D,0x659D,0x3C5C,0x3C5C,0x3C5C,0x3C5C,0x3C5C,0x3C5C,0x3C3B,0x3C5C,0x1A6C,
    0x2126,0x3C3B,0x1B77,0x2353,0x1A6C,0x2126,0x3965,0x3965,0x1A6C,0x2126,0x3965,0x3965,0x3B4B,0x3B4B,0x5C48,0x3B4B,0x3B4B,0x5C48,0x3B4B,0x5C48,0x8CA9,0x5C48,0x8CA9,0x2BF4,0x3C3B,0x3C5C,0x3C5C,0x3C5C,0x3C5C,0x3C5C,0x3C5C,0x4CDC,0x4CDC,0x659D,0x659D,0x553D,0x3C5C,0x3C5C,0x3C5C,0x3C5C,0x3C5C,0x3C5C,0x3C5C,0x3C5C,0x1A6C,
    0x3965,0x1AF3,0x2126,0x52A8,0x5C48,0x5C48,0x52A8,0x3965,0x2126,0x2126,0x2126,0x2126,0x2126,0x1A6C,0x1A6C,0x2353,0x2BF4,0x3B4B,0x3B4B,0x3B4B,0x5C48,0x5C48,0x8CA9,0x5C48,0x3C3B,0x3C5C,0x3C5C,0x3C5C,0x3C5C,0x4CDC,0x4CDC,0x657D,0x657D,0x4CDC,0x3C5C,0x3C5C,0x3C5C,0x3C5C,0x3C5C,0x3C5C,0x3C5C,0x3C5C,0x3C5C,0x4CDC,0x1A6C,
    0x2126,0x3965,0x5C48,0x8CA9,0x5C48,0x5C48,0x3B4B,0x3965,0x1A6C,0x2126,0x2126,0x3965,0x3B4B,0x3B4B,0x52A8,0x3B4B,0x2C57,0x3C3B,0x3C3B,0x2C57,0x2353,0x3B4B,0x5C48,0x5C48,0x2BF4,0x553D,0x4CDC,0x4CDC,0x4CDC,0x4CDC,0x3C5C,0x3C5C,0x4CDC,0x4CDC,0x4CDC,0x4CDC,0x4CDC,0x4CDC,0x4CDC,0x3C5C,0x4CDC,0x4CDC,0x4CDC,0x4CDC,0x1A6C,
    0x2126,0x5C48,0x5C48,0x5C48,0x5C48,0x3B4B,0x2126,0x2126,0x3B4B,0x3B4B,0x3965,0x2126,0x3B4B,0x5C48,0x5C48,0x5C48,0x5C48,0x2BF4,0x3C5C,0x4CDC,0x4CDC,0x3C3B,0x2BF4,0x5C48,0x2BF4,0x553D,0x4CDC,0x4CDC,0x4CDC,0x4CDC,0x4CDC,0x4CDC,0x4CDC,0x4CDC,0x4CDC,0x4CDC,0x4CDC,0x4CDC,0x4CDC,0x657D,0x659D,0x4CDC,0x4CDC,0x553D,0x1A6C,
    0x3965,0x5C48,0x5C48,0x5C48,0x3B4B,0x1A6C,0x3965,0x2126,0x3B4B,0x3B4B,0x5C48,0x3B4B,0x3B4B,0x3B4B,0x5C48,0x8CA9,0x8CA9,0x8CA9,0x2BF4,0x4CDC,0x4CDC,0x3C5C,0x4CDC,0x2353,0x2BF4,0x553D,0x4CDC,0x4CDC,0x4CDC,0x4CDC,0x4CDC,0x4CDC,0x4CDC,0x4CDC,0x4CDC,0x4CDC,0x4CDC,0x4CDC,0x969C,0xFFDE,0xFFDE,0x963A,0x3C5C,0x553D,0x1A6C,
    0x3965,0x5C48,0x3B4B,0x3B4B,0x1A6C,0x1A6C,0x3965,0x2126,0x3B4B,0x5C48,0x5C48,0x5C48,0x3B4B,0x1A6C,0x5C48,0x5C48,0x8CA9,0x8CA9,0x5C48,0x4CBA,0x4CDC,0x3C5C,0x3C5C,0x4CDC,0x4CBA,0x4CDC,0x4CDC,0x4CDC,0x4CDC,0x4CDC,0x4CDC,0x4CDC,0x4CDC,0x4CDC,0x4CDC,0x4CDC,0x4CDC,0x969C,0xFFDE,0xF7BE,0xF7BE,0xF7BE,0x657D,0x553D,0x1A6C,
    0x2126,0x3B4B,0x1A6C,0x1AF3,0x2353,0x3965,0x3965,0x2126,0x3B4B,0x8CA9,0x5C48,0x8CA9,0x5C48,0x1A6C,0x3B4B,0x52A8,0x5C48,0x8CA9,0x956A,0x5C48,0x4CDC,0x4CDC,0x3C5C,0x4CDC,0x4CDC,0x4CDC,0x4CDC,0x4CDC,0x4CDC,0x4CDC,0x4CDC,0x4CDC,0x4CDC,0x4CDC,0x4CDC,0x3C5C,0x4CDC,0xDF5E,0xFFDE,0xF7BE,0xF7BE,0xBEFE,0xBEFE,0xBEFE,0x3B4B,
    0x2126,0x2126,0x1AF3,0x4CBA,0x3965,0x3965,0x3965,0x1A6C,0x3B4B,0x3B4B,0x5C48,0x956A,0x8CA9,0x2BF4,0x1A6C,0x52A8,0x5C48,0x8CA9,0x956A,0x8CA9,0x2C57,0x4CDC,0x4CDC,0x4CDC,0x4CDC,0x4CDC,0x4CDC,0x553D,0x553D,0x553D,0x553D,0x4CDC,0x553D,0x4CDC,0x4CDC,0x969C,0x869B,0xDF5E,0xFFDE,0xDF5E,0xBEFE,0xBEFE,0xBEFE,0xDF5E,0x52A8,
    0x2126,0x1A6C,0x3CBB,0x2353,0x3965,0x3965,0x1A6C,0x2BF4,0x2126,0x5C48,0x8CA9,0x8CA9,0x8CA9,0x2BF4,0x3CBB,0x3B4B,0x3B4B,0x8CA9,0x8CA9,0x8CA9,0x2BF4,0x553D,0x553D,0x553D,0x553D,0x553D,0x553D,0x553D,0x657D,0x553D,0x553D,0x657D,0x657D,0x553D,0xBEFE,0xFFDE,0xF7BE,0xDF5E,0xDF5E,0xBEFE,0xBEFE,0xBEFE,0x969C,0x969C,0x3B4B,
    0x2126,0x3CBB,0x2C57,0x3965,0x52A8,0x3965,0x2C57,0x3CBB,0x3B4B,0x5C48,0x5C48,0x8CA9,0x956A,0x5C48,0x3CBB,0x3C3B,0x3B4B,0x5C48,0x5C48,0x956A,0x5C48,0x553D,0x657D,0x657D,0x657D,0x657D,0x553D,0x657D,0x657D,0x657D,0x657D,0x659D,0x969C,0x969C,0xBEFE,0xBEFE,0x969C,0x969C,0x969C,0x659D,0x969C,0x869B,0x659D,0x659D,0x3B4B,
    0x3965,0x4CDC,0x1A6C,0x52A8,0x52A8,0x2BF4,0x553D,0x553D,0x2BF4,0x3B4B,0x3B4B,0x8CA9,0x8CA9,0x5C48,0x3CBB,0x4CDC,0x553D,0x3B4B,0x3B4B,0x8CA9,0x3B4B,0x553D,0x657D,0x657D,0x657D,0x657D,0x657D,0x657D,0x657D,0x657D,0x657D,0x659D,0x657D,0x553D,0x553D,0x657D,0x657D,0x553D,0x553D,0x657D,0x657D,0x657D,0x553D,0x553D,0x1A6C,
    0x3965,0x2BF4,0x3965,0x7308,0x52A8,0x4CBA,0x553D,0x553D,0x2BF4,0x3B4B,0x5C48,0x8CA9,0x8CA9,0x5C48,0x4CDC,0x553D,0x553D,0x4CBA,0x2BF4,0x5C48,0x3B4B,0x553D,0x657D,0x657D,0x657D,0x657D,0x657D,0x657D,0x657D,0x657D,0x657D,0x657D,0x657D,0x657D,0x657D,0x657D,0x657D,0x657D,0x657D,0x659D,0x659D,0x659D,0x657D,0x657D,0x1A6C,
    0x2126,0x1A6C,0x52A8,0x7308,0x3B4B,0x553D,0x553D,0x553D,0x4CBA,0x2C57,0x3B4B,0x52A8,0x8CA9,0x5C48,0x553D,0x657D,0x657D,0x659D,0x4CBA,0x3B4B,0x3B4B,0x657D,0x657D,0x657D,0x657D,0x657D,0x657D,0x657D,0x657D,0x657D,0x657D,0x657D,0x657D,0x657D,0x657D,0x657D,0x659D,0x659D,0x657D,0x553D,0x659D,0x6E1B,0x659D,0x553D,0x1A6C,
    0x2126,0x3965,0x7308,0x52A8,0x4CBA,0xBEFE,0x969C,0x657D,0x659D,0x4CBA,0x2126,0x3B4B,0x8CA9,0x3B4B,0x657D,0x659D,0x659D,0x657D,0x553D,0x3B4B,0x2C57,0x659D,0x659D,0x659D,0x657D,0x657D,0x657D,0x657D,0x657D,0x553D,0x657D,0x657D,0x659D,0x659D,0x659D,0x659D,0x659D,0x659D,0x657D,0x869B,0xDF5E,0xF7BE,0xDF5E,0x659D,0x1A6C,
    0x3965,0x7308,0xA349,0x52A8,0xBEFE,0xFFDE,0xFFDE,0xBEFE,0x659D,0x4CBA,0x1A6C,0x5C48,0x5C48,0x3D39,0x659D,0x657D,0x657D,0x657D,0x553D,0x4CBA,0x4DBA,0x659D,0x659D,0x659D,0x659D,0x657D,0x659D,0x659D,0x657D,0x969C,0x659D,0x659D,0x659D,0x659D,0x659D,0x659D,0x659D,0x659D,0x969C,0xF7BE,0xF7BE,0xF7BE,0xFFDE,0xDF5E,0x3B4B,
    0x3965,0x7308,0x7308,0x93E9,0xF7BE,0xF7BE,0xF7BE,0xF7BE,0x869B,0x657D,0x2BF4,0x3B4B,0x5C48,0x4CBA,0x659D,0x969C,0x969C,0x659D,0x553D,0x659D,0x659D,0x659D,0x659D,0x659D,0x659D,0x6E1B,0x869B,0x969C,0x969C,0xBEFE,0x869B,0x869B,0x659D,0x659D,0x659D,0x659D,0x657D,0x6E1B,0xF7BE,0xFFDE,0xF7BE,0xF7BE,0xF7BE,0xFFDE,0x7308,
    0x3965,0xA349,0x7308,0xBEDB,0xDF5E,0xDF5E,0xF7BE,0xFFDE,0xBEFE,0x659D,0x657D,0x3B4B,0x3B4B,0x659D,0xBEFE,0xFFDE,0xFFDE,0xDF5E,0x659D,0x659D,0x659D,0x659D,0x659D,0x659D,0x659D,0x869B,0x869B,0x869B,0x869B,0x659D,0x657D,0x657D,0x659D,0x659D,0x659D,0x659D,0x659D,0x969C,0xFFDE,0xF7BE,0xF7BE,0xF7BE,0xF7BE,0xFFDE,0x52A8,
    0x2126,0xA349,0x7308,0xBEDB,0xBEFE,0xDF5E,0xDF5E,0xF7BE,0xDF5E,0x659D,0x659D,0x3B4B,0x4DBA,0xBEFE,0xFFDE,0xF7BE,0xF7BE,0xFFDE,0xDF5E,0x6E1B,0x6E1B,0x6E1B,0x659D,0x659D,0x659D,0x659D,0x659D,0x659D,0x659D,0x659D,0x659D,0x659D,0x659D,0x6E1B,0x659D,0x659D,0x659D,0x969C,0xF7BE,0xFFDE,0xF7BE,0xF7BE,0xDF5E,0xDF5E,0x52A8,
    0x3965,0x52A8,0x52A8,0x5C48,0x75D8,0xBEDB,0xDF5E,0xBEFE,0x969C,0x969C,0x969C,0x6E1B,0x659D,0xDF5E,0xFFDE,0xF7BE,0xF7BE,0xF7BE,0xFFDE,0x969C,0x659D,0x6E1B,0x659D,0x659D,0x659D,0x6E1B,0x6E1B,0x6E1B,0x6E1B,0x659D,0x659D,0x659D,0x659D,0x6E1B,0x969C,0x969C,0x6E1B,0x6E1B,0xBEFE,0xF7BE,0xFFDE,0xDF5E,0x969C,0xBEFE,0x3B4B,
    0x3965,0x7308,0x5C48,0x956A,0x956A,0x956A,0xBEFE,0xBEDB,0xBEFE,0xFFDE,0xDF5E,0x969C,0xDF5E,0xF7BE,0xDF5E,0xF7BE,0xF7BE,0xF7BE,0xFFDE,0x969C,0x6E1B,0x659D,0x659D,0x659D,0x659D,0x659D,0x659D,0x659D,0x6E1B,0x659D,0x659D,0x659D,0x659D,0x969C,0xFFDE,0xFFDE,0xBEFE,0xBEFE,0xF7BE,0xF7BE,0xF7BE,0xDF5E,0x969C,0xBEFE,0x52A8,
    0x3965,0x7308,0x5C48,0x8CA9,0x956A,0x5C48,0x963A,0xBEFE,0xDF5E,0xF7BE,0xF7BE,0xF7BE,0xFFDE,0xF7BE,0xDF5E,0xDF5E,0xF7BE,0xFFDE,0xDF5E,0x869B,0x6E1B,0x969C,0x6E1B,0x6E1B,0x869B,0x6E1B,0x6E1B,0x6E1B,0x6E1B,0x659D,0x6E1B,0x659D,0x6E1B,0xF7BE,0xF7BE,0xFFDE,0xFFDE,0xF7BE,0xFFDE,0xDF5E,0xBEFE,0xBEFE,0xBEFE,0xDF5E,0x52A8,
    0x3965,0x52A8,0x3B4B,0x8CA9,0x5C48,0x5C48,0x75D8,0x75D8,0x963A,0xDF5E,0xBEFE,0xDF5E,0xDF5E,0xF7BE,0xF7BE,0xBEFE,0xBEFE,0xF7BE,0xFFDE,0xDF5E,0xBEFE,0xFFDE,0xBEFE,0x869B,0x969C,0x969C,0x869B,0x869B,0x869B,0x869B,0x869B,0x869B,0x869B,0xF7BE,0xFFDE,0xF7BE,0xF7BE,0xFFDE,0xDF5E,0xBEFE,0xBEFE,0xBEFE,0xBEFE,0xDF5E,0x52A8,
    0x2126,0x3965,0x3B4B,0x3B4B,0x5C48,0x5C48,0x2BF4,0x2BF4,0x2BF4,0x969C,0xDF5E,0xBEFE,0xBEFE,0xDF5E,0xBEFE,0xBEFE,0xBEFE,0xDF5E,0xF7BE,0xF7BE,0xF7BE,0xFFDE,0xFFDE,0xBEFE,0x969C,0x969C,0x969C,0x969C,0x969C,0x869B,0x969C,0xF7BE,0xBEFE,0xF7BE,0xF7BE,0xDF5E,0xDF5E,0xDF5E,0xBEFE,0xBEFE,0xBEFE,0xBEFE,0xBEFE,0xBEFE,0x52A8,
    0x2126,0x3B4B,0x3B4B,0x3B4B,0x3B4B,0x3B4B,0x5C48,0x956A,0x5C48,0x2C57,0x869B,0x869B,0x6E1B,0x969C,0xBEFE,0xBEFE,0xBEFE,0xBEFE,0xBEFE,0xBEFE,0xBEFE,0xDF5E,0xDF5E,0xF7BE,0xDF5E,0xBEFE,0x969C,0x969C,0x969C,0xBEFE,0xDF5E,0xF7BE,0xDF5E,0xDF5E,0xBEFE,0xBEFE,0xBEFE,0xBEFE,0xBEFE,0xBEFE,0xBEFE,0x6E1B,0x657D,0x6E1B,0x3B4B,
    0x2126,0x1A6C,0x3B4B,0x5C48,0x3B4B,0x3B4B,0x5C48,0x5C48,0x8CA9,0x5C48,0x2BF4,0x3D39,0x3CBB,0x4CBA,0x4CDC,0x869B,0x969C,0x969C,0x969C,0x969C,0x969C,0x969C,0x969C,0x969C,0x969C,0x969C,0x869B,0x969C,0x969C,0x969C,0x969C,0x969C,0x969C,0x869B,0x869B,0x969C,0x969C,0x969C,0x969C,0x6E1B,0x553D,0x3CBB,0x3CBB,0x3CBB,0x1A6C,
    0x2126,0x1A6C,0x1A6C,0x3B4B,0x3B4B,0x1A6C,0x3B4B,0x3B4B,0x3B4B,0x3B4B,0x5C48,0x2BF4,0x2CD8,0x2CD8,0x3CBB,0x3CBB,0x4CBA,0x6E1B,0x969C,0x969C,0x869B,0x969C,0x969C,0x869B,0x969C,0x969C,0x969C,0x969C,0x969C,0x869B,0x969C,0x969C,0x969C,0x969C,0x869B,0x869B,0x869B,0x659D,0x4CDC,0x4CDC,0x4CDC,0x553D,0x4CDC,0x553D,0x1A6C,
    0x2126,0x3B4B,0x3B4B,0x3B4B,0x3B4B,0x3B4B,0x3B4B,0x3B4B,0x3B4B,0x5C48,0x5C48,0x5C48,0x5C48,0x75D8,0x75D8,0x4CBA,0x2C57,0x4CBA,0x4CBA,0x4CBA,0x659D,0x659D,0x6E1B,0x6E1B,0x6E1B,0x6E1B,0x6E1B,0x6E1B,0x6E1B,0x6E1B,0x6E1B,0x6E1B,0x6E1B,0x6E1B,0x657D,0x4CBA,0x4CBA,0x3CBB,0x4CBA,0x3CBB,0x3CBB,0x3CBB,0x3CBB,0x3CBB,0x1A6C,
    0x2126,0xCCCC,0xFE50,0xFE91,0xF693,0xF693,0xF693,0xF693,0xBEDB,0x75D8,0x75D8,0x75D8,0x75D8,0x75D8,0x75D8,0x2353,0x1AF3,0x1AF3,0x1AF3,0x1AF3,0x1AF3,0x1AF3,0x1AF3,0x1AF3,0x1AF3,0x1AF3,0x1AF3,0x1AF3,0x1AF3,0x1AF3,0x1AF3,0x1AF3,0x1AF3,0x1AF3,0x1AF3,0x1AF3,0x1AF3,0x1AF3,0x1AF3,0x1AF3,0x1AF3,0x1AF3,0x1AF3,0x1AF3,0x2126,
    0x2126,0xCCCC,0xF693,0x75D8,0x75D8,0x4CBA,0x2C57,0x4CBA,0x3C3B,0x1B77,0x1B77,0x1B77,0x1B77,0x1AF3,0x1B77,0x1B77,0x1B77,0x1B77,0x1B77,0x1B77,0x1B77,0x1B77,0x1B77,0x1AF3,0x1AF3,0x1AF3,0x1AF3,0x1AF3,0x1AF3,0x1AF3,0x1AF3,0x1AF3,0x1AF3,0x1AF3,0x1AF3,0x1AF3,0x1AF3,0x1AF3,0x1AF3,0x1AF3,0x1AF3,0x1AF3,0x1AF3,0x1B77,0x2126,
    0x2126,0x2C57,0x3CBB,0x1B77,0x1B77,0x1B77,0x1B77,0x1B77,0x1B77,0x1B77,0x1B77,0x1B77,0x1B77,0x1B77,0x1B77,0x1B77,0x1B77,0x1AF3,0x1B77,0x1AF3,0x1AF3,0x1B77,0x1B77,0x1B77,0x1B77,0x1B77,0x1B77,0x1B77,0x1B77,0x1B77,0x1B77,0x1B77,0x1B77,0x1B77,0x1B77,0x1B77,0x1B77,0x1B77,0x1B77,0x1B77,0x1B77,0x1AF3,0x1AF3,0x1B77,0x1A6C,
    0x2126,0x2BF4,0x1B77,0x1B77,0x2C57,0x3C3B,0x1B77,0x1B77,0x2CD8,0x1B77,0x1B77,0x1B77,0x1B77,0x1B77,0x1B77,0x1B77,0x1B77,0x1B77,0x1B77,0x1B77,0x1B77,0x1AF3,0x1B77,0x1AF3,0x1AF3,0x1AF3,0x1AF3,0x1AF3,0x1B77,0x1AF3,0x1AF3,0x1AF3,0x1B77,0x1AF3,0x1B77,0x1B77,0x1B77,0x1B77,0x1AF3,0x1B77,0x1B77,0x1B77,0x1B77,0x1B77,0x1A6C,
    0x2126,0x1AF3,0x2BF4,0x2353,0x3C3B,0x2BF4,0x3B4B,0x3B4B,0x2353,0x2CD8,0x2CD8,0x1B77,0x1B77,0x1B77,0x1B77,0x1B77,0x1B77,0x1B77,0x1B77,0x1B77,0x1B77,0x1B77,0x1B77,0x1B77,0x1B77,0x1B77,0x1B77,0x1B77,0x1B77,0x1B77,0x1B77,0x1B77,0x1B77,0x1AF3,0x1B77,0x1B77,0x1B77,0x2CD8,0x2C57,0x1B77,0x1B77,0x1B77,0x1B77,0x1B77,0x1A6C,
    0x3965,0x3B4B,0x2BF4,0x2BF4,0x3B4B,0x8CA9,0x956A,0x3B4B,0x1AF3,0x1B77,0x1B77,0x1B77,0x1B77,0x2CD8,0x2CD8,0x2C57,0x2C57,0x1B77,0x1B77,0x1B77,0x1B77,0x1B77,0x1B77,0x1B77,0x1B77,0x1B77,0x1B77,0x1B77,0x1B77,0x1B77,0x1B77,0x1B77,0x1B77,0x1B77,0x1B77,0x1B77,0x1B77,0x1B77,0x1B77,0x1B77,0x1B77,0x1B77,0x1B77,0x1B77,0x1A6C,
    0x2126,0x5C48,0x2353,0x2BF4,0x8CA9,0x956A,0x5C48,0x1B77,0x2CD8,0x2CD8,0x1B77,0x2C57,0x1B77,0x1B77,0x1B77,0x1B77,0x1B77,0x1B77,0x2CD8,0x2CD8,0x2C57,0x1B77,0x1B77,0x1B77,0x1B77,0x1B77,0x1B77,0x1B77,0x1B77,0x1B77,0x1B77,0x1B77,0x1B77,0x1B77,0x1B77,0x1B77,0x1B77,0x1B77,0x1B77,0x1B77,0x1B77,0x1B77,0x1B77,0x1B77,0x1A6C,
    0x2126,0x5C48,0x3B4B,0x3B4B,0x5C48,0x5C48,0x3B4B,0x2CD8,0x3D39,0x2CD8,0x2CD8,0x2CD8,0x2CD8,0x2C57,0x2C57,0x2C57,0x1B77,0x1B77,0x1B77,0x1B77,0x1B77,0x1B77,0x4CBA,0x3D39,0x4CBA,0x75D8,0x2C57,0x2C57,0x2C57,0x2C57,0x1B77,0x1B77,0x1B77,0x1B77,0x1B77,0x2C57,0x2CD8,0x2CD8,0x2CD8,0x2CD8,0x2CD8,0x2CD8,0x2C57,0x2C57,0x1A6C,
    0x2126,0x3B4B,0x3B4B,0x3B4B,0x3B4B,0x3B4B,0x2BF4,0x2CD8,0x2CD8,0x2CD8,0x2CD8,0x2CD8,0x2CD8,0x2CD8,0x2CD8,0x2CD8,0x2CD8,0x1B77,0x1B77,0x1B77,0x1B77,0x1B77,0x2C57,0x2CD8,0x2C57,0x4CBA,0x4CBA,0x3D39,0x4DBA,0x3D39,0x2CD8,0x2CD8,0x2CD8,0x2CD8,0x2CD8,0x2C57,0x2C57,0x2C57,0x2CD8,0x2CD8,0x2CD8,0x2CD8,0x2C57,0x2CD8,0x1A6C,
    0x2126,0x3B4B,0x3B4B,0x3B4B,0x3B4B,0x2BF4,0x3B4B,0x5C48,0x5C48,0x2C57,0x3D39,0x3D39,0x3D39,0x2CD8,0x2CD8,0x3D39,0x2CD8,0x2CD8,0x2CD8,0x3D39,0x2CD8,0x2CD8,0x3D39,0x2CD8,0x2C57,0x1B77,0x1B77,0x1B77,0x1B77,0x1B77,0x2C57,0x2CD8,0x2CD8,0x3D39,0x3D39,0x2C57,0x1B77,0x1B77,0x1B77,0x1B77,0x1B77,0x1B77,0x1B77,0x2C57,0x1A6C,
    0x2126,0x1A6C,0x1A6C,0x1A6C,0x3B4B,0x3B4B,0x5C48,0x956A,0x956A,0x8CA9,0x4CBA,0x6E1B,0x6E1B,0x963A,0x4DBA,0x3D39,0x2CD8,0x2CD8,0x2CD8,0x2CD8,0x2CD8,0x2CD8,0x3D39,0x3D39,0x2CD8,0x2CD8,0x2CD8,0x2CD8,0x2CD8,0x2CD8,0x2CD8,0x2CD8,0x2CD8,0x2CD8,0x2CD8,0x3D39,0x2CD8,0x2CD8,0x2CD8,0x2C57,0x2CD8,0x2CD8,0x2C57,0x2CD8,0x1A6C,
    0x2126,0x2126,0x1A6C,0x1A6C,0x3B4B,0x5C48,0x5C48,0x5C48,0x5C48,0x956A,0x5C48,0x2CD8,0x2CD8,0x3D39,0x6E1B,0x6E1B,0x969C,0x869B,0x6E1B,0x4DBA,0x2CD8,0x3D39,0x3D39,0x3D39,0x3D39,0x3D39,0x3D39,0x2CD8,0x2CD8,0x2CD8,0x3D39,0x3D39,0x3D39,0x3D39,0x3D39,0x3D39,0x3D39,0x4DBA,0x4DBA,0x3D39,0x3D39,0x3D39,0x3D39,0x3D39,0x1A6C,
    0x2126,0x7308,0x3B4B,0x1A6C,0x3B4B,0x3B4B,0x1A6C,0x3B4B,0x2BF4,0x3B4B,0x5C48,0x2BF4,0x2CD8,0x2CD8,0x2CD8,0x2CD8,0x4DBA,0x75D8,0x963A,0xBEFE,0x963A,0x4DBA,0x3D39,0x3D39,0x3D39,0x3D39,0x2CD8,0x3D39,0x3D39,0x3D39,0x2CD8,0x2CD8,0x2CD8,0x2CD8,0x3D39,0x3D39,0x3D39,0x3D39,0x3D39,0x4DBA,0x4DBA,0x4DBA,0x4DBA,0x4DBA,0x1A6C,
    0x2126,0x5C48,0x8CA9,0x52A8,0x2126,0x3B4B,0x75D8,0x75D8,0x4DBA,0x553D,0x3B4B,0x2BF4,0x4DBA,0x6E1B,0x4DBA,0x3D39,0x2CD8,0x2CD8,0x2CD8,0x3D39,0x6E1B,0x75D8,0x963A,0x969C,0x6E1B,0x6E1B,0x4DBA,0x2CD8,0x3D39,0x3D39,0x3D39,0x3D39,0x2CD8,0x2CD8,0x2CD8,0x2CD8,0x2CD8,0x2CD8,0x2C57,0x2CD8,0x3D39,0x3D39,0x3D39,0x3D39,0x1A6C,
    0x2126,0x3B4B,0x8CA9,0x52A8,0x52A8,0x8CA9,0x8CA9,0xBEDB,0xBEDB,0xBEDB,0xBEDB,0x75D8,0xBEDB,0x869B,0x75D8,0x4DBA,0x4DBA,0x4DBA,0x3D39,0x3D39,0x2CD8,0x2CD8,0x4DBA,0x75D8,0x75D8,0x75D8,0x969C,0x969C,0x4DBA,0x3D39,0x3D39,0x4DBA,0x3D39,0x3D39,0x3D39,0x4DBA,0x3D39,0x3D39,0x3D39,0x2C57,0x2CD8,0x2CD8,0x2CD8,0x2CD8,0x1A6C,
    0x3965,0x52A8,0x52A8,0x52A8,0x5C48,0x8CA9,0x8CA9,0x5C48,0xFE50,0xFEB1,0xFE91,0xF693,0xF739,0xDF5E,0xBEFE,0x6E1B,0x75D8,0x963A,0x4DBA,0x4DBA,0x4DBA,0x4DBA,0x2CD8,0x2CD8,0x2CD8,0x2CD8,0x3D39,0x963A,0xDF5E,0xDF5E,0xBEDB,0x6E1B,0x4DBA,0x4DBA,0x4DBA,0x4DBA,0x4DBA,0x3D39,0x3D39,0x3D39,0x4DBA,0x4DBA,0x3D39,0x4DBA,0x3B4B,
    0x3965,0x956A,0x5C48,0x93E9,0x93E9,0x52A8,0x8CA9,0x8CA9,0x956A,0xF693,0xF693,0xF739,0xF693,0xF693,0xF739,0xF739,0xBEDB,0x969C,0x75D8,0x963A,0x869B,0x75D8,0x4DBA,0x4DBA,0x4DBA,0x3D39,0x3D39,0x2CD8,0x4DBA,0x963A,0x869B,0x963A,0xBEDB,0xDF5E,0x869B,0x869B,0x6E1B,0x6E1B,0x4DBA,0x3D39,0x4DBA,0x4DBA,0x4DBA,0x4DBA,0x3B4B,
    0x3965,0x8CA9,0x8CA9,0x93E9,0xA349,0x93E9,0x7308,0x7308,0x7308,0xCCCC,0xEE0F,0xF739,0xFFDE,0xF739,0xF693,0xF693,0xF739,0xF739,0x869B,0x869B,0x75D8,0x75D8,0x963A,0x963A,0x75D8,0x75D8,0x75D8,0x4DBA,0x3D39,0x2CD8,0x2CD8,0x3D39,0x75D8,0xBEDB,0xDF5E,0xBEDB,0xBEDB,0xDF5E,0x969C,0x869B,0x869B,0x3D39,0x3D39,0x4DBA,0x3B4B,
    0x3965,0x5C48,0x5C48,0x8CA9,0x93E9,0xE54C,0xCCCC,0xCCCC,0xCCCC,0xE54C,0xE54C,0xE54C,0xF693,0xFFDE,0xFFDE,0xF739,0xF693,0xF693,0xF739,0xF739,0xBEDB,0x963A,0x963A,0x963A,0x75D8,0x963A,0x963A,0x75D8,0x75D8,0x75D8,0x4DBA,0x4DBA,0x3D39,0x4DBA,0x75D8,0x4DBA,0x3D39,0x3D39,0xBEDB,0xDF5E,0xBEDB,0x963A,0x963A,0xBEDB,0x52A8,
    0x3965,0xCC4B,0xCC4B,0x93E9,0x93E9,0xE54C,0xF60F,0xF60F,0xEDAE,0xEDAE,0xF60F,0xEDAE,0xEDAE,0xEE0F,0xF693,0xF739,0xF739,0xF739,0xF739,0xF693,0xFE91,0xF693,0xF739,0xBEDB,0x969C,0x869B,0x4DBA,0x969C,0x963A,0x75D8,0x75D8,0x75D8,0x4DBA,0x4DBA,0x4DBA,0x4DBA,0x4DBA,0x3D39,0x3D39,0x3D39,0x3D39,0x4DBA,0xBEDB,0xDF5E,0x52A8,
    0x3965,0xE54C,0xEDAE,0xEE0F,0xEDAE,0xEE0F,0xEDAE,0xF60F,0xF60F,0xF60F,0xF60F,0xF60F,0xEE0F,0xEDAE,0xE54C,0xCCCC,0xCCCC,0xFFDE,0xFFDE,0xF739,0xF693,0xF693,0xF693,0xF693,0xF739,0xF739,0xBEDB,0xBEDB,0x75D8,0x75D8,0x75D8,0x963A,0x963A,0x963A,0x75D8,0x75D8,0x75D8,0x75D8,0x4DBA,0x4DBA,0x3D39,0x3D39,0x3D39,0x3D39,0x1A6C,
    0x3965,0xEE0F,0xEDAE,0xFE50,0xFEB1,0xFE91,0xFE50,0xFE91,0xFE91,0xFE91,0xFE50,0xFE50,0xFE50,0xF60F,0xEDAE,0xEDAE,0xE54C,0xEE0F,0xF693,0xFFDE,0xFFDE,0xFFDE,0xF739,0xF693,0xF693,0xF693,0xF693,0xF739,0xDF5E,0xDF5E,0x75D8,0x963A,0x963A,0x963A,0x963A,0x75D8,0x963A,0x963A,0x75D8,0x75D8,0x75D8,0x4DBA,0x75D8,0x6E1B,0x3B4B,
    0x3965,0xE54C,0xE54C,0xEDAE,0xFE50,0xFE91,0xE54C,0xCC4B,0xCCCC,0xFE50,0xFEB1,0xFE91,0xFE91,0xF60F,0xEDAE,0xF60F,0xEDAE,0xE54C,0xE54C,0xE54C,0xF693,0xFFDE,0xFFDE,0xFFDE,0xFFDE,0xF739,0xF693,0xF693,0xF693,0xF693,0xF739,0xDF5E,0x869B,0x75D8,0x75D8,0x75D8,0x75D8,0x75D8,0x75D8,0x963A,0x963A,0x963A,0x75D8,0x869B,0x3B4B,
    0x3965,0xCCCC,0xEDAE,0xF60F,0xF60F,0xCCCC,0x93E9,0xCCCC,0xCC4B,0xCCCC,0xFE91,0xFEB1,0xFE91,0xFE91,0xFE50,0xF60F,0xEE0F,0xEE0F,0xEE0F,0xEDAE,0xE54C,0xE54C,0xE54C,0xEE0F,0xF693,0xF693,0xFFDE,0xF739,0xF693,0xF693,0xF693,0xF693,0xF739,0xF739,0xDF5E,0xDF5E,0x969C,0x969C,0x75D8,0x75D8,0x75D8,0x963A,0x963A,0x75D8,0x3B4B,
    0x3965,0xE54C,0xFE50,0xFE50,0xCCCC,0x7308,0x93E9,0xCCCC,0xE54C,0xCCCC,0xCCCC,0xFE91,0xFE91,0xFE50,0xFE91,0xFE91,0xFE91,0xFE50,0xEE0F,0xF60F,0xFE50,0xEDAE,0xE54C,0xE54C,0xCCCC,0xEE0F,0xFFDE,0xF739,0xF739,0xF693,0xF693,0xF693,0xF693,0xF693,0xF693,0xF693,0xF739,0xF739,0xDF5E,0xBEDB,0xBEDB,0xBEDB,0x75D8,0x75D8,0x3B4B,
    0x3965,0xE54C,0xEDAE,0xE54C,0x93E9,0x7308,0x7308,0x93E9,0xCCCC,0xCCCC,0xCC4B,0xCC4B,0xFE50,0xFE50,0xFE91,0xFEB1,0xFEB1,0xFEB1,0xFE91,0xFE50,0xFE91,0xF60F,0xEDAE,0xF60F,0xEDAE,0xF739,0xFFDE,0xFFDE,0xFFDE,0xFFDE,0xF739,0xF739,0xF693,0xF693,0xF693,0xF739,0xF693,0xF693,0x963A,0xBEDB,0xF739,0xDF5E,0xBEDB,0xDF5E,0x52A8,
    0x3965,0xE54C,0xCCCC,0xA349,0xA349,0x52A8,0x7308,0x7308,0x93E9,0x93E9,0x93E9,0x7308,0xF60F,0xEE0F,0xEDAE,0xFEB1,0xFEB1,0xFEB1,0xFE91,0xFE91,0xFE50,0xF60F,0xEDAE,0xEDAE,0xEE0F,0xEDAE,0xEDAE,0xF693,0xF693,0xF739,0xFFDE,0xFFDE,0xFFDE,0xF693,0xF693,0xF693,0xF693,0xF693,0xF693,0xF693,0xF693,0xF693,0xBEDB,0xF693,0x52A8,
    0x3965,0xE54C,0xCCCC,0xA349,0xCC4B,0xA349,0x52A8,0x7308,0x7308,0x7308,0x7308,0xCC4B,0xE54C,0x93E9,0xCCCC,0xEE0F,0xFEB1,0xFEB1,0xFE91,0xFE91,0xFEB1,0xFE91,0xFE91,0xF60F,0xF60F,0xEDAE,0xEDAE,0xE54C,0xE54C,0xE54C,0xF693,0xF693,0xF739,0xFFDE,0xFFDE,0xF739,0xF739,0xF739,0xF739,0xF693,0xF693,0xFE91,0xFE50,0xF693,0x52A8,
    0x3965,0xEE0F,0xEDAE,0xF60F,0xE54C,0xE54C,0xCCCC,0xCC4B,0xA349,0xCC4B,0xEDAE,0xEDAE,0xCCCC,0xA349,0xCCCC,0xE54C,0xF60F,0xF60F,0xFE50,0xFE91,0xFE91,0xFE91,0xFEB1,0xFE91,0xFE91,0xF60F,0xF60F,0xEDAE,0xEDAE,0xEE0F,0xEDAE,0xE54C,0xCCCC,0xF739,0xF739,0xF739,0xF739,0xFFDE,0xFFDE,0xFFDE,0xF693,0xF693,0xF693,0xF693,0x52A8,
    0x3965,0xEE0F,0xE54C,0xE54C,0xEDAE,0xF60F,0xF60F,0xFE50,0xFE50,0xF60F,0xF60F,0xEDAE,0xF60F,0xF60F,0xFE50,0xFE91,0xFE50,0xFE50,0xFE91,0xFE91,0xFE91,0xFEB1,0xFEB1,0xFEB1,0xFE91,0xFE91,0xFE91,0xF60F,0xF60F,0xF60F,0xF60F,0xF60F,0xF60F,0xEDAE,0xE54C,0xCCCC,0xE54C,0xF693,0xF693,0xF739,0xFFDE,0xFFDE,0xFFDE,0xFFDE,0x52A8,
    0x3965,0xF60F,0xEDAE,0xE54C,0xEDAE,0xFE91,0xFEB1,0xFEB1,0xFE91,0xFE91,0xFE50,0xF60F,0xFE91,0xFE91,0xFEB1,0xFEB1,0xFE91,0xFE91,0xFE91,0xFEB1,0xFEB1,0xFE50,0xCC4B,0xEE0F,0xFEB1,0xFE91,0xFE91,0xFE91,0xFE91,0xFE50,0xF60F,0xF60F,0xF60F,0xF60F,0xEDAE,0xE54C,0xE54C,0xE54C,0xE54C,0xEDAE,0xEE0F,0xEE0F,0xF693,0xF739,0x52A8,
    0x3965,0xE54C,0xEDAE,0xF60F,0xEDAE,0xEDAE,0xEE0F,0xFE91,0xFE91,0xFEB1,0xFEB1,0xFEB1,0xFEB1,0xFEB1,0xFEB1,0xFE91,0xFE91,0xFE91,0xFEB1,0xEE0F,0xE54C,0xCC4B,0xCCCC,0xCCCC,0xE54C,0xEE0F,0xFEB1,0xFE91,0xFE91,0xFEB1,0xFE91,0xFE50,0xEE0F,0xEE0F,0xEDAE,0xEDAE,0xEDAE,0xEE0F,0xEE0F,0xEDAE,0xE54C,0xCCCC,0xE54C,0xEDAE,0x52A8,
    0x3965,0xCCCC,0xCCCC,0x93E9,0xCC4B,0xEDAE,0xEDAE,0xEDAE,0xEDAE,0xFE91,0xFE91,0xFE91,0xFEB1,0xFE91,0xFEB1,0xFE50,0xF60F,0xFE50,0xFE50,0xCC4B,0xCC4B,0xCC4B,0xE54C,0xE54C,0xCC4B,0xCC4B,0xEE0F,0xFEB1,0xFEB1,0xFE91,0xFE91,0xFE50,0xFE50,0xFE50,0xF60F,0xF60F,0xFE50,0xFE50,0xFE50,0xEE0F,0xEDAE,0xEDAE,0xEDAE,0xEDAE,0x52A8,
    0x3965,0xCC4B,0x7308,0x7308,0xCCCC,0xEDAE,0xF60F,0xEDAE,0xCCCC,0xCCCC,0xFEB1,0xFEB1,0xFEB1,0xFEB1,0xFEB1,0xFE50,0xF60F,0xFE50,0xFE50,0xE54C,0xA349,0xCC4B,0xCC4B,0xE54C,0xA349,0xCC4B,0xFE50,0xFEB1,0xFEB1,0xFEB1,0xFE91,0xFE91,0xFE91,0xFE91,0xFEB1,0xCC4B,0x93E9,0x956A,0xEE0F,0xFE50,0xEE0F,0xEDAE,0xEDAE,0xF60F,0x52A8,
    0x3965,0x93E9,0x7308,0xCC4B,0xF60F,0xCCCC,0xE54C,0xCCCC,0x93E9,0xCCCC,0xEDAE,0xFE50,0xFEB1,0xFEB1,0xFEB1,0xFE91,0xFE91,0xFE91,0xFEB1,0xFE50,0xCC4B,0xCC4B,0xA349,0xCC4B,0xCC4B,0xEE0F,0xFEB1,0xFE91,0xFE91,0xF60F,0xEDAE,0xFE50,0xFE91,0xFE50,0xFE50,0xCCCC,0x8CA9,0x8CA9,0x8CA9,0xE54C,0xF60F,0xFE50,0xEE0F,0xCC4B,0x52A8,
    0x3965,0x8CA9,0x93E9,0xCCCC,0x93E9,0x5C48,0x93E9,0xCCCC,0x93E9,0xA349,0xCCCC,0xE54C,0xEE0F,0xFE91,0xFE91,0xFE91,0xFE91,0xF60F,0xFE50,0xEDAE,0xA349,0xCC4B,0xE54C,0xCC4B,0xA349,0xE54C,0xFE50,0xEDAE,0xEDAE,0xEDAE,0xEDAE,0xF60F,0xFE50,0xEDAE,0xEDAE,0xFE50,0x956A,0x8CA9,0x8CA9,0x8CA9,0xEE0F,0xEE0F,0x93E9,0x8CA9,0x3965,
    0x3965,0x7308,0x7308,0x93E9,0x8CA9,0x8CA9,0xCC4B,0xE54C,0xE54C,0xCCCC,0xE54C,0xEDAE,0xEDAE,0xEDAE,0xEDAE,0xFE50,0xFE91,0xFE91,0xFE91,0xFE50,0xEE0F,0xFE91,0xFEB1,0xFE91,0xEDAE,0xFE50,0xFE91,0xFE50,0xFE50,0xFE91,0xFEB1,0xFE50,0xF60F,0xF60F,0xF60F,0xFE50,0xCCCC,0x8CA9,0x956A,0x5C48,0xCC4B,0xCC4B,0x8CA9,0x8CA9,0x3965,
    0x3965,0x93E9,0x52A8,0x7308,0x8CA9,0x93E9,0xCCCC,0xEDAE,0xEDAE,0xEDAE,0xEDAE,0xEE0F,0xFE50,0xF60F,0xF60F,0xFE50,0xFE91,0xFEB1,0xFE91,0xFE91,0xFEB1,0xFEB1,0xFE91,0xFE91,0xFEB1,0xFEB1,0xFEB1,0xFE91,0xFE91,0xFE91,0xFE91,0xFE50,0xCCCC,0xCCCC,0xCCCC,0xEE0F,0xFE50,0x8CA9,0x8CA9,0x8CA9,0x7308,0x7308,0x8CA9,0x7308,0x3965,
    0x2126,0x7308,0x7308,0x7308,0x7308,0x93E9,0xA349,0xA349,0xEDAE,0xEDAE,0xEE0F,0xFE91,0xFE50,0xF60F,0xF60F,0xEDAE,0xEDAE,0xFE50,0xF60F,0xF60F,0xFE91,0xFEB1,0xFEB1,0xFE91,0xFE91,0xFEB1,0xFEB1,0xFE50,0xF60F,0xEDAE,0xEDAE,0x93E9,0x5C48,0x5C48,0x5C48,0x93E9,0xE54C,0xCCCC,0x52A8,0x5C48,0x52A8,0x7308,0x5C48,0x93E9,0x52A8,
    0x2126,0x52A8,0x52A8,0x7308,0x52A8,0x7308,0x7308,0x7308,0xCC4B,0xE54C,0xE54C,0xEDAE,0xEDAE,0xF60F,0xCC4B,0x93E9,0xCCCC,0xE54C,0xF60F,0xEDAE,0xEDAE,0xFE50,0xFE50,0xFE50,0xFE50,0xFE50,0xF60F,0xEDAE,0xF60F,0xEDAE,0xEDAE,0xCC4B,0x8CA9,0x5C48,0x8CA9,0x8CA9,0x52A8,0xCCCC,0x93E9,0x52A8,0x52A8,0x52A8,0x52A8,0xCC4B,0x52A8,
    0x2126,0x7308,0x52A8,0x52A8,0x7308,0x7308,0x7308,0xCCCC,0xCCCC,0xCCCC,0xE54C,0xE54C,0xEDAE,0xCC4B,0x7308,0xCCCC,0xEE0F,0xCCCC,0xCCCC,0xF60F,0xF60F,0xF60F,0xF60F,0xEDAE,0xEDAE,0xEDAE,0xEDAE,0xE54C,0xE54C,0xE54C,0xEDAE,0xEDAE,0xE54C,0x7308,0x7308,0x8CA9,0x52A8,0x7308,0xA349,0x52A8,0x52A8,0x52A8,0x7308,0x7308,0x3965,
    0x3965,0xA349,0xA349,0xA349,0xCC4B,0xE54C,0xE54C,0xEDAE,0xEDAE,0xE54C,0xE54C,0xE54C,0xE54C,0xA349,0x7308,0x93E9,0xCC4B,0xA349,0xA349,0xE54C,0xF60F,0xF60F,0xFE50,0xFE50,0xFE50,0xFE50,0xEE0F,0xEDAE,0xE54C,0xEDAE,0xEDAE,0xE54C,0xE54C,0xE54C,0x93E9,0x7308,0x5C48,0x52A8,0x52A8,0x52A8,0x52A8,0x52A8,0x52A8,0x52A8,0x3965,
    0x3965,0xA349,0xA349,0xA349,0xCC4B,0xCCCC,0xE54C,0xCCCC,0xCC4B,0xE54C,0xEDAE,0xEDAE,0xE54C,0xCCCC,0xA349,0xA349,0xA349,0xCC4B,0xE54C,0xE54C,0xEDAE,0xEDAE,0xEDAE,0xF60F,0xF60F,0xF60F,0xF60F,0xF60F,0xF60F,0xFE50,0xF60F,0xEDAE,0xCC4B,0x93E9,0x93E9,0x52A8,0x52A8,0x52A8,0x52A8,0x52A8,0x52A8,0x52A8,0x7308,0x8CA9,0x3965,
    0x3965,0xA349,0xCC4B,0xA349,0xCC4B,0xCC4B,0xCCCC,0xCC4B,0xCC4B,0xCC4B,0xCCCC,0xCCCC,0xEDAE,0xE54C,0xE54C,0xE54C,0xE54C,0xEDAE,0xEDAE,0xEDAE,0xEDAE,0xEDAE,0xEDAE,0xEDAE,0xEDAE,0xEE0F,0xE54C,0xE54C,0xE54C,0xCCCC,0xE54C,0x93E9,0x7308,0x7308,0x7308,0x7308,0x52A8,0x52A8,0x7308,0x7308,0x52A8,0x52A8,0x8CA9,0x52A8,0x3965,
    0x3965,0xCC4B,0xA349,0xA349,0xCC4B,0xCC4B,0xCC4B,0xCC4B,0xCCCC,0xCC4B,0xCCCC,0xCCCC,0xE54C,0xE54C,0xEDAE,0xF60F,0xF60F,0xEDAE,0xEDAE,0xEDAE,0xEDAE,0xF60F,0xF60F,0xF60F,0xF60F,0xF60F,0xEDAE,0xE54C,0xE54C,0xCCCC,0xCC4B,0x52A8,0x7308,0x7308,0x52A8,0x52A8,0x52A8,0x7308,0xCC4B,0x7308,0x52A8,0x52A8,0x52A8,0x52A8,0x3965,
    0x2126,0x7308,0xA349,0xA349,0xA349,0xA349,0xA349,0xA349,0xA349,0xA349,0xCC4B,0xCC4B,0xCC4B,0xCC4B,0xCC4B,0xCCCC,0xCCCC,0xCCCC,0xCCCC,0xCCCC,0xCCCC,0xCCCC,0xCCCC,0xCCCC,0xCCCC,0xCCCC,0xCCCC,0xCC4B,0xCC4B,0xCC4B,0xA349,0xA349,0xA349,0xA349,0x7308,0x52A8,0x3965,0x52A8,0x52A8,0x52A8,0x3965,0x52A8,0x52A8,0x52A8,0x3965,
    0x2126,0x2126,0x3965,0x3965,0x3965,0x3965,0x3965,0x3965,0x3965,0x3965,0x3965,0x3965,0x3965,0x3965,0x3965,0x3965,0x3965,0x3965,0x3965,0x3965,0x3965,0x3965,0x3965,0x3965,0x3965,0x3965,0x3965,0x3965,0x3965,0x3965,0x3965,0x3965,0x3965,0x3965,0x3965,0x3965,0x3965,0x3965,0x3965,0x3965,0x3965,0x3965,0x3965,0x3965,0x2126,
  },
  {
    0x08C5,0x08C5,0x18C5,0x1107,0x1107,0x1107,0x1107,0x1107,0x1107,0x1107,0x1107,0x1107,0x1107,0x1107,0x18C5,0x1107,0x1107,0x1107,0x1107,0x1107,0x18C5,0x18C5,0x18C5,0x18C5,0x18C5,0x18C5,0x18C5,0x18C5,0x18C5,0x18C5,0x18C5,0x18C5,0x18C5,0x18C5,0x18C5,0x1107,0x1107,0x18C5,0x18C5,0x18C5,0x18C5,0x18C5,0x18C5,0x18C5,0x18C5,
    0x08C5,0x1107,0x114A,0x092C,0x092C,0x092C,0x092C,0x092C,0x092C,0x092C,0x092C,0x092C,0x092C,0x092C,0x194E,0x194E,0x194E,0x092C,0x092C,0x092C,0x194E,0x194E,0x194E,0x194E,0x194E,0x092C,0x194E,0x198F,0x198F,0x1990,0x1990,0x21CD,0x21CD,0x21CD,0x21CD,0x21CD,0x21CD,0x21CD,0x21CD,0x21CD,0x2992,0x2992,0x2992,0x2992,0x21CD,
    0x18C5,0x2189,0x092C,0x092C,0x092C,0x092C,0x092C,0x092C,0x092C,0x092C,0x092C,0x092C,0x092C,0x092C,0x194E,0x092C,0x092C,0x092C,0x092C,0x092C,0x194E,0x194E,0x194E,0x194E,0x194E,0x092C,0x194E,0x198F,0x1990,0x2992,0x1990,0x194E,0x194E,0x198F,0x194E,0x194E,0x194E,0x198F,0x198F,0x1990,0x2992,0x2992,0x29F3,0x29F3,0x2992,
    0x18C5,0x2189,0x092C,0x092C,0x092C,0x092C,0x092C,0x092C,0x092C,0x092C,0x092C,0x092C,0x092C,0x194E,0x198F,0x194E,0x092C,0x092C,0x092C,0x194E,0x194E,0x194E,0x194E,0x194E,0x194E,0x194E,0x194E,0x1990,0x1990,0x2992,0x2992,0x198F,0x194E,0x1990,0x194E,0x194E,0x194E,0x1990,0x1990,0x1990,0x2992,0x2992,0x2254,0x29F3,0x2992,
    0x18C5,0x2189,0x092C,0x092C,0x092C,0x092C,0x092C,0x092C,0x092C,0x194E,0x092C,0x092C,0x092C,0x194E,0x1990,0x194E,0x092C,0x092C,0x092C,0x194E,0x194E,0x1990,0x194E,0x194E,0x198F,0x198F,0x1990,0x2992,0x2992,0x2992,0x2992,0x1990,0x198F,0x1990,0x194E,0x194E,0x194E,0x1990,0x1990,0x2992,0x2992,0x29F3,0x22B4,0x29F3,0x2992,
    0x18C5,0x2189,0x092C,0x092C,0x092C,0x092C,0x194E,0x092C,0x092C,0x092C,0x092C,0x194E,0x194E,0x198F,0x1990,0x194E,0x194E,0x092C,0x194E,0x194E,0x1990,0x2992,0x198F,0x194E,0x198F,0x198F,0x1990,0x2992,0x2992,0x29F3,0x2992,0x1990,0x198F,0x2992,0x198F,0x092C,0x194E,0x2992,0x2992,0x2992,0x29F3,0x2254,0x2335,0x2254,0x29F3,
    0x18C5,0x2189,0x092C,0x092C,0x092C,0x0A0D,0x1AB2,0x092C,0x092C,0x092C,0x092C,0x194E,0x194E,0x1990,0x1990,0x198F,0x194E,0x092C,0x194E,0x194E,0x1990,0x22B4,0x198F,0x198F,0x198F,0x198F,0x1990,0x2992,0x2992,0x29F3,0x2992,0x2992,0x1990,0x2992,0x1990,0x198F,0x198F,0x2992,0x2992,0x29F3,0x2254,0x22B4,0x2335,0x22B4,0x2254,
    0x18C5,0x2189,0x092C,0x092C,0x092C,0x092C,0x092C,0x092C,0x092C,0x092C,0x092C,0x194E,0x194E,0x1990,0x2992,0x198F,0x198F,0x194E,0x194E,0x198F,0x1990,0x1990,0x198F,0x198F,0x198F,0x198F,0x1990,0x29F3,0x29F3,0x2254,0x29F3,0x1990,0x1990,0x2992,0x1990,0x194E,0x194E,0x29F3,0x29F3,0x29F3,0x22B4,0x22B4,0x1BF5,0x2335,0x22B4,
    0x18C5,0x2189,0x092C,0x092C,0x092C,0x092C,0x092C,0x092C,0x092C,0x092C,0x092C,0x198F,0x1990,0x1990,0x2992,0x1990,0x198F,0x194E,0x198F,0x198F,0x1990,0x1990,0x1990,0x198F,0x198F,0x198F,0x1990,0x29F3,0x29F3,0x22B4,0x29F3,0x2992,0x1990,0x2992,0x1990,0x198F,0x198F,0x29F3,0x2254,0x2254,0x22B4,0x2335,0x1BF5,0x2335,0x2335,
    0x18C5,0x2189,0x092C,0x194E,0x092C,0x092C,0x194E,0x092C,0x092C,0x092C,0x194E,0x1990,0x1990,0x2992,0x2992,0x2992,0x1990,0x198F,0x1990,0x1990,0x1990,0x1990,0x1990,0x198F,0x198F,0x194E,0x1990,0x29F3,0x2254,0x22B4,0x2254,0x29F3,0x1990,0x29F3,0x2992,0x1990,0x1990,0x29F3,0x2254,0x2254,0x2335,0x1BF5,0x1C74,0x1BF5,0x2335,
    0x18C5,0x2189,0x194E,0x194E,0x194E,0x194E,0x198F,0x124F,0x194E,0x194E,0x194E,0x1990,0x2992,0x29F3,0x29F3,0x2992,0x1990,0x198F,0x1990,0x1990,0x1990,0x1990,0x1990,0x198F,0x198F,0x198F,0x1990,0x2254,0x2254,0x22B4,0x2254,0x29F3,0x1990,0x29F3,0x29F3,0x1990,0x29F3,0x2254,0x22B4,0x22B4,0x2335,0x1BF5,0x1CB4,0x1BF5,0x1BF5,
    0x18C5,0x2189,0x194E,0x194E,0x194E,0x194E,0x194E,0x194E,0x198F,0x194E,0x194E,0x2992,0x2992,0x2992,0x29F3,0x29F3,0x1990,0x198F,0x1990,0x1990,0x1990,0x1990,0x1990,0x198F,0x198F,0x198F,0x2992,0x2254,0x2254,0x2335,0x22B4,0x29F3,0x1990,0x29F3,0x29F3,0x1990,0x29F3,0x22B4,0x2335,0x22B4,0x1BF5,0x1C74,0x2534,0x1C74,0x1C74,
    0x18C5,0x2189,0x194E,0x194E,0x198F,0x194E,0x194E,0x198F,0x198F,0x198F,0x198F,0x2992,0x2992,0x29F3,0x2254,0x29F3,0x29F3,0x198F,0x1990,0x1990,0x1990,0x1990,0x1990,0x198F,0x198F,0x198F,0x2254,0x2254,0x22B4,0x1BF5,0x2335,0x2254,0x29F3,0x2254,0x29F3,0x2254,0x2254,0x2335,0x2335,0x22B4,0x1C74,0x1CB4,0x25B4,0x1CB4,0x1CB4,
    0x18C5,0x21CD,0x198F,0x198F,0x2335,0x198F,0x194E,0x198F,0x2992,0x198F,0x198F,0x29F3,0x29F3,0x29F3,0x22B4,0x2254,0x29F3,0x198F,0x1990,0x1990,0x1990,0x1AB2,0x1990,0x198F,0x198F,0x198F,0x2254,0x22B4,0x2335,0x1BF5,0x2335,0x22B4,0x2254,0x22B4,0x22B4,0x2254,0x22B4,0x2335,0x1BF5,0x2335,0x1CB4,0x25B4,0x25B4,0x2534,0x2534,
    0x18C5,0x21CD,0x198F,0x198F,0x198F,0x194E,0x198F,0x198F,0x29F3,0x1990,0x1990,0x29F3,0x29F3,0x2254,0x2335,0x2254,0x29F3,0x1990,0x1990,0x1990,0x29F3,0x1AB2,0x1990,0x1990,0x1990,0x1990,0x2254,0x2335,0x2335,0x1C74,0x1BF5,0x22B4,0x2254,0x1B74,0x22B4,0x22B4,0x22B4,0x1BF5,0x1C74,0x1BF5,0x2534,0x2E34,0x2E34,0x2534,0x2534,
    0x18C5,0x21CD,0x198F,0x198F,0x198F,0x198F,0x198F,0x1990,0x2992,0x1990,0x1990,0x29F3,0x29F3,0x22B4,0x2335,0x22B4,0x2254,0x1990,0x1990,0x1990,0x2254,0x1B74,0x1990,0x198F,0x198F,0x1990,0x2254,0x2335,0x1BF5,0x1CB4,0x1C74,0x2335,0x22B4,0x1B74,0x2335,0x22B4,0x2335,0x1C74,0x1CB4,0x1BF5,0x25B4,0x2E34,0x4ED3,0x2E34,0x25B4,
    0x18C5,0x21CD,0x198F,0x198F,0x198F,0x198F,0x1990,0x1990,0x2254,0x29F3,0x1990,0x2254,0x2254,0x22B4,0x2335,0x2335,0x2254,0x1990,0x1990,0x1990,0x29F3,0x22B4,0x29F3,0x1990,0x1990,0x1990,0x22B4,0x1BF5,0x1C74,0x25B4,0x1C74,0x2335,0x2335,0x1C74,0x1BF5,0x2335,0x2335,0x1CB4,0x2534,0x1C74,0x2E34,0x4ED3,0x2E34,0x2E34,0x25B4,
    0x18C5,0x21CD,0x198F,0x198F,0x198F,0x1990,0x198F,0x198F,0x22B4,0x1AB2,0x1990,0x22B4,0x22B4,0x2335,0x1BF5,0x2335,0x22B4,0x1990,0x2335,0x1AB2,0x2254,0x22B4,0x29F3,0x1990,0x1990,0x29F3,0x22B4,0x1C74,0x1CB4,0x25B4,0x2534,0x1BF5,0x2335,0x1CB4,0x1BF5,0x1BF5,0x1BF5,0x2534,0x25B4,0x1CB4,0x2E34,0x4ED3,0x2E34,0x25B4,0x2534,
    0x18C5,0x21CD,0x1990,0x1AB2,0x1990,0x1990,0x198F,0x09CB,0x22B4,0x2254,0x29F3,0x22B4,0x2335,0x1BF5,0x1CB4,0x2335,0x22B4,0x1990,0x29F3,0x29F3,0x22B4,0x22B4,0x2254,0x29F3,0x1990,0x29F3,0x2335,0x1CB4,0x1CB4,0x2E34,0x25B4,0x1C74,0x1BF5,0x1CB4,0x1C74,0x1BF5,0x1C74,0x25B4,0x2E34,0x2534,0x2E34,0x2E34,0x25B4,0x1CB4,0x1C74,
    0x18C5,0x21CD,0x1990,0x1AB2,0x1990,0x29F3,0x0A0D,0x0A0D,0x2335,0x22B4,0x29F3,0x1B74,0x1BF5,0x1C74,0x25B4,0x1BF5,0x22B4,0x29F3,0x2254,0x2254,0x22B4,0x22B4,0x2254,0x29F3,0x2254,0x2254,0x2335,0x2534,0x25B4,0x2E34,0x25B4,0x1CB4,0x1C74,0x2534,0x2534,0x1C74,0x1CB4,0x25B4,0x2E34,0x2534,0x2E34,0x1CB4,0x1CB4,0x1BF5,0x1B12,
    0x18C5,0x21CD,0x1AB2,0x1AB2,0x1990,0x1990,0x098A,0x2A8A,0x1B12,0x1B74,0x2254,0x1BF5,0x1C74,0x1C74,0x2534,0x1C74,0x1B74,0x29F3,0x2254,0x2254,0x22B4,0x2335,0x2254,0x2254,0x2254,0x22B4,0x1BF5,0x25B4,0x2E34,0x4ED3,0x2E34,0x2534,0x1CB4,0x25B4,0x25B4,0x2534,0x1CB4,0x2E34,0x4ED3,0x2534,0x1CB4,0x1B12,0x1B74,0x22B4,0x1AB2,
    0x18C5,0x224D,0x1AB2,0x1AB2,0x1AB2,0x198F,0x0988,0x11C7,0x1B12,0x1B74,0x1AB2,0x1C74,0x1CB4,0x2534,0x25B4,0x1CB4,0x1B74,0x29F3,0x22B4,0x22B4,0x2335,0x1BF5,0x22B4,0x2254,0x29F3,0x2335,0x1C74,0x25B4,0x2E34,0x4ED3,0x2E34,0x25B4,0x25B4,0x2E34,0x2E34,0x25B4,0x2534,0x4ED3,0x4ED3,0x1CB4,0x1BF5,0x2254,0x2254,0x2254,0x1AB2,
    0x18C5,0x224D,0x1AB2,0x1B12,0x1AB2,0x098A,0x0986,0x1A28,0x124F,0x1B74,0x1AB2,0x1C74,0x2534,0x25B4,0x2E34,0x1CB4,0x1B74,0x2254,0x22B4,0x22B4,0x2335,0x1BF5,0x22B4,0x2254,0x2254,0x22B4,0x1C74,0x2E34,0x4ED3,0x4ED3,0x4ED3,0x2E34,0x25B4,0x4ED3,0x2E34,0x2E34,0x25B4,0x2E34,0x25B4,0x1BF5,0x22B4,0x2254,0x22B4,0x2254,0x1AB2,
    0x18C5,0x224D,0x1AB2,0x1AB2,0x1AB2,0x1208,0x0986,0x1A28,0x2A8A,0x1B74,0x1B12,0x1CB4,0x2534,0x25B4,0x2E34,0x1CB4,0x1BF5,0x22B4,0x22B4,0x2335,0x1BF5,0x1C74,0x2335,0x22B4,0x22B4,0x22B4,0x1CB4,0x4ED3,0x4ED3,0x4ED3,0x4ED3,0x2E34,0x2E34,0x4ED3,0x4ED3,0x2E34,0x1CB4,0x1CB4,0x1BF5,0x22B4,0x2254,0x2254,0x22B4,0x22B4,0x1AB2,
    0x18C5,0x224D,0x1AB2,0x124F,0x0947,0x0926,0x0926,0x1208,0x2A8A,0x0A0D,0x1B74,0x2534,0x25B4,0x2E34,0x2E34,0x2534,0x1C74,0x22B4,0x2335,0x2335,0x1BF5,0x1C74,0x1BF5,0x22B4,0x22B4,0x2335,0x1CB4,0x4ED3,0x4ED3,0x4ED3,0x4ED3,0x2E34,0x2534,0x2E34,0x25B4,0x2534,0x1B74,0x1B12,0x1AB2,0x2254,0x22B4,0x1AB2,0x1AB2,0x22B4,0x1B12,
    0x18C5,0x224D,0x1B74,0x124F,0x0988,0x0947,0x0926,0x0988,0x0988,0x0947,0x1B12,0x25B4,0x2E34,0x2E34,0x4ED3,0x25B4,0x1CB4,0x2335,0x1BF5,0x1BF5,0x1BF5,0x2534,0x1BF5,0x2335,0x2335,0x1B74,0x1CB4,0x4ED3,0x4ED3,0x4ED3,0x25B4,0x1CB4,0x1B74,0x1BF5,0x1B74,0x1B74,0x22B4,0x1AB2,0x1AB2,0x22B4,0x1AB2,0x0A0D,0x1B12,0x1B74,0x1B12,
    0x18C5,0x224D,0x1B74,0x1B74,0x1B74,0x09CB,0x0988,0x11C7,0x1208,0x2331,0x1CB4,0x2E34,0x2E34,0x2E34,0x4ED3,0x2E34,0x1CB4,0x1BF5,0x1C74,0x1C74,0x1C74,0x25B4,0x1BF5,0x1BF5,0x1BF5,0x1BF5,0x25B4,0x4ED3,0x4ED3,0x25B4,0x1BF5,0x22B4,0x22B4,0x22B4,0x2335,0x2335,0x2254,0x2254,0x1AB2,0x22B4,0x1AB2,0x09CB,0x1B74,0x1B74,0x1B12,
    0x18C5,0x224D,0x1B74,0x1B12,0x0A0D,0x11C7,0x1208,0x1A28,0x1A28,0x2331,0x2534,0x2E34,0x2E34,0x2534,0x2E34,0x2E34,0x2534,0x1BF5,0x1CB4,0x1CB4,0x2534,0x25B4,0x1CB4,0x1BF5,0x1BF5,0x1BF5,0x25B4,0x4ED3,0x25B4,0x1C74,0x2335,0x22B4,0x22B4,0x22B4,0x2335,0x2335,0x22B4,0x22B4,0x22B4,0x22B4,0x1AB2,0x1208,0x1B12,0x1B74,0x1B12,
    0x18C5,0x224D,0x124F,0x09CB,0x0988,0x0967,0x0986,0x0986,0x11C7,0x1208,0x224D,0x1CB4,0x1CB4,0x1B12,0x1CB4,0x2E34,0x25B4,0x1CB4,0x1CB4,0x2534,0x25B4,0x2E34,0x2534,0x1BF5,0x1CB4,0x1C74,0x25B4,0x4ED3,0x25B4,0x1CB4,0x1BF5,0x22B4,0x22B4,0x22B4,0x1BF5,0x1BF5,0x22B4,0x22B4,0x22B4,0x22B4,0x124F,0x1208,0x124F,0x1BF5,0x2331,
    0x18C5,0x224D,0x09CB,0x0926,0x0926,0x08C5,0x0106,0x0106,0x0106,0x0986,0x0967,0x2331,0x1B74,0x1B12,0x1BF5,0x1C74,0x1CB4,0x2534,0x2534,0x25B4,0x2E34,0x2E34,0x25B4,0x1C74,0x1CB4,0x1C74,0x1CB4,0x4ED3,0x4ED3,0x25B4,0x1BF5,0x2335,0x22B4,0x2335,0x1BF5,0x1C74,0x22B4,0x1B12,0x1B74,0x1B12,0x1208,0x0986,0x0A0D,0x1BF5,0x1B74,
    0x18C5,0x224D,0x1B74,0x124F,0x09CB,0x0106,0x0926,0x0926,0x0967,0x224D,0x2331,0x1C74,0x1B12,0x1B74,0x1BF5,0x1B12,0x2331,0x25B4,0x25B4,0x25B4,0x2E34,0x4ED3,0x2E34,0x1C74,0x2534,0x2534,0x1CB4,0x25B4,0x4ED3,0x4ED3,0x1CB4,0x2335,0x22B4,0x2335,0x1BF5,0x1C74,0x2335,0x1B74,0x1C74,0x2331,0x1208,0x0926,0x0988,0x1AB2,0x1B74,
    0x18C5,0x224D,0x1B74,0x1AB2,0x0947,0x0967,0x11C7,0x11C7,0x11C7,0x2A8A,0x1B74,0x1B74,0x1B12,0x1B74,0x1BF5,0x0A0D,0x124F,0x2534,0x25B4,0x2E34,0x4ED3,0x4ED3,0x2E34,0x1CB4,0x25B4,0x25B4,0x25B4,0x25B4,0x2E34,0x4ED3,0x1CB4,0x2335,0x22B4,0x1B74,0x1C74,0x1CB4,0x1BF5,0x1BF5,0x124F,0x0988,0x11C7,0x0926,0x0106,0x0947,0x2331,
    0x18C5,0x2A8A,0x0A0D,0x0947,0x0926,0x11C7,0x1A28,0x1A28,0x1A28,0x1A28,0x1208,0x1AB2,0x1B12,0x1B74,0x1B12,0x09CB,0x09CB,0x1BF5,0x25B4,0x2E34,0x25B4,0x4ED3,0x2E34,0x2534,0x2E34,0x2E34,0x2E34,0x4ED3,0x4ED3,0x4ED3,0x1C74,0x1B74,0x1B74,0x1BF5,0x1CB4,0x2534,0x1C74,0x1C74,0x124F,0x0988,0x0967,0x0926,0x0947,0x124F,0x2331,
    0x18C5,0x29C7,0x0947,0x0988,0x0988,0x1A28,0x1208,0x1A28,0x11C7,0x1A28,0x1208,0x0988,0x124F,0x1BF5,0x09CB,0x098A,0x098A,0x0A0D,0x1BF5,0x1BF5,0x1BF5,0x1C74,0x2E34,0x25B4,0x4ED3,0x4ED3,0x4ED3,0x4ED3,0x2E34,0x2534,0x1BF5,0x1BF5,0x1B12,0x1B12,0x2E34,0x2E34,0x1CB4,0x1CB4,0x1CB4,0x124F,0x0986,0x1208,0x0967,0x124F,0x1B74,
    0x18C5,0x31A7,0x0106,0x0926,0x0926,0x0986,0x0926,0x0926,0x0926,0x08C5,0x0926,0x0926,0x2331,0x1C74,0x2331,0x098A,0x09CB,0x124F,0x1B74,0x1BF5,0x1BF5,0x1B74,0x1C74,0x25B4,0x4ED3,0x4ED3,0x25B4,0x25B4,0x1C74,0x1BF5,0x1BF5,0x1C74,0x1B12,0x124F,0x2E34,0x2E34,0x1CB4,0x1C74,0x124F,0x1208,0x1208,0x0988,0x0988,0x0947,0x1188,
    0x18C5,0x224D,0x124F,0x09CB,0x0926,0x0106,0x0926,0x0106,0x08C5,0x0106,0x124F,0x2331,0x1CB4,0x1C74,0x2331,0x0947,0x0988,0x124F,0x1B74,0x1B74,0x1C74,0x1BF5,0x1B74,0x1BF5,0x2534,0x25B4,0x1C74,0x1C74,0x1BF5,0x1C74,0x1C74,0x1CB4,0x124F,0x0A0D,0x25B4,0x2534,0x1C74,0x098A,0x08C5,0x11C7,0x1208,0x0947,0x0947,0x0926,0x0926,
    0x18C5,0x224D,0x1AB2,0x098A,0x0988,0x0967,0x0986,0x0926,0x0967,0x0967,0x098A,0x1B74,0x1B74,0x098A,0x0947,0x0947,0x0988,0x0988,0x09CB,0x1B74,0x1C74,0x1BF5,0x1B74,0x1B74,0x1BF5,0x1CB4,0x1C74,0x1CB4,0x1CB4,0x2534,0x1CB4,0x1CB4,0x0A0D,0x09CB,0x1BF5,0x1C74,0x1C74,0x1B12,0x0A0D,0x0988,0x0988,0x0988,0x0106,0x098A,0x0A0D,
    0x18C5,0x31A7,0x0947,0x0988,0x0988,0x11C7,0x11C7,0x11C7,0x0986,0x1A28,0x11C7,0x1208,0x1B12,0x124F,0x0988,0x098A,0x098A,0x09CB,0x1B12,0x1B74,0x1C74,0x1B74,0x1B74,0x2335,0x1B74,0x1BF5,0x1CB4,0x25B4,0x25B4,0x25B4,0x1CB4,0x124F,0x098A,0x098A,0x09CB,0x1BF5,0x1BF5,0x1BF5,0x124F,0x1188,0x1208,0x1208,0x0967,0x0947,0x0A0D,
    0x18C5,0x31A7,0x0988,0x1208,0x0986,0x1A28,0x11C7,0x1A28,0x11C7,0x2249,0x1A28,0x1A28,0x09CB,0x0A0D,0x098A,0x098A,0x098A,0x098A,0x124F,0x1B74,0x1CB4,0x1B12,0x1B12,0x1BF5,0x1B74,0x1B74,0x1BF5,0x1BF5,0x1C74,0x1C74,0x1BF5,0x124F,0x098A,0x098A,0x124F,0x1BF5,0x1B12,0x0A0D,0x0988,0x11C7,0x1208,0x11C7,0x0988,0x0926,0x0926,
    0x18C5,0x31A7,0x0926,0x0106,0x0986,0x0986,0x08C5,0x29C7,0x0106,0x1A28,0x1A28,0x0986,0x0926,0x0106,0x098A,0x0947,0x0947,0x098A,0x0947,0x0A0D,0x1BF5,0x0A0D,0x124F,0x1BF5,0x1BF5,0x1BF5,0x1B74,0x2335,0x1AB2,0x2335,0x1B12,0x1AB2,0x098A,0x098A,0x0A0D,0x1AB2,0x09CB,0x0926,0x1208,0x11C7,0x11C7,0x0106,0x0986,0x0926,0x0926,
    0x18C5,0x31A7,0x0926,0x0106,0x0106,0x08C5,0x08C5,0x0926,0x0106,0x0926,0x0967,0x08C5,0x0988,0x098A,0x0947,0x0988,0x0988,0x0947,0x0A0D,0x1AB2,0x1AB2,0x0A0D,0x09CB,0x1B12,0x1BF5,0x1BF5,0x1BF5,0x1B12,0x0A0D,0x1B74,0x1AB2,0x098A,0x0988,0x098A,0x0988,0x124F,0x0A0D,0x0106,0x0926,0x0967,0x0986,0x0106,0x0926,0x0926,0x0967,
    0x18C5,0x224D,0x09CB,0x0106,0x0106,0x0106,0x0106,0x0106,0x0926,0x0967,0x0106,0x0A0D,0x0A0D,0x0988,0x098A,0x098A,0x098A,0x1208,0x0A0D,0x1B12,0x0A0D,0x09CB,0x09CB,0x124F,0x1B12,0x1BF5,0x1BF5,0x124F,0x09CB,0x1AB2,0x0A0D,0x098A,0x098A,0x098A,0x09CB,0x1AB2,0x1AB2,0x1AB2,0x0988,0x0947,0x0988,0x0967,0x0106,0x0988,0x09CB,
    0x18C5,0x31A7,0x0106,0x0106,0x0926,0x0926,0x0986,0x0986,0x0986,0x11C7,0x0926,0x0926,0x0926,0x0947,0x09CB,0x0988,0x0988,0x09CB,0x09CB,0x0A0D,0x0A0D,0x09CB,0x09CB,0x124F,0x1AB2,0x1B12,0x1AB2,0x09CB,0x098A,0x124F,0x124F,0x09CB,0x098A,0x098A,0x09CB,0x0947,0x124F,0x09CB,0x0926,0x11C7,0x11C7,0x0986,0x0986,0x0926,0x0967,
    0x18C5,0x31A7,0x0106,0x11C7,0x0967,0x11C7,0x11C7,0x1208,0x1208,0x1A28,0x11C7,0x11C7,0x0926,0x0947,0x0988,0x0947,0x0947,0x0988,0x098A,0x0947,0x098A,0x09CB,0x09CB,0x124F,0x1AB2,0x1AB2,0x124F,0x09CB,0x09CB,0x0A0D,0x0A0D,0x09CB,0x098A,0x098A,0x09CB,0x098A,0x0926,0x0986,0x1208,0x1208,0x0986,0x0986,0x0967,0x0967,0x0967,
    0x18C5,0x29C7,0x0988,0x0986,0x0926,0x1208,0x11C7,0x1A28,0x11C7,0x11C7,0x11C7,0x1A28,0x1A28,0x0986,0x0926,0x0947,0x0988,0x0947,0x0926,0x09CB,0x0A0D,0x098A,0x0A0D,0x0A0D,0x124F,0x1AB2,0x1AB2,0x09CB,0x09CB,0x098A,0x098A,0x098A,0x0988,0x0988,0x0988,0x0926,0x0986,0x11C7,0x0986,0x0986,0x08C5,0x0106,0x0106,0x0926,0x0926,
    0x18C5,0x31A7,0x0926,0x08C5,0x0967,0x11C7,0x0106,0x0986,0x0926,0x11C7,0x0986,0x11C7,0x1208,0x0967,0x08C5,0x0988,0x098A,0x0988,0x0926,0x0947,0x0A0D,0x0A0D,0x0A0D,0x0A0D,0x0A0D,0x1AB2,0x124F,0x124F,0x0A0D,0x0A0D,0x098A,0x0988,0x098A,0x098A,0x0988,0x0947,0x0947,0x0926,0x0926,0x0106,0x08C5,0x08C5,0x0106,0x0106,0x0926,
    0x18C5,0x31A7,0x08C5,0x0106,0x0926,0x0106,0x08C5,0x08C5,0x08C5,0x0926,0x0967,0x0926,0x0926,0x0947,0x0988,0x0988,0x1208,0x11C7,0x11C7,0x0967,0x0988,0x09CB,0x0A0D,0x0A0D,0x124F,0x1AB2,0x0A0D,0x0A0D,0x0A0D,0x098A,0x0988,0x098A,0x09CB,0x09CB,0x0988,0x098A,0x124F,0x09CB,0x0947,0x0926,0x0106,0x1126,0x0988,0x098A,0x0988,
    0x18C5,0x31A7,0x0106,0x0106,0x08C5,0x08C5,0x18C5,0x18C5,0x08C5,0x08C5,0x0106,0x098A,0x0947,0x0947,0x0947,0x0947,0x0967,0x0926,0x0986,0x0986,0x0988,0x09CB,0x0A0D,0x09CB,0x098A,0x1AB2,0x124F,0x124F,0x0A0D,0x098A,0x098A,0x098A,0x098A,0x098A,0x098A,0x0926,0x0988,0x124F,0x09CB,0x0A0D,0x0947,0x18C5,0x098A,0x09CB,0x09CB,
    0x18C5,0x2249,0x09CB,0x0947,0x09CB,0x0947,0x18C5,0x18C5,0x098A,0x0926,0x0926,0x09CB,0x09CB,0x0947,0x0947,0x0947,0x0106,0x0106,0x0106,0x0947,0x0988,0x09CB,0x0A0D,0x124F,0x0A0D,0x0A0D,0x124F,0x124F,0x09CB,0x098A,0x0947,0x0947,0x0947,0x0947,0x0947,0x0988,0x0988,0x09CB,0x098A,0x098A,0x0988,0x1126,0x0926,0x0926,0x0967,
    0x18C5,0x2249,0x0A0D,0x098A,0x0A0D,0x0947,0x18C5,0x18C5,0x098A,0x124F,0x09CB,0x0988,0x098A,0x098A,0x0A0D,0x1107,0x0947,0x098A,0x0988,0x09CB,0x124F,0x09CB,0x09CB,0x0A0D,0x0A0D,0x124F,0x124F,0x0A0D,0x0A0D,0x09CB,0x098A,0x098A,0x0988,0x0106,0x098A,0x09CB,0x09CB,0x0947,0x0986,0x0967,0x0986,0x1A28,0x11C7,0x0986,0x0926,
    0x18C5,0x31A7,0x098A,0x0947,0x0947,0x0947,0x18C5,0x18C5,0x0988,0x098A,0x098A,0x0926,0x0986,0x1208,0x09CB,0x1126,0x0947,0x09CB,0x09CB,0x124F,0x0A0D,0x098A,0x0A0D,0x0A0D,0x124F,0x124F,0x0A0D,0x09CB,0x09CB,0x124F,0x124F,0x124F,0x098A,0x0926,0x09CB,0x09CB,0x098A,0x0106,0x1A28,0x2A8A,0x11C7,0x2249,0x1A28,0x0106,0x0926,
    0x18C5,0x31A7,0x0106,0x0926,0x0106,0x0106,0x18C5,0x18C5,0x0106,0x0926,0x0988,0x0967,0x0986,0x1A28,0x0947,0x1107,0x0926,0x0926,0x098A,0x09CB,0x09CB,0x124F,0x124F,0x1AB2,0x1AB2,0x1AB2,0x124F,0x124F,0x124F,0x0A0D,0x124F,0x09CB,0x0988,0x0926,0x0926,0x0926,0x0926,0x0106,0x0926,0x2249,0x1A28,0x1208,0x0926,0x08C5,0x0926,
    0x18C5,0x31A7,0x0106,0x0926,0x0106,0x08C5,0x1126,0x31A7,0x0106,0x0926,0x0926,0x0926,0x0986,0x0986,0x0967,0x0967,0x0967,0x0988,0x0988,0x0988,0x098A,0x09CB,0x098A,0x1AB2,0x1B74,0x1B74,0x1B12,0x0A0D,0x098A,0x098A,0x098A,0x0988,0x0967,0x1126,0x0926,0x0926,0x0926,0x11C7,0x0986,0x0926,0x0986,0x0926,0x08C5,0x11C7,0x11C7,
    0x18C5,0x31A7,0x0986,0x1A28,0x0926,0x0106,0x1126,0x18C5,0x0106,0x0106,0x08C5,0x0947,0x0947,0x0967,0x0986,0x11C7,0x0967,0x0926,0x0986,0x11C7,0x0926,0x0926,0x0947,0x0988,0x0A0D,0x0A0D,0x09CB,0x098A,0x0967,0x0988,0x0988,0x0988,0x0986,0x0926,0x0926,0x0106,0x0926,0x2A8A,0x2A8A,0x0986,0x11C7,0x11C7,0x0986,0x11C7,0x0986,
    0x18C5,0x31A7,0x0967,0x1A28,0x1188,0x0988,0x1107,0x0986,0x0986,0x08C5,0x0926,0x0988,0x0988,0x0988,0x0986,0x11C7,0x1A28,0x0967,0x0967,0x11C7,0x11C7,0x0926,0x0988,0x11C7,0x0988,0x1188,0x0988,0x0947,0x0926,0x0967,0x0967,0x0988,0x0986,0x0988,0x0967,0x08C5,0x08C5,0x11C7,0x1A28,0x0986,0x0986,0x11C7,0x0986,0x0926,0x0926,
    0x18C5,0x31A7,0x0106,0x0947,0x2189,0x09CB,0x114A,0x0986,0x2249,0x1126,0x1126,0x0926,0x0106,0x0106,0x0926,0x0986,0x11C7,0x0986,0x0926,0x0947,0x0926,0x0988,0x1188,0x2249,0x1208,0x1208,0x1208,0x19E8,0x0988,0x1188,0x0967,0x0947,0x0986,0x11C7,0x0988,0x0926,0x1A28,0x11C7,0x0967,0x11C7,0x0986,0x0967,0x0986,0x0967,0x0926,
    0x18C5,0x31A7,0x0988,0x0947,0x29C7,0x2189,0x0A0D,0x0986,0x29C7,0x0926,0x08C5,0x08C5,0x0106,0x0106,0x0926,0x0926,0x11C7,0x1A28,0x1208,0x1208,0x1188,0x19E8,0x1208,0x1208,0x19E8,0x19E8,0x1208,0x1208,0x2249,0x19E8,0x1126,0x0988,0x0986,0x0986,0x0926,0x11C7,0x1A28,0x11C7,0x0986,0x1A28,0x0986,0x08C5,0x1126,0x0926,0x0926,
    0x18C5,0x31A7,0x0988,0x0947,0x2189,0x114A,0x0947,0x1126,0x0986,0x11C7,0x11C7,0x0106,0x1126,0x19E8,0x1188,0x1188,0x1188,0x2249,0x1188,0x19E8,0x1208,0x19E8,0x19E8,0x19E8,0x19E8,0x1A28,0x19E8,0x1208,0x1188,0x0926,0x1188,0x0988,0x0967,0x0926,0x0947,0x0926,0x0106,0x08C5,0x08C5,0x0926,0x0106,0x18C5,0x1107,0x0106,0x0926,
    0x18C5,0x31A7,0x0106,0x0967,0x1188,0x0947,0x0967,0x2249,0x1A28,0x11C7,0x1A28,0x11C7,0x1126,0x11C7,0x1188,0x2189,0x19E8,0x19E8,0x19E8,0x1188,0x1A28,0x2A8A,0x2249,0x2249,0x2249,0x2249,0x1188,0x0947,0x1188,0x0106,0x0926,0x0967,0x0926,0x1188,0x2189,0x0926,0x0106,0x08C5,0x08C5,0x08C5,0x0106,0x1107,0x1107,0x0926,0x1126,
    0x18C5,0x31A7,0x29C7,0x2249,0x0926,0x0986,0x0986,0x1A28,0x0986,0x11C7,0x11C7,0x29C7,0x0986,0x19E8,0x19E8,0x19E8,0x2249,0x2249,0x2249,0x19E8,0x19E8,0x19E8,0x19E8,0x19E8,0x19E8,0x1188,0x1188,0x19E8,0x1208,0x1188,0x0986,0x0986,0x0988,0x1188,0x29C7,0x0988,0x0988,0x0926,0x08C5,0x08C5,0x0967,0x2189,0x18C5,0x1A28,0x11C7,
    0x18C5,0x31A7,0x0926,0x29C7,0x1126,0x29C7,0x29C7,0x0947,0x0926,0x1126,0x1126,0x1188,0x19E8,0x19E8,0x2249,0x19E8,0x1188,0x1188,0x2189,0x2249,0x2249,0x2249,0x2249,0x2249,0x19E8,0x19E8,0x19E8,0x1A28,0x1A28,0x19E8,0x19E8,0x19E8,0x19E8,0x1208,0x11C7,0x11C7,0x11C7,0x0926,0x1107,0x2189,0x2249,0x1188,0x1107,0x0926,0x1107,
    0x18C5,0x31A7,0x08C5,0x18C5,0x18C5,0x31A7,0x1126,0x0967,0x0947,0x1126,0x1126,0x1188,0x19E8,0x19E8,0x19E8,0x1188,0x19E8,0x1A28,0x2249,0x2A8A,0x2A8A,0x2A8A,0x2A8A,0x2A8A,0x2A8A,0x2A8A,0x2249,0x19E8,0x1188,0x1188,0x19E8,0x1188,0x2189,0x19E8,0x1208,0x1188,0x0926,0x1188,0x224D,0x2189,0x0947,0x1188,0x1107,0x0106,0x1107,
    0x18C5,0x31A7,0x0926,0x0926,0x08C5,0x0106,0x31A7,0x1126,0x0947,0x11C7,0x11C7,0x1188,0x1188,0x1188,0x1188,0x1188,0x19E8,0x2A8A,0x2A8A,0x2A8A,0x2A8A,0x2A8A,0x2A8A,0x2A8A,0x2A8A,0x2A8A,0x2A8A,0x2249,0x19E8,0x19E8,0x2249,0x19E8,0x19E8,0x19E8,0x19E8,0x1188,0x0967,0x21CD,0x21CD,0x2189,0x1107,0x1126,0x0926,0x0967,0x1126,
    0x18C5,0x31A7,0x0986,0x0926,0x11C7,0x0986,0x1126,0x1107,0x1188,0x1188,0x19E8,0x19E8,0x2249,0x19E8,0x2249,0x19E8,0x19E8,0x19E8,0x2249,0x2A8A,0x2A8A,0x2A8A,0x2A8A,0x2A8A,0x2A8A,0x2A8A,0x2A8A,0x2A8A,0x2249,0x2249,0x2A8A,0x2A8A,0x19E8,0x19E8,0x19E8,0x1126,0x0967,0x1188,0x1107,0x1107,0x1126,0x29C7,0x11C7,0x11C7,0x0986,
    0x18C5,0x31A7,0x29C7,0x11C7,0x0988,0x0926,0x0926,0x0988,0x1188,0x1188,0x31A7,0x29C7,0x2249,0x2249,0x2249,0x2249,0x2A8A,0x2249,0x2249,0x2A8A,0x2A8A,0x2A8A,0x2A8A,0x2A8A,0x2A8A,0x2A8A,0x2249,0x2A8A,0x2A8A,0x2A8A,0x2A8A,0x2A8A,0x2A8A,0x1188,0x11C7,0x19E8,0x1188,0x0947,0x0967,0x0926,0x08C5,0x0986,0x11C7,0x0986,0x08C5,
    0x18C5,0x31A7,0x0967,0x0988,0x0947,0x0106,0x0926,0x0947,0x0988,0x1188,0x19E8,0x19E8,0x2A8A,0x2249,0x2249,0x2A8A,0x2A8A,0x2A8A,0x2A8A,0x2A8A,0x2249,0x2A8A,0x2A8A,0x2A8A,0x2A8A,0x2A8A,0x2A8A,0x2A8A,0x2A8A,0x2A8A,0x2A8A,0x19E8,0x2A8A,0x0986,0x1A28,0x19E8,0x19E8,0x2189,0x1188,0x2249,0x29C7,0x0106,0x0986,0x08C5,0x08C5,
    0x18C5,0x29C7,0x0947,0x0926,0x1107,0x2189,0x224D,0x2A8A,0x19E8,0x1188,0x19E8,0x19E8,0x2249,0x2249,0x2249,0x19E8,0x2A8A,0x2A8A,0x2A8A,0x2A8A,0x2A8A,0x2A8A,0x2A8A,0x2A8A,0x2A8A,0x19E8,0x2249,0x2A8A,0x2A8A,0x2A8A,0x2249,0x1A28,0x19E8,0x29C7,0x0986,0x0947,0x0988,0x1188,0x0947,0x2249,0x2249,0x0106,0x08C5,0x08C5,0x1126,
    0x18C5,0x31A7,0x0926,0x1107,0x2189,0x21CD,0x224D,0x224D,0x224D,0x2189,0x1188,0x19E8,0x1188,0x19E8,0x19E8,0x19E8,0x2249,0x2249,0x2249,0x2A8A,0x2A8A,0x2A8A,0x2A8A,0x2A8A,0x2A8A,0x2A8A,0x2249,0x2249,0x1188,0x1188,0x1A28,0x1A28,0x0967,0x0967,0x0988,0x0926,0x29C7,0x2249,0x11C7,0x0986,0x2249,0x0967,0x08C5,0x11C7,0x0986,
    0x18C5,0x31A7,0x08C5,0x1188,0x114A,0x21CD,0x21CD,0x224D,0x224D,0x2189,0x0947,0x0988,0x0988,0x1188,0x19E8,0x2189,0x1188,0x2189,0x2A8A,0x2A8A,0x2A8A,0x2A8A,0x2A8A,0x2A8A,0x2A8A,0x2A8A,0x2A8A,0x2A8A,0x2249,0x19E8,0x19E8,0x19E8,0x1188,0x1188,0x1188,0x1188,0x29C7,0x2A8A,0x2249,0x1126,0x0986,0x0967,0x11C7,0x0986,0x18C5,
    0x18C5,0x31A7,0x08C5,0x1188,0x0947,0x2189,0x2189,0x2189,0x2189,0x21CD,0x2189,0x0988,0x19E8,0x19E8,0x2249,0x2A8A,0x2249,0x2249,0x2249,0x2A8A,0x2A8A,0x2249,0x2A8A,0x2249,0x2A8A,0x2A8A,0x2249,0x2A8A,0x2249,0x2249,0x19E8,0x1188,0x0947,0x0988,0x1188,0x1188,0x0106,0x29C7,0x1A28,0x11C7,0x0967,0x0986,0x11C7,0x0106,0x08C5,
    0x18C5,0x31A7,0x08C5,0x1188,0x0947,0x1107,0x1188,0x2189,0x2189,0x2189,0x2189,0x0967,0x19E8,0x19E8,0x2249,0x2A8A,0x2A8A,0x2249,0x2249,0x19E8,0x19E8,0x19E8,0x19E8,0x19E8,0x2189,0x2189,0x19E8,0x2249,0x19E8,0x19E8,0x1188,0x2189,0x2189,0x1188,0x0947,0x0947,0x11C7,0x1126,0x0926,0x0986,0x0926,0x0967,0x0106,0x0986,0x0986,
    0x18C5,0x31A7,0x0106,0x1107,0x1107,0x1107,0x1188,0x2189,0x1107,0x1107,0x1107,0x1208,0x1208,0x1188,0x19E8,0x19E8,0x2A8A,0x2249,0x2249,0x1A28,0x19E8,0x1188,0x1188,0x1188,0x1188,0x19E8,0x19E8,0x19E8,0x1188,0x1188,0x2189,0x224D,0x224D,0x224D,0x2189,0x1107,0x0947,0x0926,0x08C5,0x1126,0x0986,0x0106,0x0926,0x1A28,0x11C7,
    0x18C5,0x31A7,0x11C7,0x0986,0x08C5,0x0986,0x1126,0x1107,0x1107,0x0926,0x11C7,0x1208,0x1107,0x2189,0x224D,0x2189,0x1188,0x19E8,0x19E8,0x19E8,0x1A28,0x2249,0x1A28,0x19E8,0x1188,0x0947,0x1188,0x19E8,0x0967,0x2189,0x224D,0x224D,0x21CD,0x2189,0x2189,0x0947,0x0926,0x0967,0x08C5,0x0926,0x19E8,0x0926,0x1A28,0x0967,0x1126,
    0x18C5,0x31A7,0x0986,0x11C7,0x0926,0x11C7,0x0926,0x0947,0x0947,0x0988,0x11C7,0x0988,0x1107,0x1188,0x2189,0x224D,0x1188,0x1188,0x19E8,0x19E8,0x19E8,0x19E8,0x19E8,0x19E8,0x19E8,0x0947,0x0947,0x0988,0x1188,0x2189,0x21CD,0x21CD,0x2189,0x1188,0x1188,0x1107,0x0106,0x0926,0x08C5,0x08C5,0x0986,0x11C7,0x11C7,0x0926,0x1126,
    0x18C5,0x31A7,0x08C5,0x11C7,0x0986,0x0986,0x0967,0x11C7,0x1A28,0x0926,0x0967,0x0106,0x1188,0x1188,0x1107,0x1188,0x1107,0x0967,0x19E8,0x1188,0x1188,0x1188,0x1188,0x1188,0x1188,0x0947,0x1126,0x31A7,0x0106,0x1188,0x2189,0x2189,0x1107,0x0947,0x1107,0x08C5,0x08C5,0x0926,0x1A28,0x11C7,0x0926,0x0967,0x0926,0x0926,0x1126,
    0x18C5,0x31A7,0x0106,0x0926,0x11C7,0x0986,0x0986,0x1A28,0x11C7,0x1126,0x11C7,0x0926,0x08C5,0x1126,0x18C5,0x08C5,0x0926,0x11C7,0x29C7,0x1107,0x1188,0x19E8,0x1188,0x1188,0x1126,0x11C7,0x29C7,0x31A7,0x1126,0x0106,0x1107,0x1107,0x1107,0x1107,0x08C5,0x0926,0x29C7,0x0926,0x0986,0x11C7,0x0106,0x0926,0x11C7,0x11C7,0x1126,
    0x18C5,0x31A7,0x0926,0x0967,0x0986,0x0106,0x0986,0x11C7,0x0926,0x11C7,0x1A28,0x1A28,0x0926,0x0106,0x0926,0x0986,0x0986,0x0967,0x0947,0x0988,0x1188,0x1188,0x1188,0x0947,0x29C7,0x1A28,0x0967,0x29C7,0x29C7,0x0926,0x0926,0x0106,0x08C5,0x0926,0x0926,0x0986,0x1A28,0x0986,0x0106,0x0926,0x0106,0x0986,0x11C7,0x0986,0x1126,
    0x18C5,0x31A7,0x0926,0x0988,0x0967,0x0926,0x0967,0x0988,0x0926,0x0967,0x0986,0x11C7,0x0967,0x0926,0x0947,0x0986,0x0986,0x0926,0x0947,0x0947,0x1188,0x1188,0x0988,0x1188,0x0967,0x0986,0x0926,0x0967,0x0967,0x0926,0x0988,0x0947,0x0926,0x11C7,0x0967,0x0106,0x0986,0x0967,0x0926,0x0106,0x0926,0x0986,0x0106,0x08C5,0x1126,
    0x08C5,0x31A7,0x0967,0x0947,0x0947,0x0947,0x0967,0x0947,0x0947,0x0967,0x0967,0x0967,0x0926,0x0947,0x0988,0x0967,0x1126,0x0947,0x1188,0x1188,0x1188,0x0988,0x0988,0x1188,0x0926,0x0967,0x0967,0x0967,0x0926,0x0926,0x0947,0x0947,0x0926,0x0986,0x0926,0x0926,0x0926,0x0926,0x1126,0x1126,0x1126,0x0926,0x0926,0x08C5,0x1126,
    0x08C5,0x18C5,0x31A7,0x31A7,0x31A7,0x31A7,0x31A7,0x31A7,0x31A7,0x31A7,0x31A7,0x31A7,0x31A7,0x31A7,0x31A7,0x31A7,0x31A7,0x31A7,0x31A7,0x31A7,0x31A7,0x31A7,0x31A7,0x31A7,0x31A7,0x31A7,0x31A7,0x31A7,0x31A7,0x31A7,0x31A7,0x31A7,0x31A7,0x31A7,0x31A7,0x31A7,0x31A7,0x31A7,0x31A7,0x31A7,0x31A7,0x31A7,0x31A7,0x31A7,0x18C5,
  },
  {
    0x0884,0x0864,0x0864,0x1084,0x1084,0x1084,0x1084,0x1084,0x1084,0x10A5,0x1084,0x1084,0x1084,0x1084,0x1084,0x1084,0x1084,0x1084,0x1084,0x1084,0x1084,0x1084,0x1084,0x1084,0x1084,0x1084,0x1084,0x1084,0x1084,0x1084,0x1084,0x1084,0x1084,0x1084,0x1084,0x1084,0x1084,0x1084,0x1084,0x1084,0x1084,0x1084,0x1084,0x1084,0x0864,
    0x0864,0x28E5,0x5105,0x2107,0x2907,0x2907,0x2907,0x2907,0x2907,0x2907,0x2907,0x2907,0x2107,0x2907,0x2907,0x3148,0x3148,0x3148,0x3968,0x3968,0x3968,0x3968,0x4148,0x4168,0x4168,0x3968,0x4148,0x4148,0x3148,0x3127,0x3127,0x3127,0x3148,0x2928,0x2907,0x2907,0x2927,0x2907,0x2907,0x2907,0x2907,0x2107,0x2107,0x2907,0x28E6,
    0x0864,0x5147,0x5147,0x2928,0x2928,0x2928,0x2928,0x2928,0x2928,0x2928,0x2928,0x2928,0x2928,0x3148,0x3148,0x3148,0x3989,0x3989,0x3989,0x49AA,0x49AA,0x49AA,0x49AA,0x49AA,0x49AA,0x49AA,0x49AA,0x49AA,0x3989,0x3149,0x3169,0x3169,0x3169,0x2948,0x2928,0x2928,0x2928,0x2928,0x2928,0x2928,0x2928,0x2928,0x2928,0x2928,0x3927,
    0x0884,0x5105,0x2928,0x2948,0x2928,0x2928,0x2928,0x2928,0x2928,0x2928,0x2928,0x2927,0x2928,0x3148,0x2948,0x2928,0x3989,0x49AA,0x49AA,0x49AA,0x49AA,0x49AA,0x61A9,0x61A9,0x49AA,0x49AA,0x49AA,0x49AA,0x3989,0x3148,0x3169,0x3169,0x3169,0x2948,0x2928,0x2928,0x2928,0x2928,0x2928,0x2928,0x2928,0x2928,0x2927,0x2928,0x3127,
    0x0864,0x5105,0x3148,0x2928,0x3148,0x2928,0x2928,0x2928,0x2928,0x2928,0x2927,0x2928,0x2927,0x2927,0x2928,0x3169,0x49AA,0x49AA,0x49AA,0x49AA,0x4989,0x49AA,0x49AA,0x49AA,0x61A9,0x49AA,0x61A9,0x49AA,0x49AA,0x4168,0x3169,0x3169,0x3169,0x2928,0x2928,0x2928,0x2928,0x2928,0x2928,0x2928,0x2928,0x2928,0x2928,0x2928,0x3127,
    0x0864,0x5105,0x3148,0x2928,0x2928,0x2928,0x3148,0x3169,0x2948,0x2928,0x2928,0x2927,0x2928,0x2927,0x2928,0x3169,0x3989,0x49AA,0x49AA,0x61A9,0x61A9,0x61A9,0x49AA,0x61A9,0x61A9,0x61A9,0x81A7,0x61A9,0x4989,0x4989,0x3148,0x3169,0x3169,0x2928,0x2928,0x2928,0x2928,0x2928,0x2948,0x2928,0x2928,0x2928,0x2928,0x2928,0x3127,
    0x0864,0x5105,0x3127,0x2928,0x2928,0x2928,0x3169,0x3169,0x3169,0x3148,0x2928,0x2927,0x2907,0x2927,0x2928,0x2928,0x2948,0x3148,0x4168,0x61A9,0x61A9,0x61A9,0x61A9,0x61A9,0x61A9,0x61A9,0x81A7,0x61A9,0x3148,0x3148,0x2928,0x2928,0x2928,0x2928,0x2928,0x2928,0x2948,0x2928,0x2928,0x2927,0x2928,0x2928,0x2928,0x2928,0x3127,
    0x0864,0x5105,0x3127,0x2928,0x2928,0x2928,0x2948,0x3169,0x3169,0x3149,0x3148,0x3148,0x2928,0x2928,0x2948,0x3148,0x2928,0x2928,0x3148,0x4168,0x61A9,0x61A9,0x61A9,0x81A7,0x61A9,0x61A9,0x61A9,0x3169,0x3148,0x3149,0x2948,0x2928,0x2907,0x2928,0x2928,0x2928,0x2928,0x2928,0x2928,0x2927,0x2907,0x2948,0x2948,0x2948,0x3127,
    0x0864,0x5105,0x3127,0x2928,0x2928,0x2928,0x2948,0x3148,0x2948,0x2948,0x3169,0x3149,0x3149,0x3149,0x3169,0x3169,0x3149,0x2948,0x3968,0x3169,0x61A9,0x7A2A,0x81A7,0x8965,0x61A9,0x61EA,0x4168,0x3169,0x3169,0x3149,0x2948,0x2928,0x2928,0x2948,0x3149,0x2948,0x2928,0x2928,0x2928,0x2928,0x3148,0x3148,0x2948,0x3148,0x3127,
    0x0864,0x5105,0x3148,0x2928,0x2928,0x2928,0x2928,0x2948,0x2928,0x2928,0x3169,0x3169,0x3169,0x3989,0x3989,0x3989,0x3169,0x3149,0x4168,0x3169,0x61A9,0x89E8,0x81A7,0x8965,0x81A7,0x61A9,0x3169,0x3968,0x3968,0x3169,0x3149,0x3148,0x3149,0x3169,0x3169,0x3149,0x2928,0x2928,0x2928,0x2948,0x3169,0x3148,0x2948,0x2948,0x3127,
    0x0864,0x6946,0x4989,0x2948,0x2927,0x2907,0x2928,0x2948,0x2928,0x3149,0x3169,0x3169,0x3169,0x3169,0x3989,0x3989,0x3989,0x3169,0x3968,0x3169,0x61A9,0x81A7,0x6946,0x6946,0x61A9,0x5147,0x3968,0x3968,0x4168,0x3968,0x3148,0x3169,0x3989,0x3989,0x3169,0x3169,0x3169,0x3148,0x2927,0x2927,0x2928,0x2948,0x2948,0x2948,0x3127,
    0x0864,0x6946,0x61EA,0x3989,0x3148,0x3148,0x3149,0x2948,0x2928,0x3148,0x3169,0x3169,0x2948,0x2948,0x3169,0x3169,0x3149,0x4168,0x3968,0x3989,0x81A7,0x81A7,0x81A7,0x81A7,0x81A7,0x6946,0x4148,0x3968,0x4989,0x61A9,0x4989,0x3149,0x3968,0x4168,0x3989,0x3989,0x3989,0x3169,0x3148,0x2928,0x2928,0x2948,0x2948,0x2948,0x3127,
    0x0864,0x6946,0x49AA,0x49AA,0x49AA,0x49AA,0x49AA,0x3148,0x2928,0x2927,0x2928,0x2928,0x2928,0x3149,0x4168,0x4168,0x5147,0x61A9,0x5147,0x61A9,0x81A7,0x81A7,0x89E8,0xB9E6,0x89E8,0x81A7,0x5147,0x3968,0x4989,0x61A9,0x5147,0x4168,0x3968,0x61A9,0x61A9,0x3169,0x3989,0x3169,0x3148,0x2928,0x2928,0x2948,0x2948,0x2948,0x3127,
    0x0864,0x5147,0x49AA,0x49AA,0x49AA,0x49AA,0x3149,0x2948,0x3148,0x3148,0x2928,0x2928,0x3169,0x3989,0x3968,0x4989,0x81A7,0x81A7,0xA9A5,0xA9A5,0xA9A5,0x81A7,0x81A7,0xB9E6,0x81A7,0x8965,0xA9A5,0x6946,0x4989,0x81A7,0x5147,0x5147,0x4148,0x3968,0x4168,0x3149,0x3149,0x3148,0x3148,0x2948,0x3148,0x3148,0x2948,0x3148,0x3148,
    0x0884,0x5147,0x61A9,0x49AA,0x49AA,0x3989,0x2948,0x2948,0x3148,0x3149,0x3149,0x3148,0x3989,0x4168,0x3148,0x3148,0x61A9,0x6946,0x81A7,0xA9A5,0xA9A5,0x81A7,0xA9A5,0xB9E6,0x89E8,0xB9E6,0xB9E6,0x6946,0x61A9,0x6946,0x5147,0x5147,0x5147,0x3968,0x3148,0x3148,0x2948,0x2927,0x3127,0x3148,0x3149,0x3149,0x2948,0x3989,0x4989,
    0x0884,0x5147,0x61A9,0x49AA,0x49AA,0x3989,0x2928,0x2928,0x2948,0x3169,0x4989,0x3968,0x3169,0x4989,0x4168,0x4148,0x5147,0x6946,0x61A9,0x6946,0xB9E6,0xB9E6,0xB9E6,0xB9E6,0xB9E6,0xB9E6,0x81A7,0x81A7,0x8965,0x8965,0x6946,0x5147,0x61A9,0x4148,0x3148,0x3148,0x2928,0x4148,0x61A9,0x3169,0x3149,0x3149,0x4989,0x49AA,0x4989,
    0x0884,0x6946,0x61A9,0x49AA,0x49AA,0x4989,0x2928,0x2948,0x2948,0x3148,0x4168,0x3968,0x3148,0x4168,0x4148,0x5147,0x81A7,0x81A7,0x81A7,0x5147,0x81A7,0xB9E6,0xB9E6,0xD367,0xB9E6,0xA9A5,0x6946,0xA9A5,0xA9A5,0xA9A5,0x8965,0x61A9,0x4168,0x3148,0x3968,0x3148,0x3169,0x3989,0x61EA,0x61EA,0x49AA,0x49AA,0x61A9,0x49AA,0x61A9,
    0x0884,0x5147,0x49AA,0x3989,0x49AA,0x61A9,0x3968,0x2927,0x3148,0x3148,0x4168,0x4989,0x3148,0x4148,0x5147,0x6946,0x8965,0x81A7,0x8965,0x81A7,0x61A9,0xB9E6,0xB9E6,0xB9E6,0xB9E6,0x89E8,0xA9A5,0xA9A5,0x8965,0x8965,0x5147,0x4168,0x4989,0x4989,0x4168,0x3989,0x3989,0x3989,0x61EA,0x61EA,0x61EA,0x61EA,0x61A9,0x61A9,0x61A9,
    0x0884,0x3927,0x3989,0x3149,0x3989,0x61EA,0x61A9,0x4168,0x3127,0x3148,0x5147,0x81A7,0x5147,0x5147,0x6946,0x8965,0x81A7,0x8965,0xB9E6,0xB9E6,0xA9A5,0xB9E6,0xD367,0xB9E6,0xB9E6,0x81A7,0xB9E6,0xB9E6,0x8965,0x5147,0x5147,0x5147,0x81A7,0x5147,0x4168,0x4989,0x3989,0x49AA,0x7A2A,0x61EA,0x61EA,0x61EA,0x61A9,0x49AA,0x61A9,
    0x0864,0x3927,0x3989,0x3989,0x3989,0x49AA,0x61EA,0x61A9,0x61A9,0x61A9,0x81A7,0xB9E6,0x6946,0x3148,0x5147,0x6946,0x5147,0x8965,0xB9E6,0xB9E6,0xB9E6,0xB9E6,0xD367,0xD367,0xB9E6,0xA9A5,0xB9E6,0x8965,0x6946,0x5147,0x6946,0x5147,0x6946,0x8965,0x5147,0x3968,0x4168,0x61EA,0x7A2A,0x89E8,0x89E8,0x49AA,0x3989,0x3989,0x4168,
    0x0864,0x3927,0x3989,0x3989,0x3989,0x3989,0x61EA,0x61EA,0x61A9,0x89E8,0xB9E6,0xA9A5,0x3989,0x4168,0x61A9,0x6946,0x4148,0x8965,0xB9E6,0xB9E6,0xD367,0xB9E6,0xD367,0xD367,0xB9E6,0xB9E6,0xD367,0x6904,0x6946,0x81A7,0x81A7,0x4148,0x6946,0x8965,0x4989,0x3148,0x61A9,0x61EA,0x61EA,0x7A2A,0x61A9,0x3989,0x3989,0x3989,0x3968,
    0x0864,0x3927,0x3989,0x3989,0x3989,0x3169,0x49AA,0x61EA,0x81A7,0xA9A5,0xB247,0x89E8,0x49AA,0x4989,0x6946,0x6946,0x5147,0x8965,0xA9A5,0xB9E6,0xD367,0xD367,0xD367,0xD367,0xB9E6,0xD367,0xD367,0xB9E6,0xB9E6,0xB9E6,0x6946,0x4168,0x81A7,0x89E8,0x7A2A,0x61EA,0x61EA,0x61EA,0x61EA,0x7A2A,0x4989,0x3169,0x3989,0x3989,0x3968,
    0x0864,0x3927,0x3989,0x3989,0x3989,0x3989,0x61A9,0x89E8,0x89E8,0xB9E6,0x89E8,0x7A2A,0x7A2A,0x4989,0x5147,0x8965,0x81A7,0x8965,0x6946,0xA9A5,0xD367,0xD367,0xD367,0xD367,0xD367,0xD367,0xB9E6,0xB9E6,0xA9A5,0x81A7,0xB9E6,0xB9E6,0xA9A5,0x89E8,0x7A2A,0x7A2A,0x89E8,0x89E8,0x89E8,0x89E8,0x61A9,0x3989,0x3989,0x3989,0x3968,
    0x0864,0x3927,0x3989,0x3989,0x3989,0x61EA,0x89E8,0x89E8,0x81A7,0x89E8,0x89E8,0x7A2A,0x7A2A,0x89E8,0x81A7,0xA9A5,0x8965,0xA9A5,0xB9E6,0xB9E6,0xB9E6,0xD367,0xD367,0xD367,0xD367,0xD367,0xD367,0xB9E6,0xA9A5,0xA9A5,0x89E8,0x89E8,0x89E8,0x7A2A,0x7A2A,0x89E8,0x89E8,0x61EA,0x61EA,0xAA89,0x89E8,0x49AA,0x3989,0x3989,0x4168,
    0x0884,0x3927,0x3989,0x3989,0x49AA,0x61A9,0x61EA,0x49AA,0x49AA,0x61A9,0x89E8,0x7A2A,0x7A2A,0x89E8,0x89E8,0x89E8,0xB247,0xA9A5,0xA9A5,0xB9E6,0xD367,0xD367,0xD367,0xD367,0xD367,0xD367,0xD367,0x8965,0xA9A5,0xB9E6,0x89E8,0x7A2A,0x61EA,0x61EA,0x7A2A,0x89E8,0x61EA,0x49AA,0x49AA,0x61EA,0x61EA,0x49AA,0x3989,0x49AA,0x49AA,
    0x0864,0x4148,0x49AA,0x61A9,0x49AA,0x49AA,0x49AA,0x49AA,0x49AA,0x4989,0x89E8,0x89E8,0x89E8,0xB247,0x89E8,0x89E8,0xB247,0x81A7,0x28E6,0x81A7,0xB247,0xD367,0xD367,0xD367,0xD367,0x89E8,0xB247,0x4148,0x3148,0xA9A5,0xB9E6,0x89E8,0x89E8,0x89E8,0x89E8,0x89E8,0x61EA,0x49AA,0x49AA,0x49AA,0x49AA,0x49AA,0x49AA,0x49AA,0x4989,
    0x0864,0x4148,0x61EA,0x7A2A,0x7A2A,0x61EA,0x49AA,0x49AA,0x49AA,0x3989,0x81A7,0x89E8,0xB247,0xB9E6,0xB247,0xB9E6,0xB9E6,0x3927,0x3927,0x8965,0x3127,0x6946,0xD367,0xD367,0xB247,0x28E6,0x8965,0x6946,0x2107,0x6946,0xB9E6,0xB9E6,0xB247,0xB247,0xB247,0xB247,0x49AA,0x49AA,0x49AA,0x49AA,0x49AA,0x61EA,0x61EA,0x61EA,0x61A9,
    0x0864,0x4148,0x61EA,0x7A2A,0x7A2A,0x7A2A,0x61EA,0x49AA,0x49AA,0x49AA,0x61A9,0x49AA,0x61A9,0xB247,0xB247,0xB9E6,0x8965,0x2107,0x6946,0x6946,0x3127,0xB247,0xB9E6,0xB9E6,0xB9E6,0x38E5,0x5105,0x6904,0x3127,0x3927,0xB247,0xB9E6,0xB247,0x7A2A,0x61A9,0x7A2A,0x61EA,0x49AA,0x49AA,0x49AA,0x61EA,0x7A2A,0x7A2A,0x7A2A,0x61EA,
    0x0864,0x4148,0x7A2A,0x61EA,0x7A2A,0x7A2A,0x7A2A,0x7A2A,0x7A2A,0x89E8,0x89E8,0x61EA,0x61EA,0x89E8,0xD367,0xB247,0x4148,0x3127,0x6904,0x4148,0x3127,0xB247,0xA9A5,0xA9A5,0xA9A5,0x38E5,0x2928,0x6946,0x3927,0x2927,0x5147,0xB247,0x89E8,0x49AA,0x49AA,0x49AA,0x61EA,0x7A2A,0x61EA,0x61EA,0x7A2A,0x7A2A,0x7A2A,0x7A2A,0x7A2A,
    0x0864,0x4148,0x7A2A,0x61EA,0x61EA,0x7A2A,0x7A2A,0x7A2A,0xAA89,0xAA89,0xAA89,0xAA89,0xAA89,0xAA89,0xB247,0x89E8,0x2948,0x4148,0x6946,0x3148,0x4148,0xB9E6,0x6904,0x5147,0xA9A5,0x3927,0x3148,0x5147,0x5105,0x2928,0x3148,0x89E8,0x89E8,0x7A2A,0x7A2A,0x7A2A,0x7A2A,0xAA89,0xAA89,0x7A2A,0x7A2A,0x7A2A,0x61EA,0x7A2A,0x7A2A,
    0x0864,0x4148,0x7A2A,0x61EA,0x61EA,0x7A2A,0x7A2A,0x7A2A,0x7A2A,0xAA89,0xAA89,0xAA89,0xAA89,0xAA89,0x89E8,0x3149,0x3149,0x5147,0x5147,0x2928,0x5147,0xB9E6,0x3127,0x5147,0xA9A5,0x3127,0x3148,0x3148,0x5105,0x3127,0x2928,0x5147,0xAA89,0xAA89,0xAA89,0xAA89,0xAA89,0xAA89,0x7A2A,0x7A2A,0x61EA,0x61EA,0x61EA,0x61EA,0x61A9,
    0x0864,0x5147,0x7A2A,0x7A2A,0x7A2A,0x7A2A,0x7A2A,0x7A2A,0x7A2A,0x7A2A,0x7A2A,0x89E8,0xAA89,0xAA89,0x49AA,0x3149,0x3149,0x6946,0x4148,0x2927,0x3927,0x8965,0x20E7,0x5147,0xB9E6,0x4148,0x2928,0x2928,0x5105,0x3927,0x2948,0x2928,0x89E8,0xAA89,0xAA89,0xAA89,0xAA89,0x7A2A,0x7A2A,0x7A2A,0x61EA,0x61EA,0x61EA,0x61EA,0x61A9,
    0x0864,0x5147,0xAA89,0xAA89,0xAA89,0x89E8,0xAA89,0x7A2A,0x7A2A,0x7A2A,0x7A2A,0x61EA,0x89E8,0x7A2A,0x2948,0x3149,0x4148,0x4148,0x2928,0x2927,0x5105,0x8965,0x2928,0x3148,0xA9A5,0x61A9,0x2928,0x2928,0x28E6,0x28E5,0x2948,0x3148,0x3968,0xAA89,0xAA89,0x7A2A,0x7A2A,0x7A2A,0x7A2A,0xAA89,0x61EA,0x7A2A,0x7A2A,0x7A2A,0x89E8,
    0x0864,0x5147,0xAA89,0xAA89,0xAA89,0xAA89,0xAA89,0xAA89,0xAA89,0xAA89,0xAA89,0xAA89,0x89E8,0x3968,0x3148,0x2928,0x5105,0x3148,0x2948,0x3127,0x8965,0x6946,0x2948,0x2928,0x81A7,0x81A7,0x2927,0x2928,0x2927,0x3927,0x2907,0x3148,0x3148,0x61A9,0x7A2A,0x7A2A,0x7A2A,0xAA89,0xAA89,0xAA89,0x7A2A,0xAA89,0xAA89,0x89E8,0x81A7,
    0x0864,0x5147,0xAA89,0xAA89,0x7A2A,0x7A2A,0xAA89,0xAA89,0xAA89,0xAA89,0xAA89,0xAA89,0x4989,0x2928,0x3148,0x2907,0x2907,0x2928,0x2928,0x3927,0x8965,0x3127,0x3148,0x3148,0x6946,0xA9A5,0x2107,0x2907,0x2928,0x3148,0x2907,0x2927,0x3968,0x3989,0x3989,0xAA89,0xAA89,0xAA89,0xAA89,0xAA89,0xAA89,0xAA89,0xAA89,0xAA89,0x89E8,
    0x0864,0x5147,0xAA89,0x7A2A,0x3169,0x3169,0x7A2A,0xAA89,0xAA89,0xAA89,0xAA89,0x61A9,0x3148,0x3148,0x2907,0x20E7,0x2927,0x3148,0x2928,0x81A7,0xB9E6,0x2928,0x3148,0x3148,0x3148,0xA9A5,0x6946,0x2107,0x2928,0x3148,0x3927,0x2107,0x3148,0x3989,0x3169,0x7A2A,0xAA89,0xAA89,0xAA89,0xAA89,0x61EA,0x89E8,0xAA89,0xAA89,0x89E8,
    0x0864,0x5147,0x61EA,0x3169,0x3169,0x3989,0x49AA,0x7A2A,0xD367,0xD367,0x7A2A,0x3149,0x3169,0x3127,0x2907,0x2907,0x3148,0x3127,0x20E7,0x8965,0x6946,0x2928,0x3148,0x3148,0x3127,0x8965,0x8965,0x20E7,0x3148,0x2948,0x5105,0x2907,0x2928,0x49AA,0x4989,0x3968,0x89E8,0xAA89,0x89E8,0x49AA,0x3169,0x4168,0xAA89,0xAA89,0x89E8,
    0x0884,0x28E5,0x3169,0x3989,0x3149,0x3989,0x49AA,0x3989,0x7A2A,0x89E8,0x3148,0x3149,0x2928,0x3927,0x3148,0x2948,0x3127,0x2107,0x6904,0xB9E6,0x2928,0x3148,0x3149,0x2928,0x3148,0x5147,0x6904,0x2107,0x2928,0x2948,0x4148,0x5105,0x2928,0x4989,0x61A9,0x3148,0x4989,0xAA89,0x4989,0x3989,0x49AA,0x3169,0x4168,0x7A2A,0xAA89,
    0x0884,0x3127,0x3989,0x3169,0x3169,0x3169,0x49AA,0x49AA,0x3148,0x3148,0x3169,0x2927,0x2927,0x3148,0x2948,0x2948,0x20E7,0x6904,0x6904,0x8965,0x2927,0x3149,0x3149,0x2907,0x3968,0x3127,0x8965,0x3927,0x2948,0x3148,0x2927,0x5105,0x3127,0x2948,0x4168,0x3148,0x3149,0x3148,0x3169,0x49AA,0x3989,0x3169,0x3149,0x3989,0x61A9,
    0x0884,0x3927,0x49AA,0x3989,0x3989,0x3169,0x3169,0x3149,0x3148,0x3149,0x3148,0x2107,0x2928,0x2948,0x3149,0x2928,0x3927,0x6946,0x20E6,0x8965,0x5105,0x2928,0x3127,0x2907,0x3148,0x3148,0xA9A5,0x5147,0x2928,0x3148,0x2107,0x20E7,0x2907,0x2928,0x2948,0x2907,0x2928,0x3149,0x2927,0x3169,0x3169,0x3169,0x3989,0x3989,0x3989,
    0x0884,0x3927,0x49AA,0x49AA,0x3989,0x3989,0x3148,0x3148,0x3149,0x2948,0x2928,0x2928,0x2948,0x2928,0x3149,0x3927,0x6946,0x3127,0x20E7,0x5105,0x6946,0x2107,0x2927,0x3127,0x2948,0x5147,0x8965,0x8965,0x3927,0x2948,0x3127,0x2907,0x2928,0x2907,0x2927,0x2948,0x2907,0x3148,0x2948,0x2927,0x3148,0x49AA,0x49AA,0x49AA,0x3989,
    0x0884,0x3927,0x3989,0x3989,0x3149,0x3148,0x3149,0x3149,0x2948,0x3148,0x2928,0x2928,0x2907,0x2928,0x2928,0x6946,0x5147,0x2928,0x2107,0x38E5,0x6904,0x2107,0x3148,0x3148,0x4148,0x8965,0x3148,0x5147,0x8965,0x3127,0x2948,0x3127,0x3127,0x3148,0x20E7,0x3127,0x3149,0x2948,0x3149,0x2928,0x2928,0x3989,0x49AA,0x3989,0x3989,
    0x0884,0x3127,0x3169,0x2907,0x20E7,0x2927,0x2948,0x3148,0x3149,0x2928,0x2107,0x2927,0x2928,0x2948,0x3927,0x4148,0x2928,0x3127,0x20E7,0x38E5,0x6904,0x3148,0x3149,0x2928,0x6904,0x8965,0x2948,0x20E7,0x8965,0x8965,0x4148,0x2927,0x2928,0x3148,0x2907,0x2907,0x3989,0x3149,0x3149,0x3169,0x3149,0x2948,0x2107,0x2107,0x3148,
    0x0884,0x28E6,0x20E7,0x2107,0x18C5,0x2927,0x2107,0x20E6,0x2928,0x2107,0x2928,0x3148,0x2948,0x3927,0x5105,0x4148,0x2928,0x2907,0x28E6,0x6904,0x5105,0x6946,0x3169,0x3148,0x3927,0x5147,0x3148,0x20E7,0x5105,0x8965,0x6946,0x5105,0x2928,0x3148,0x3148,0x20E7,0x2928,0x3148,0x2927,0x3169,0x3148,0x20E6,0x2907,0x2107,0x28E6,
    0x0884,0x28E6,0x2928,0x20E7,0x18C5,0x2928,0x3148,0x18C5,0x20E6,0x2948,0x3149,0x3148,0x4148,0x3927,0x2928,0x2948,0x2927,0x2948,0x5105,0x6946,0x3148,0x5147,0x3968,0x3148,0x3127,0x3968,0x3968,0x2107,0x5147,0x6946,0x3968,0x5147,0x5105,0x3127,0x2948,0x2948,0x3148,0x2107,0x20E6,0x2107,0x20E6,0x2107,0x3148,0x2107,0x28E6,
    0x0884,0x28E6,0x2107,0x20E6,0x10A5,0x20E7,0x2928,0x20E6,0x1084,0x2107,0x3968,0x5147,0x4148,0x3148,0x3148,0x2927,0x2948,0x3148,0x6904,0x3968,0x3148,0x3148,0x3148,0x3927,0x3127,0x4148,0x4989,0x3127,0x6946,0x81A7,0x2948,0x3148,0x5147,0x5147,0x3927,0x2927,0x2927,0x2907,0x2927,0x18C5,0x20E6,0x3148,0x20E7,0x18C5,0x20C5,
    0x0884,0x28E6,0x20E6,0x2107,0x18C5,0x18C5,0x2107,0x2107,0x20E6,0x18C5,0x3127,0x3968,0x3148,0x3149,0x3148,0x2948,0x2927,0x3927,0x5105,0x3148,0x3148,0x3127,0x2907,0x5147,0x6946,0x3148,0x4148,0x4148,0x5147,0x8965,0x3148,0x3148,0x3149,0x3968,0x28E5,0x2907,0x10A5,0x2107,0x2107,0x2907,0x3148,0x2927,0x20E6,0x10A5,0x18A4,
    0x0884,0x28E6,0x18C5,0x20E6,0x20E7,0x10A5,0x18C5,0x20E7,0x2907,0x18C5,0x20E6,0x2107,0x2927,0x3149,0x3148,0x2927,0x2927,0x5105,0x5147,0x3149,0x3148,0x3127,0x3127,0x3927,0xA9A5,0x5147,0x3127,0x5147,0x5147,0x8965,0x5147,0x3148,0x3968,0x3127,0x2107,0x20E7,0x18C5,0x18C5,0x18A4,0x3148,0x2107,0x18C5,0x1084,0x18C5,0x18A4,
    0x0884,0x20C5,0x0884,0x10A5,0x2907,0x10A5,0x10A5,0x18C5,0x2107,0x2907,0x18C5,0x18C5,0x3148,0x3127,0x2948,0x2927,0x20C5,0x5105,0x3989,0x3149,0x3149,0x2928,0x3127,0x2928,0x6946,0xA9A5,0x3927,0x3927,0x5147,0x8965,0xA9A5,0x5147,0x4148,0x2927,0x20E6,0x18C5,0x10A5,0x1084,0x18A4,0x2928,0x20E6,0x0884,0x10A5,0x18C5,0x20C5,
    0x0884,0x28E6,0x18C5,0x10A5,0x10A5,0x18C5,0x10A5,0x18C5,0x2107,0x2907,0x2907,0x10A5,0x3169,0x3148,0x20E6,0x20E7,0x2107,0x2107,0x3127,0x3989,0x3169,0x2928,0x3148,0x3148,0x3148,0x8965,0xA9A5,0x8965,0x5105,0x28E6,0x5105,0xA9A5,0x5105,0x2107,0x2107,0x18C5,0x1084,0x18C5,0x28E6,0x20E6,0x18C5,0x10A5,0x10A5,0x18C5,0x2907,
    0x0884,0x28E6,0x2928,0x20E7,0x18C5,0x18C5,0x1084,0x18C5,0x20E6,0x20E6,0x2107,0x18C5,0x20E6,0x2927,0x20E6,0x20E6,0x3149,0x3148,0x20E6,0x3127,0x3989,0x3989,0x3169,0x3148,0x3148,0x5147,0xB9E6,0x8965,0x3148,0x2907,0x10A5,0x28E6,0x2907,0x2107,0x18C5,0x18C5,0x1084,0x2107,0x3148,0x2907,0x10A5,0x18A4,0x20C5,0x1084,0x18A4,
    0x0884,0x28E6,0x20E6,0x18C5,0x10A5,0x0864,0x1084,0x10A5,0x18C5,0x18C5,0x10A5,0x10A5,0x1084,0x18C5,0x10A5,0x10A5,0x2907,0x3169,0x2927,0x18C5,0x3927,0x4168,0x3148,0x3149,0x2928,0x3927,0x6946,0x4148,0x3149,0x3127,0x1084,0x2107,0x2927,0x20E6,0x2107,0x18C5,0x1084,0x10A5,0x10A5,0x1084,0x0864,0x20C5,0x10A5,0x0884,0x18A4,
    0x0884,0x20C5,0x1084,0x1084,0x20E6,0x20E6,0x18C5,0x2107,0x2107,0x2928,0x2928,0x3127,0x28E6,0x18C5,0x18A4,0x18C5,0x20E6,0x2107,0x20E6,0x18C5,0x38E5,0x5105,0x5105,0x5105,0x5105,0x28E5,0x20E6,0x3148,0x28E6,0x10A5,0x1084,0x20E6,0x2907,0x18C5,0x10A5,0x10A5,0x18A4,0x18C5,0x2907,0x20C5,0x10A5,0x10A5,0x1084,0x1084,0x20C5,
    0x0884,0x20C5,0x0864,0x18C5,0x2907,0x3148,0x20E6,0x20E6,0x2107,0x2928,0x2907,0x2907,0x2907,0x2907,0x2907,0x2927,0x3148,0x2948,0x2107,0x2907,0x3127,0x6946,0xB9E6,0x6946,0x5105,0x20C5,0x2907,0x20E6,0x18C5,0x10A5,0x18C5,0x20E6,0x18C5,0x1084,0x1084,0x3927,0x4168,0x18C5,0x20E6,0x18A4,0x1084,0x1084,0x1084,0x10A5,0x20C5,
    0x0884,0x20C5,0x10A5,0x20E6,0x18C5,0x3148,0x20E7,0x1084,0x18C5,0x2907,0x2907,0x20E7,0x18C5,0x28E6,0x28E5,0x28E6,0x2907,0x3927,0x8965,0x6946,0x6946,0x6946,0x3927,0x20E7,0x0884,0x1084,0x20E6,0x10A5,0x18A4,0x1084,0x10A5,0x10A5,0x10A5,0x1084,0x5105,0x4148,0x2928,0x10A5,0x1084,0x18C5,0x20E6,0x18C5,0x1084,0x0884,0x20C5,
    0x0884,0x20C5,0x18C5,0x1084,0x1084,0x18C5,0x20E6,0x18C5,0x18C5,0x3127,0x3968,0x4989,0x3927,0x28E6,0x6904,0x8965,0x8965,0x6946,0x8965,0x5105,0x3127,0x3127,0x3127,0x2928,0x2928,0x2948,0x3148,0x2927,0x20E6,0x20E7,0x2907,0x2107,0x2107,0x2907,0x5105,0x18C5,0x18C5,0x1084,0x18C5,0x2907,0x2107,0x1084,0x18C5,0x18C5,0x18A4,
    0x0884,0x18A4,0x0864,0x1084,0x20E6,0x3148,0x3148,0x3989,0x2907,0x28E6,0x3148,0x3927,0x20C5,0x2907,0x3127,0x38E5,0x5105,0x3127,0x3968,0x81A7,0x6904,0x38E5,0x28E5,0x3127,0x3148,0x3149,0x3149,0x3148,0x3968,0x3927,0x4148,0x5105,0x10A5,0x38E5,0x28E6,0x3148,0x2927,0x18C5,0x20E6,0x10A5,0x1084,0x1084,0x10A5,0x1084,0x18A4,
    0x0884,0x20C5,0x1084,0x18C5,0x18C5,0x2107,0x2948,0x3149,0x3989,0x2107,0x28E6,0x1084,0x18C5,0x3148,0x3968,0x2107,0x28E6,0x4148,0x4168,0x4168,0x6946,0x5105,0x6904,0x6904,0x3927,0x2107,0x20E7,0x20E7,0x3927,0x5105,0x38E5,0x20C5,0x20C5,0x3927,0x20E7,0x2907,0x18A4,0x20E6,0x1084,0x0864,0x0864,0x1084,0x10A5,0x1084,0x18A4,
    0x0884,0x20C5,0x0884,0x18C5,0x10A5,0x10A5,0x2907,0x2927,0x3127,0x3127,0x1084,0x0864,0x10A5,0x20E6,0x2928,0x3149,0x20C5,0x28E6,0x3968,0x4989,0x3968,0x3148,0x4148,0x4989,0x4168,0x3968,0x4148,0x3927,0x38E5,0x20C5,0x20E6,0x10A5,0x18A4,0x20E6,0x20E6,0x1084,0x10A5,0x1084,0x0864,0x0864,0x18A4,0x18A4,0x20C5,0x10A5,0x20C5,
    0x0884,0x28E6,0x18C5,0x20E6,0x2107,0x1084,0x18C5,0x2928,0x2948,0x3148,0x20E6,0x0864,0x1084,0x10A5,0x20E6,0x2927,0x10A5,0x20E6,0x28E6,0x3127,0x4168,0x4148,0x4148,0x4168,0x4168,0x5147,0x8965,0x5105,0x28E5,0x18C5,0x20E6,0x18A4,0x1084,0x18C5,0x18C5,0x10A5,0x10A5,0x20C5,0x1084,0x1084,0x28E5,0x2907,0x18A4,0x10A5,0x20C5,
    0x0884,0x20C5,0x18C5,0x20E6,0x18C5,0x1084,0x1084,0x18C5,0x18C5,0x18C5,0x10A5,0x1084,0x0864,0x1084,0x1084,0x18C5,0x20E6,0x20E6,0x18C5,0x20C5,0x28E6,0x2907,0x3927,0x4148,0x4168,0x4168,0x4989,0x5147,0x5105,0x5105,0x3927,0x2107,0x2907,0x3127,0x2927,0x20E6,0x20E6,0x28E5,0x20C5,0x20C5,0x3927,0x2907,0x20C5,0x1084,0x20C5,
    0x0884,0x28E5,0x18C5,0x1084,0x38E5,0x18A4,0x18A4,0x18A4,0x1084,0x0864,0x10A5,0x2907,0x20E6,0x10A5,0x18C5,0x20E7,0x2927,0x3148,0x3927,0x4148,0x5147,0x4989,0x4989,0x4989,0x4989,0x3148,0x2907,0x3148,0x3148,0x3927,0x6904,0x5105,0x38E5,0x3927,0x2907,0x28E6,0x28E5,0x28E5,0x20E6,0x28E6,0x18C5,0x18C5,0x20C5,0x18C5,0x20C5,
    0x0884,0x28E5,0x2107,0x20E6,0x38E5,0x38E5,0x38E5,0x18A4,0x18C5,0x28E6,0x2927,0x3127,0x3127,0x2907,0x3127,0x3968,0x4168,0x4168,0x4989,0x5147,0x4989,0x61A9,0x4989,0x4168,0x4148,0x3927,0x4148,0x3148,0x3148,0x4148,0x3927,0x6946,0x8965,0x28E5,0x28E5,0x5105,0x5105,0x28E5,0x2927,0x2107,0x20E6,0x1084,0x18C5,0x18C5,0x18A4,
    0x0884,0x28E5,0x18C5,0x10A5,0x0884,0x18A4,0x6904,0x38E5,0x20C5,0x18C5,0x2907,0x2907,0x3127,0x2907,0x3127,0x4168,0x61A9,0x61A9,0x4168,0x3927,0x4168,0x4168,0x5147,0x38E5,0x2927,0x3148,0x3148,0x5147,0x6904,0x5105,0x4148,0x3148,0x3148,0x3148,0x3148,0x28E5,0x20C5,0x28E6,0x3127,0x3148,0x2927,0x18C5,0x1084,0x10A5,0x20C5,
    0x0884,0x28E5,0x28E5,0x5105,0x38E5,0x6904,0x8965,0x6904,0x5105,0x28E5,0x18C5,0x28E5,0x38E5,0x3927,0x28E5,0x28E6,0x3148,0x4168,0x4148,0x2907,0x2907,0x3127,0x6904,0x6904,0x5105,0x6904,0x6904,0x6946,0x5147,0x3127,0x3148,0x3968,0x3968,0x3169,0x2928,0x18A4,0x18C5,0x3148,0x3148,0x20E6,0x20E6,0x18C5,0x20E7,0x20E7,0x20C5,
    0x0884,0x38E5,0x5105,0x38E5,0x3927,0x3127,0x20E6,0x20E6,0x3148,0x4148,0x3927,0x3127,0x8965,0x8965,0x6904,0x6904,0x3927,0x3968,0x4168,0x4168,0x4989,0x4989,0x3968,0x3148,0x5147,0x8965,0xB9E6,0x5105,0x2927,0x4168,0x4168,0x3148,0x2907,0x20E7,0x20E7,0x2107,0x2927,0x3148,0x2948,0x2907,0x10A5,0x10A5,0x2107,0x18C5,0x18A4,
    0x0884,0x28E5,0x20E7,0x20E6,0x2907,0x3169,0x2928,0x2927,0x2927,0x3968,0x3927,0x38E5,0x6946,0x4148,0x3127,0x3927,0x4148,0x4989,0x4989,0x4989,0x4989,0x4989,0x4989,0x4168,0x3127,0x20E7,0x6904,0xA9A5,0x5105,0x3927,0x2107,0x20E6,0x18C5,0x2107,0x2107,0x2927,0x20E6,0x2928,0x20E6,0x18C5,0x10A5,0x1084,0x10A5,0x1084,0x18A4,
    0x0884,0x28E6,0x10A5,0x10A5,0x18C5,0x2927,0x3127,0x3968,0x3148,0x28E5,0x5105,0x5105,0x3148,0x3968,0x4989,0x4168,0x4148,0x4168,0x4168,0x4168,0x4168,0x4989,0x49AA,0x4148,0x5105,0x6946,0x8965,0xB9E6,0xB9E6,0x6904,0x6904,0x6904,0x18C5,0x2107,0x18C5,0x20E6,0x20E6,0x20E6,0x18C5,0x1084,0x1084,0x0864,0x0864,0x10A5,0x18A4,
    0x0884,0x28E5,0x20E6,0x18C5,0x18C5,0x2107,0x20E6,0x20E6,0x28E5,0x5105,0x4148,0x3149,0x3968,0x3968,0x3968,0x4148,0x4148,0x4148,0x4168,0x3968,0x3968,0x2928,0x5105,0xA9A5,0xA9A5,0x8965,0x8965,0x5105,0x3927,0x3927,0x5105,0x6904,0x38E5,0x28E5,0x18A4,0x10A5,0x10A5,0x1084,0x10A5,0x18A4,0x1084,0x18A4,0x20C5,0x18A4,0x20C5,
    0x0884,0x28E5,0x2927,0x28E6,0x2907,0x20E6,0x38E5,0x5105,0xA9A5,0x5105,0x20E7,0x2107,0x3127,0x3148,0x3968,0x3968,0x4148,0x3927,0x4168,0x3968,0x28E6,0x5105,0x6904,0x81A7,0x4148,0x3968,0x3148,0x3148,0x3169,0x3148,0x3148,0x3127,0x28E6,0x28E5,0x6904,0x5105,0x20C5,0x20C5,0x28E6,0x28E5,0x5105,0x38E5,0x5105,0x18A4,0x20C5,
    0x0884,0x28E5,0x20E6,0x20C5,0x20E6,0x20E7,0x5105,0x5105,0x5105,0x6904,0x6904,0x6904,0x28E5,0x20E6,0x2927,0x2928,0x28E6,0x28E6,0x20C5,0x38E5,0x5105,0x6946,0x3927,0x3148,0x4168,0x3968,0x3968,0x3127,0x3127,0x2907,0x2107,0x3169,0x3148,0x20E7,0x20C5,0x6904,0x6904,0x5105,0x5105,0x28E5,0x6904,0x38E5,0x0884,0x10A5,0x18A4,
    0x0884,0x20C5,0x0864,0x0864,0x20E6,0x20E6,0x18C5,0x2907,0x2107,0x2107,0x3927,0x8965,0xA9A5,0x6904,0x6904,0x5105,0x5105,0x6904,0xB9E6,0xB9E6,0x3927,0x3148,0x4989,0x49AA,0x4168,0x4148,0x4148,0x3148,0x3127,0x2107,0x2927,0x3148,0x2928,0x2107,0x0884,0x5105,0x6904,0x20E6,0x28E6,0x18C5,0x28E5,0x28E5,0x18C5,0x18C5,0x20C5,
    0x0884,0x20C5,0x0864,0x1084,0x20E6,0x20E6,0x2927,0x3148,0x28E6,0x3127,0x2928,0x3148,0x5147,0x5105,0xB9E6,0xB9E6,0xB9E6,0x8965,0xA9A5,0xB9E6,0x8965,0x3927,0x2907,0x3148,0x3968,0x4168,0x3968,0x2928,0x2907,0x2948,0x2928,0x20E6,0x2907,0x20C5,0x5105,0xA9A5,0x38E5,0x18C5,0x20E6,0x20E6,0x2107,0x2107,0x28E6,0x28E5,0x28E5,
    0x0884,0x28E6,0x20E6,0x20E7,0x1084,0x20E7,0x20E6,0x18C5,0x2107,0x2927,0x2907,0x3127,0x20E7,0x38E5,0xA9A5,0x8965,0x5147,0x2927,0x2907,0x2907,0x6946,0x6904,0x38E5,0x38E5,0x2907,0x2907,0x2927,0x2907,0x2928,0x2928,0x20E7,0x28E5,0x5105,0x6904,0x6904,0x6904,0x6904,0x6904,0x20C5,0x18C5,0x18C5,0x18C5,0x10A5,0x1084,0x20C5,
    0x0884,0x28E5,0x1084,0x20E7,0x1084,0x10A5,0x18C5,0x18C5,0x18C5,0x20E7,0x20E6,0x18C5,0x6904,0x8965,0x38E5,0x2107,0x3127,0x3127,0x3127,0x3127,0x2948,0x3127,0x3927,0x4148,0x2907,0x38E5,0x20E6,0x20C5,0x20C5,0x38E5,0x5105,0x6904,0x38E5,0x2107,0x20E6,0x20E7,0x28E6,0x5105,0x5105,0x18A4,0x0884,0x18A4,0x18A4,0x0884,0x20C5,
    0x0884,0x28E5,0x0864,0x10A5,0x10A5,0x1084,0x10A5,0x0864,0x10A5,0x18C5,0x38E5,0x8965,0x8965,0x3927,0x2928,0x2907,0x2927,0x20E6,0x2907,0x3148,0x2907,0x2107,0x2907,0x2928,0x3127,0x3927,0x3127,0x5105,0x8965,0x8965,0x5105,0x2907,0x2928,0x2927,0x2907,0x2907,0x20E6,0x0864,0x38E5,0x6904,0x18A4,0x18A4,0x28E5,0x18A4,0x20C5,
    0x0884,0x28E5,0x1084,0x1084,0x1084,0x1084,0x0864,0x10A5,0x2907,0x2107,0x6904,0xB9E6,0x38E5,0x18C5,0x2107,0x20E6,0x2107,0x2907,0x20E6,0x20E6,0x18C5,0x2907,0x3127,0x3127,0x2907,0x2927,0x3148,0x2107,0x28E5,0x6904,0x18C5,0x2107,0x2928,0x2107,0x20E7,0x18C5,0x1084,0x10A5,0x0864,0x28E5,0x20C5,0x10A5,0x28E5,0x20C5,0x18A4,
    0x0884,0x20C5,0x0864,0x0864,0x18C5,0x1084,0x18C5,0x2907,0x2107,0x28E6,0x20C5,0x5105,0x8965,0x20C5,0x0884,0x18C5,0x18C5,0x20E6,0x18C5,0x20E6,0x2927,0x2927,0x2907,0x20E6,0x20E7,0x2107,0x2107,0x20E6,0x18C5,0x6904,0x38E5,0x0864,0x18C5,0x20E6,0x20E6,0x10A5,0x10A5,0x1084,0x1084,0x18C5,0x20E6,0x10A5,0x18C5,0x1084,0x18A4,
    0x0884,0x28E5,0x18A4,0x0884,0x18C5,0x10A5,0x1084,0x1084,0x20C5,0x20C5,0x0884,0x20C5,0x6904,0x8965,0x38E5,0x0884,0x18C5,0x20E6,0x20E6,0x2107,0x2107,0x2107,0x2107,0x20E6,0x20E7,0x18C5,0x18C5,0x18C5,0x28E5,0x6904,0x5105,0x18A4,0x0884,0x18C5,0x20E6,0x10A5,0x10A5,0x1084,0x1084,0x1084,0x10A5,0x10A5,0x1084,0x1084,0x20C5,
    0x0884,0x10A5,0x38E5,0x28E5,0x28E5,0x28E5,0x28E5,0x28E5,0x28E5,0x28E5,0x28E5,0x38E5,0x38E5,0x5105,0x5105,0x28E5,0x28E5,0x28E5,0x28E5,0x28E5,0x28E5,0x28E5,0x28E5,0x28E5,0x28E5,0x28E5,0x28E5,0x28E5,0x38E5,0x5105,0x38E5,0x38E5,0x28E5,0x28E5,0x28E5,0x28E5,0x28E5,0x28E5,0x28E5,0x28E5,0x28E5,0x28E5,0x28E5,0x28E5,0x20C5,
  },
  {
    0x0847,0x18C6,0x18C6,0x18C6,0x18C6,0x18C6,0x18C6,0x18C6,0x18C6,0x18C6,0x18C6,0x18C6,0x18C6,0x18C6,0x18C6,0x18C6,0x18C6,0x18C6,0x18C6,0x18C6,0x18C6,0x18C6,0x18C6,0x18C6,0x18C6,0x18C6,0x18C6,0x18C6,0x18C6,0x18C6,0x18C6,0x18C6,0x18C6,0x18C6,0x18C6,0x18C6,0x18C6,0x18C6,0x18C6,0x18C6,0x18C6,0x18C6,0x18C6,0x18C6,0x18C6,
    0x18C6,0x18C6,0x18C8,0x18C8,0x18C8,0x18C8,0x18C8,0x18C8,0x18C8,0x18C8,0x18C8,0x18C8,0x18C8,0x18C8,0x18C8,0x18C8,0x18C8,0x18C8,0x18C8,0x18C8,0x18C8,0x18C8,0x18C8,0x18C8,0x18C8,0x18C8,0x18C8,0x18C8,0x18C8,0x18C8,0x18C8,0x18C8,0x18C8,0x18C8,0x18C8,0x18C8,0x18C8,0x18C8,0x18C8,0x18C8,0x18C8,0x18C8,0x18C8,0x18C8,0x18C6,
    0x18C6,0x18C8,0x0847,0x0847,0x0847,0x0847,0x0847,0x0847,0x0847,0x0847,0x0847,0x0847,0x0847,0x0847,0x0847,0x0847,0x0847,0x0847,0x0847,0x0847,0x0868,0x0847,0x0847,0x0847,0x0847,0x0847,0x0847,0x0868,0x0847,0x0847,0x0847,0x0847,0x0847,0x0868,0x0847,0x0847,0x0847,0x0847,0x0868,0x0868,0x0847,0x0847,0x0868,0x0847,0x18CB,
    0x18C6,0x18C8,0x0847,0x0847,0x0847,0x0847,0x0868,0x0868,0x0847,0x0847,0x0868,0x0868,0x0868,0x0847,0x0868,0x0868,0x0868,0x0868,0x0868,0x0868,0x0868,0x18C9,0x1089,0x0868,0x0868,0x0868,0x0868,0x0868,0x0868,0x0868,0x1089,0x1089,0x0868,0x0868,0x0868,0x1089,0x1089,0x1089,0x0868,0x0868,0x0868,0x0868,0x0868,0x0868,0x18CB,
    0x18C6,0x18C8,0x0847,0x18C9,0x1889,0x0847,0x0868,0x0868,0x1089,0x1889,0x0868,0x0847,0x0868,0x0847,0x1089,0x1089,0x0847,0x0868,0x0868,0x0868,0x0868,0x1089,0x1089,0x1089,0x0868,0x0868,0x0868,0x0868,0x0868,0x0868,0x0868,0x0868,0x1089,0x1089,0x188B,0x188B,0x38F1,0x30CF,0x28AF,0x1089,0x1089,0x1089,0x0868,0x0868,0x18CB,
    0x18C6,0x18C8,0x0847,0x0868,0x0868,0x0868,0x0868,0x20AD,0x38F1,0x5173,0x6233,0x214A,0x0847,0x0868,0x0868,0x0868,0x0868,0x0868,0x18C8,0x296A,0x0868,0x0868,0x0868,0x190C,0x1089,0x0868,0x0868,0x0868,0x1089,0x1089,0x1089,0x1089,0x188B,0x20AD,0x1089,0x188B,0x1089,0x1089,0x188B,0x1069,0x3930,0x28CD,0x0868,0x0868,0x18CB,
    0x18C6,0x18C8,0x0847,0x0847,0x0847,0x0847,0x188B,0x38F1,0x38F1,0x5173,0x8A15,0x8A15,0x190C,0x0868,0x0868,0x0868,0x0868,0x0868,0x5ACF,0x83B1,0x1089,0x0868,0x0868,0x0868,0x0868,0x0868,0x0868,0x28CD,0x28AF,0x188B,0x188B,0x188B,0x28CD,0x188B,0x188B,0x188B,0x188B,0x1089,0x1069,0x0868,0x1889,0x188B,0x1089,0x0868,0x18CB,
    0x18C6,0x0868,0x0847,0x0847,0x0847,0x0868,0x28AF,0x28AF,0x38F1,0x3930,0x5173,0x8A15,0x8A15,0x0868,0x0868,0x0868,0x0868,0x0868,0x296A,0x39EC,0x1069,0x0868,0x0868,0x0868,0x1069,0x1089,0x188B,0x20AD,0x188B,0x188B,0x188B,0x20AD,0x28AF,0x188B,0x28AF,0x28AF,0x28AF,0x20AD,0x1089,0x0868,0x0868,0x1089,0x1089,0x0868,0x18CB,
    0x18C6,0x0868,0x0847,0x0868,0x0847,0x188B,0x20AD,0x20AD,0x28AF,0x3930,0x5173,0xB275,0xB374,0x18C9,0x0868,0x0868,0x1089,0x1089,0x0868,0x0868,0x1069,0x0868,0x0868,0x1089,0x188B,0x20AD,0x18CB,0x1069,0x20AD,0x28AF,0x28AF,0x38F1,0x5173,0x5173,0x38F1,0x5173,0x4912,0x28AF,0x188B,0x1089,0x1069,0x188B,0x188B,0x0868,0x18CB,
    0x18C6,0x0868,0x0847,0x0868,0x0847,0x188B,0x20AD,0x20AD,0x28AF,0x38F1,0x5173,0x5173,0xB275,0x214A,0x0868,0x0868,0x1089,0x1089,0x0868,0x0868,0x1069,0x1089,0x1089,0x28AF,0x20AD,0x1089,0x1089,0x20AD,0x28AF,0x38F1,0x5173,0x5173,0x7993,0x6173,0x4912,0x6233,0x6173,0x5173,0x28AF,0x188B,0x188B,0x1089,0x1089,0x0868,0x18C9,
    0x18C6,0x1089,0x0847,0x0868,0x0847,0x1089,0x20AD,0x188B,0x188B,0x28AF,0x38F1,0x8A15,0xB275,0x18C9,0x0868,0x0868,0x0868,0x1089,0x1069,0x1069,0x1089,0x188B,0x20AD,0x20AD,0x188B,0x188B,0x28AF,0x38F1,0x5173,0x5173,0x38F1,0x30CF,0x28AF,0x20AD,0x28AF,0x28AF,0x5173,0x6233,0x38F1,0x28AF,0x188B,0x1089,0x188B,0x0868,0x18C9,
    0x18C6,0x0868,0x0868,0x1089,0x0868,0x0868,0x28CD,0x188B,0x188B,0x30CF,0x38F1,0x8A15,0x6173,0x1069,0x1089,0x0868,0x0868,0x1069,0x1069,0x1069,0x188B,0x20AD,0x188B,0x188B,0x20AD,0x30CF,0x4912,0x5173,0x3930,0x28AF,0x20AD,0x20AD,0x188B,0x188B,0x20AD,0x28AF,0x28AF,0x38F1,0x5173,0x28AF,0x20AD,0x1089,0x1089,0x0868,0x18C9,
    0x18C6,0x18C8,0x0868,0x0868,0x0868,0x0868,0x1089,0x28CD,0x20AD,0x28AF,0x5173,0x6173,0x18CB,0x1089,0x1069,0x18C9,0x28CD,0x0868,0x1089,0x20AD,0x20AD,0x20AD,0x20AD,0x38F1,0x38F1,0x38F1,0x6173,0x8A15,0x38F1,0x4912,0x5173,0x38F1,0x20AD,0x188B,0x188B,0x188B,0x38F1,0x38F1,0x6173,0x38F1,0x28AF,0x1089,0x188B,0x18CB,0x18C9,
    0x18C6,0x0868,0x0868,0x0847,0x0868,0x0868,0x0847,0x0868,0x28CD,0x38F1,0x30CF,0x1089,0x1089,0x1089,0x1069,0x1069,0x1069,0x1069,0x188B,0x20AD,0x188B,0x28AF,0x38F1,0x5173,0x5173,0x8A15,0x8A15,0x8A15,0x8A15,0x8A15,0x8A15,0x6173,0x4912,0x28AF,0x188B,0x188B,0x20AD,0x38F1,0x38F1,0x38F1,0x28AF,0x1089,0x1089,0x1069,0x18C9,
    0x18C6,0x0868,0x0868,0x318B,0x0868,0x0868,0x0868,0x0868,0x0868,0x1069,0x1069,0x0868,0x0868,0x1089,0x190C,0x18CB,0x1069,0x20AD,0x28AF,0x188B,0x28AF,0x38F1,0x5173,0x7993,0x8A15,0x7993,0x6173,0x4912,0x3930,0x3930,0x4912,0x4912,0x4912,0x4912,0x20AD,0x188B,0x188B,0x38F1,0x5173,0x38F1,0x20AD,0x1089,0x0868,0x0868,0x18C9,
    0x18C6,0x18C8,0x0868,0x1889,0x0868,0x0868,0x0868,0x0868,0x0868,0x1089,0x0868,0x0868,0x0868,0x1089,0x30CF,0x18CB,0x188B,0x20AD,0x20AD,0x28AF,0x38F1,0x5173,0x8A15,0x8A15,0x5173,0x38F1,0x30CF,0x30CF,0x28AF,0x30CF,0x38F1,0x30CF,0x30CF,0x7993,0x5173,0x188B,0x188B,0x28AF,0x6173,0x4912,0x20AD,0x1089,0x0868,0x1089,0x18CB,
    0x18C6,0x18C8,0x0868,0x0868,0x0868,0x0868,0x0868,0x0868,0x1089,0x1069,0x0868,0x1889,0x1069,0x1089,0x1089,0x188B,0x20AD,0x28AF,0x38F1,0x38F1,0x6173,0xB275,0x8A15,0x4912,0x38F1,0x38F1,0x4912,0x4912,0x6173,0x4912,0x5173,0x3930,0x28AF,0x3930,0x6173,0x28CD,0x188B,0x20AD,0x38F1,0x28AF,0x188B,0x1089,0x1089,0x1069,0x18CB,
    0x18C6,0x18C8,0x0868,0x1089,0x0868,0x0868,0x0868,0x0868,0x1089,0x1069,0x1889,0x318B,0x1069,0x1089,0x188B,0x28AF,0x28AF,0x28AF,0x38F1,0x4912,0x8A15,0x7993,0x4912,0x30CF,0x5173,0x7993,0x7993,0x7993,0x7993,0x8A15,0x7993,0x6173,0x3930,0x28AF,0x7993,0x5173,0x1089,0x3930,0x6173,0x38F1,0x188B,0x1069,0x190C,0x1089,0x18C9,
    0x18C6,0x18C8,0x0868,0x0868,0x0868,0x0868,0x2108,0x1069,0x1089,0x1089,0x1069,0x1069,0x1069,0x188B,0x20AD,0x28AF,0x6233,0x4912,0x5173,0x8A15,0x7993,0x38F1,0x4912,0x6173,0x7993,0x8A15,0xB275,0xB275,0xB275,0xB374,0xB374,0x8A15,0x5173,0x38F1,0x3930,0x30CF,0x188B,0x4912,0x5173,0x28AF,0x188B,0x0868,0x0868,0x1069,0x18C9,
    0x18C6,0x18C8,0x0868,0x0868,0x0868,0x296A,0x6B30,0x1889,0x1089,0x1069,0x1069,0x1069,0x1089,0x20AD,0x20AD,0x28AF,0x5173,0x5173,0x7993,0x8A15,0x4912,0x4912,0x7993,0x8A15,0xB275,0xB275,0x8A15,0x7993,0x6173,0xB275,0xB275,0xB275,0x7993,0x5173,0x30CF,0x20AD,0x28CD,0x30CF,0x28AF,0x20AD,0x188B,0x1089,0x28AF,0x1089,0x18C9,
    0x18C6,0x1089,0x0868,0x0868,0x1889,0x83B1,0xCD75,0x422D,0x1069,0x1069,0x1089,0x1089,0x188B,0x28AF,0x28AF,0x30CF,0x5173,0x6173,0x8A15,0x4912,0x4912,0x7993,0xB275,0xB275,0xB275,0xB275,0xB275,0x8A15,0x6173,0x7993,0xB275,0xB275,0x8A15,0x6173,0x30CF,0x28CD,0x4912,0x6233,0x28AF,0x20AD,0x188B,0x1089,0x188B,0x1069,0x18C9,
    0x18C6,0x1089,0x0868,0x1069,0x1069,0x296A,0x6B30,0x1889,0x1069,0x1069,0x1069,0x188B,0x38F1,0x28AF,0x30CF,0x4912,0xB275,0x7993,0x6173,0x4912,0x7993,0x8A15,0xB275,0xB374,0xB374,0xB374,0xB374,0xB374,0x8A15,0x7993,0x8A15,0xB275,0x8A15,0x5173,0x38F1,0x28AF,0x4912,0x4912,0x28AF,0x188B,0x1069,0x1089,0x1089,0x0868,0x18C9,
    0x18C6,0x1089,0x0868,0x0868,0x1089,0x1889,0x214A,0x1069,0x0868,0x1089,0x188B,0x20AD,0x28AF,0x20AD,0x38F1,0x8A15,0x8A15,0x3930,0x6173,0x8A15,0x8A15,0xB275,0xB374,0xCD75,0xCD75,0xB374,0xB374,0xCD75,0xB275,0x7993,0x4912,0x8A15,0xB275,0x4912,0x38F1,0x28AF,0x38F1,0x38F1,0x188B,0x1089,0x1089,0x1089,0x1089,0x1069,0x18C9,
    0x18C6,0x1089,0x0868,0x0868,0x0868,0x1089,0x1089,0x0868,0x1889,0x1889,0x188B,0x28AF,0x20AD,0x30CF,0x5173,0x8A15,0x4912,0x4912,0x8A15,0x8A15,0xB275,0xB374,0xCD75,0xCD75,0xCD75,0xCD75,0xB374,0xB374,0xB275,0x7993,0x4912,0x8A15,0x8A15,0x4912,0x28AF,0x38F1,0x5173,0x20AD,0x1089,0x0868,0x0868,0x1089,0x1089,0x1069,0x18C9,
    0x18C6,0x1089,0x0868,0x1089,0x0868,0x1089,0x1089,0x1069,0x1889,0x1089,0x28CD,0x30CF,0x188B,0x38F1,0x8A15,0xB374,0x4912,0x7993,0x8A15,0x8A15,0xB374,0xCD75,0xCD75,0xCD75,0xCD75,0xCD75,0xB374,0xB374,0xB275,0x6173,0x6173,0xB275,0x8A15,0x4912,0x38F1,0x28AF,0x28AF,0x188B,0x1089,0x1089,0x1089,0x6233,0x4912,0x1089,0x18CB,
    0x18C6,0x1089,0x0868,0x0868,0x0868,0x0868,0x18CB,0x18CB,0x1089,0x188B,0x30CF,0x30CF,0x188B,0x38F1,0x8A15,0x7993,0x4912,0x8A15,0x8A15,0xB275,0xB374,0xCD75,0xCD75,0xCD75,0xCD75,0xB374,0xB275,0xB275,0x7993,0x4912,0x6173,0xB374,0x8A15,0x38F1,0x28AF,0x30CF,0x28AF,0x188B,0x1089,0x1089,0x1089,0x3930,0x30CF,0x0868,0x18C9,
    0x18C6,0x18C8,0x0868,0x0868,0x0868,0x0868,0x1089,0x18CB,0x1089,0x188B,0x38F1,0x20AD,0x28AF,0x4912,0x6173,0x4912,0x6173,0xB275,0x8A15,0xB275,0xB374,0xCD75,0xCD75,0xCD75,0xCD75,0xB275,0xB275,0x8A15,0x6173,0x30CF,0x8A15,0xB275,0x6173,0x38F1,0x188B,0x38F1,0x28AF,0x1089,0x1089,0x1089,0x1089,0x1089,0x1089,0x0868,0x18C9,
    0x18C6,0x1089,0x0868,0x1889,0x28CD,0x0868,0x1089,0x1089,0x188B,0x20AD,0x3930,0x20AD,0x28CD,0x7993,0x7993,0x3930,0x7993,0xB275,0xB275,0x8A15,0xB374,0xCD75,0xB374,0xB374,0xB275,0xB275,0xB275,0x7993,0x3930,0x3930,0x8A15,0x8A15,0x38F1,0x30CF,0x20AD,0x28AF,0x188B,0x1089,0x1889,0x20AD,0x1089,0x1089,0x1089,0x0868,0x18C9,
    0x18C6,0x18C8,0x0868,0x18CB,0x30CF,0x0868,0x1089,0x188B,0x20AD,0x4912,0x20AD,0x188B,0x28AF,0x6173,0x7993,0x3930,0x7993,0xB275,0xB374,0xB275,0xB275,0xB275,0xB374,0xB275,0x8A15,0xB275,0x8A15,0x4912,0x30CF,0x6173,0xB275,0x8A15,0x38F1,0x28CD,0x20AD,0x28CD,0x188B,0x1089,0x18CB,0x28CD,0x1069,0x0868,0x0868,0x0868,0x18C9,
    0x18C6,0x18C8,0x0868,0x0868,0x0847,0x1069,0x1089,0x188B,0x28AF,0x38F1,0x20AD,0x28AF,0x30CF,0x4912,0x4912,0x3930,0x7993,0xB275,0xB374,0xCD75,0xB374,0xB374,0xB275,0x8A15,0xB275,0x8A15,0x6173,0x3930,0x3930,0x7993,0x7993,0x5173,0x38F1,0x20AD,0x28AF,0x20AD,0x188B,0x1089,0x1089,0x1069,0x0868,0x0868,0x0868,0x0847,0x18C9,
    0x18C6,0x18C8,0x0868,0x0868,0x0868,0x0868,0x188B,0x20AD,0x38F1,0x30CF,0x188B,0x28AF,0x6173,0x6173,0x4912,0x30CF,0x4912,0x7993,0x8A15,0xB275,0xB275,0x7993,0x8A15,0xB275,0x8A15,0x6173,0x3930,0x30CF,0x7993,0xB374,0x6173,0x38F1,0x28AF,0x20AD,0x28AF,0x1089,0x1069,0x1089,0x20AD,0x0868,0x0868,0x0868,0x0868,0x0868,0x18CB,
    0x18C6,0x18C8,0x0868,0x0868,0x0868,0x0868,0x1089,0x188B,0x6173,0x5173,0x1089,0x3930,0x5173,0x7993,0x8A15,0x4912,0x30CF,0x4912,0x6173,0x6173,0x7993,0x8A15,0xB275,0x7993,0x4912,0x30CF,0x30CF,0x5173,0x6173,0x7993,0x5173,0x38F1,0x28AF,0x20AD,0x188B,0x1089,0x1089,0x18CB,0x1069,0x0868,0x0868,0x0868,0x1089,0x0868,0x18CB,
    0x18C6,0x1089,0x0868,0x0868,0x0868,0x1089,0x188B,0x188B,0x38F1,0x28AF,0x188B,0x30CF,0x38F1,0x6173,0x8A15,0x8A15,0x7993,0x7993,0x7993,0x8A15,0x8A15,0x8A15,0x7993,0x4912,0x30CF,0x20AD,0x4912,0x7993,0x5173,0x38F1,0x30CF,0x28CD,0x188B,0x188B,0x1089,0x1089,0x1089,0x1089,0x18CB,0x28CD,0x0868,0x0868,0x1089,0x0868,0x18C9,
    0x18C6,0x1089,0x0868,0x0868,0x0868,0x1089,0x28CD,0x28AF,0x5173,0x20AD,0x188B,0x28CD,0x28AF,0x3930,0x6173,0x6173,0x7993,0x8A15,0x8A15,0x7993,0x6173,0x4912,0x30CF,0x28AF,0x30CF,0x38F1,0x6173,0x6173,0x4912,0x30CF,0x28AF,0x188B,0x188B,0x1089,0x0868,0x0868,0x1089,0x0868,0x30CF,0x6173,0x0868,0x0868,0x0868,0x0868,0x18C9,
    0x18C6,0x18C8,0x1889,0x30CF,0x1069,0x1089,0x188B,0x28AF,0x4912,0x28AF,0x188B,0x28CD,0x30CF,0x3930,0x38F1,0x30CF,0x4912,0x6173,0x6173,0x4912,0x3930,0x30CF,0x30CF,0x30CF,0x38F1,0x5173,0xB374,0x8A15,0x20AD,0x28AF,0x20AD,0x20AD,0x188B,0x0868,0x1889,0x1889,0x0868,0x0868,0x0868,0x1089,0x0868,0x0868,0x0868,0x0868,0x18C9,
    0x18C6,0x18C8,0x0868,0x188B,0x1069,0x1089,0x188B,0x30CF,0x6173,0x30CF,0x1089,0x1089,0x3930,0x3930,0x3930,0x6173,0x3930,0x30CF,0x30CF,0x30CF,0x4912,0x28AF,0x3930,0x6173,0x8A15,0x6173,0x5173,0x38F1,0x20AD,0x20AD,0x188B,0x188B,0x1069,0x0868,0x18C9,0x1889,0x0868,0x0868,0x0868,0x0868,0x0868,0x0868,0x0868,0x0868,0x18C9,
    0x18C6,0x18C8,0x0847,0x0868,0x1069,0x1089,0x188B,0x30CF,0x6233,0x4912,0x188B,0x188B,0x20AD,0x20AD,0x3930,0x4912,0x28CD,0x28CD,0x28CD,0x28CD,0x3930,0x4912,0x38F1,0x6173,0x8A15,0x4912,0x30CF,0x28AF,0x188B,0x188B,0x188B,0x1089,0x1089,0x28CD,0x1089,0x1069,0x0868,0x1069,0x0868,0x0868,0x0868,0x1089,0x1889,0x0868,0x18C9,
    0x18C6,0x18C8,0x0847,0x0868,0x0868,0x188B,0x188B,0x20AD,0x38F1,0x6173,0x3930,0x20AD,0x28CD,0x20AD,0x20AD,0x20AD,0x28CD,0x188B,0x38F1,0x5173,0x4912,0x5173,0x6173,0x8A15,0x38F1,0x38F1,0x28AF,0x188B,0x188B,0x188B,0x1089,0x1089,0x188B,0x190C,0x1089,0x1889,0x1089,0x1089,0x1089,0x1089,0x0868,0x0868,0x0868,0x0868,0x18C9,
    0x18C6,0x1089,0x0847,0x0868,0x0868,0x188B,0x188B,0x188B,0x28AF,0x5173,0x8A15,0x6173,0x38F1,0x30CF,0x28AF,0x38F1,0x38F1,0x6173,0x4912,0x38F1,0x3930,0x8A15,0x5173,0x38F1,0x28CD,0x188B,0x188B,0x188B,0x188B,0x1089,0x188B,0x188B,0x1089,0x1069,0x1089,0x0868,0x0847,0x0847,0x0868,0x1089,0x0868,0x0868,0x0868,0x0868,0x18C9,
    0x18C6,0x1889,0x1069,0x188B,0x1089,0x0868,0x1069,0x1069,0x188B,0x188B,0x4912,0x5173,0x5173,0x8A15,0x6173,0x5173,0x4912,0x38F1,0x20AD,0x20AD,0x4912,0x7993,0x4912,0x28AF,0x188B,0x188B,0x20AD,0x20AD,0x1069,0x0868,0x188B,0x18CB,0x0868,0x1089,0x1069,0x39EC,0x6233,0x4912,0x18C9,0x0868,0x18CB,0x30CF,0x1089,0x0868,0x18C9,
    0x18C6,0x1889,0x0868,0x18CB,0x1089,0x0868,0x0868,0x1889,0x20AD,0x188B,0x28AF,0x38F1,0x38F1,0x3930,0x30CF,0x28AF,0x28AF,0x188B,0x188B,0x38F1,0x38F1,0x28AF,0x20AD,0x20AD,0x20AD,0x20AD,0x20AD,0x1089,0x1069,0x190C,0x1889,0x0868,0x1089,0x0868,0x5ACF,0xCD75,0xB275,0x7993,0x4912,0x28CD,0x296C,0x5173,0x28CD,0x0847,0x18C9,
    0x18C6,0x1889,0x0868,0x0868,0x0868,0x0868,0x1069,0x296C,0x188B,0x188B,0x20AD,0x28AF,0x20AD,0x1089,0x1089,0x188B,0x188B,0x20AD,0x4912,0x5173,0x28AF,0x188B,0x188B,0x20AD,0x20AD,0x1089,0x1089,0x1089,0x1089,0x214A,0x1889,0x0868,0x1069,0x214A,0xB374,0xB275,0x8A15,0x6173,0x4912,0x30CF,0x18CB,0x3930,0x1089,0x0868,0x18C9,
    0x18C6,0x1889,0x0868,0x0868,0x0868,0x0868,0x0868,0x1089,0x188B,0x1089,0x188B,0x188B,0x1089,0x0868,0x1089,0x188B,0x28AF,0x38F1,0x5173,0x30CF,0x188B,0x1089,0x188B,0x188B,0x1089,0x0868,0x1089,0x1089,0x1089,0x0868,0x1089,0x1089,0x1089,0x6173,0xB275,0x7993,0x7993,0x4912,0x30CF,0x4912,0x3930,0x1089,0x0868,0x0868,0x18C9,
    0x18C6,0x1089,0x0868,0x0868,0x30CF,0x3930,0x0868,0x1089,0x1089,0x1089,0x1089,0x0868,0x1069,0x188B,0x188B,0x20AD,0x28AF,0x30CF,0x188B,0x188B,0x18CB,0x18CB,0x1089,0x1089,0x1089,0x0868,0x1089,0x1089,0x1089,0x1089,0x1089,0x1089,0x0868,0x6173,0x8A15,0x7993,0x4912,0x3930,0x5173,0x5173,0x188B,0x0868,0x0868,0x0868,0x18C9,
    0x18C6,0x1889,0x1089,0x1089,0x28CD,0x30CF,0x1089,0x1089,0x188B,0x188B,0x188B,0x18CB,0x188B,0x20AD,0x3930,0x30CF,0x188B,0x188B,0x188B,0x18CB,0x18CB,0x1089,0x1089,0x1089,0x0868,0x18C9,0x28CD,0x1089,0x1089,0x1089,0x1089,0x1089,0x18CB,0x4912,0x6173,0x3930,0x5173,0x6233,0x3930,0x30CF,0x188B,0x0868,0x0868,0x0868,0x18C9,
    0x18C6,0x1889,0x1089,0x1089,0x1089,0x1089,0x1089,0x1089,0x1089,0x188B,0x188B,0x28CD,0x188B,0x188B,0x28CD,0x28CD,0x1089,0x18CB,0x1089,0x1089,0x1089,0x1089,0x1089,0x1089,0x18CB,0x39EC,0x28CD,0x1089,0x1089,0x1089,0x1089,0x296C,0x296C,0x1089,0x5173,0x6233,0x5173,0x30CF,0x30CF,0x30CF,0x18CB,0x0868,0x18CB,0x1069,0x18C9,
    0x18C6,0x18C9,0x1089,0x1089,0x10CA,0x1089,0x1089,0x1089,0x1089,0x18CB,0x1089,0x0868,0x10CA,0x10CA,0x10CA,0x1089,0x1089,0x1089,0x1089,0x1089,0x1089,0x1089,0x1089,0x1089,0x18C9,0x10CA,0x10CA,0x1089,0x1089,0x10CA,0x1089,0x5173,0x5173,0x30CF,0x3930,0x3930,0x28CD,0x28CD,0x30CF,0x28CD,0x1089,0x1089,0x1089,0x1069,0x18C9,
    0x18C6,0x18C9,0x1089,0x18CB,0x1089,0x10CA,0x10CA,0x18CB,0x190C,0x190C,0x18CB,0x18CB,0x10CA,0x10CA,0x10CA,0x1089,0x1089,0x1089,0x10CA,0x190C,0x190C,0x10CA,0x10CA,0x10CA,0x1089,0x10CA,0x18CB,0x10CA,0x10CA,0x10CA,0x10CA,0x18CB,0x30CF,0x18CB,0x1069,0x188B,0x28CD,0x28CD,0x188B,0x1089,0x1089,0x1089,0x1089,0x0868,0x18C9,
    0x18C6,0x18C9,0x10CA,0x10CA,0x18CB,0x10CA,0x18CB,0x190C,0x190C,0x10CA,0x10CA,0x18CB,0x18CB,0x190C,0x18CB,0x18CB,0x10CA,0x10CA,0x18CB,0x18CB,0x18CB,0x18CB,0x18CB,0x10CA,0x10CA,0x10CA,0x10CA,0x18CB,0x10CA,0x18CB,0x18CB,0x10CA,0x0868,0x0868,0x10CA,0x1089,0x1089,0x1089,0x1089,0x1089,0x1089,0x1089,0x1089,0x1089,0x18C9,
    0x18C6,0x190C,0x18CB,0x18CB,0x190C,0x18CB,0x190C,0x18CB,0x422D,0x83B1,0x4A6E,0x190C,0x296C,0x190C,0x190C,0x190C,0x190C,0x190C,0x18CB,0x10CA,0x190C,0x18CB,0x18CB,0x190C,0x18CB,0x18CB,0x18CB,0x18CB,0x190C,0x6233,0x190C,0x10CA,0x10CA,0x10CA,0x10CA,0x10CA,0x10CA,0x10CA,0x1089,0x10CA,0x10CA,0x28CD,0x18CB,0x1089,0x214A,
    0x18C6,0x190C,0x190C,0x190C,0x190C,0x190C,0x190C,0x214A,0x422D,0x6B30,0xCD75,0x6B30,0x190C,0x296C,0x296C,0x296C,0x296C,0x296C,0x190C,0x190C,0x296C,0x190C,0x190C,0x190C,0x190C,0x190C,0x18CB,0x18CB,0x190C,0x296C,0x190C,0x190C,0x10CA,0x18CB,0x18CB,0x18CB,0x18CB,0x18CB,0x10CA,0x10CA,0x18CB,0x28CD,0x18CB,0x1089,0x214A,
    0x18C6,0x190C,0x296C,0x296C,0x190C,0x296C,0x18CB,0x296A,0x318B,0x318B,0x5ACF,0xAC73,0x4A6E,0x190C,0x296C,0x39EC,0x83B1,0x296C,0x296C,0x296C,0x296C,0x296C,0x296C,0x296C,0x296C,0x296C,0x190C,0x190C,0x190C,0x190C,0x190C,0x190C,0x190C,0x190C,0x190C,0x190C,0x190C,0x190C,0x190C,0x18CB,0x10CA,0x10CA,0x10CA,0x10CA,0x214A,
    0x18C6,0x190C,0x296C,0x6B30,0x39EC,0x296C,0x214A,0x214A,0x214A,0x31AB,0x39EC,0x83B1,0x6B30,0x190C,0x296C,0x296C,0x422D,0x4A6E,0x296C,0x296C,0x296C,0x296C,0x296C,0x39EC,0x296C,0x190C,0x190C,0x190C,0x296C,0x190C,0x190C,0x190C,0x190C,0x190C,0x190C,0x190C,0x296C,0x190C,0x190C,0x190C,0x10CA,0x10CA,0x18CB,0x10CA,0x214A,
    0x18C6,0x18C9,0x190C,0x422D,0x5ACF,0x190C,0x18C9,0x214A,0x18C8,0x318B,0x4A6E,0x422D,0x6B30,0x4A6E,0x4A6E,0x39EC,0x422D,0x4A6E,0x83B1,0xAC73,0xAC73,0xAC73,0xAC73,0x9412,0x83B1,0x4A6E,0x4A6E,0x296C,0x190C,0x190C,0x422D,0x296C,0x296C,0x296C,0x296C,0x83B1,0x9412,0x39EC,0x18CB,0x190C,0x190C,0x18CB,0x18CB,0x18CB,0x296C,
    0x18C6,0x2108,0x2108,0x214A,0x296C,0x4A6E,0x296A,0x214A,0x18C8,0x2108,0x318B,0x422D,0x422D,0x5ACF,0xAC73,0x9412,0x9412,0xAC73,0xAC73,0xB4D4,0xCD75,0xCD75,0xB4D4,0xB4D4,0xCD75,0xB4D4,0xCD75,0x9412,0x6B30,0x6B30,0x39EC,0x296C,0x296C,0x296C,0x83B1,0x9412,0x31AB,0x296A,0x214A,0x190C,0x190C,0x190C,0x190C,0x190C,0x296C,
    0x18C6,0x31AB,0x31AB,0x39EC,0x6B30,0x9412,0x4A6E,0x18C8,0x214A,0x214A,0x31AB,0x318B,0x39EC,0x39EC,0x9412,0xCD75,0xB4D4,0xB4D4,0xCD75,0x9412,0x83B1,0x83B1,0xAC73,0xCD75,0xB4D4,0x9412,0x9412,0xAC73,0x9412,0x83B1,0x9412,0x9412,0x6B30,0x4A6E,0x83B1,0x39EC,0x214A,0x214A,0x2108,0x190C,0x296C,0x190C,0x190C,0x190C,0x296C,
    0x18C6,0x4A6E,0x5ACF,0x83B1,0x9412,0x5ACF,0x39EC,0x2108,0x214A,0x214A,0x318B,0x296A,0x318B,0x318B,0x6B30,0xB4D4,0x4A6E,0x4A6E,0x9412,0xB4D4,0xCD75,0xCD75,0xB4D4,0x9412,0x6B30,0x83B1,0xAC73,0x9412,0x83B1,0x9412,0xAC73,0x9412,0x83B1,0x422D,0x422D,0x214A,0x318B,0x214A,0x2108,0x18CB,0x190C,0x4A6E,0x422D,0x18CB,0x296C,
    0x18C6,0x5ACF,0x6B30,0x422D,0x39EC,0x39EC,0x39EC,0x39EC,0x318B,0x318B,0x296A,0x31AB,0x6B30,0x9412,0xB4D4,0xAC73,0x5ACF,0x5ACF,0x5ACF,0x9412,0xCD75,0xCD75,0xB4D4,0xB4D4,0xB4D4,0xB4D4,0xCD75,0x9412,0x83B1,0x83B1,0xAC73,0x83B1,0x83B1,0x5ACF,0x31AB,0x2108,0x2108,0x2108,0x296A,0x318B,0x39EC,0x5ACF,0x318B,0x18CB,0x296C,
    0x18C6,0x422D,0x39EC,0x296A,0x5ACF,0x4A6E,0x422D,0x4A6E,0x4A6E,0x4A6E,0x6B30,0x83B1,0xCD75,0xCD75,0xB4D4,0xB4D4,0xB4D4,0xCD75,0xCD75,0xCD75,0xCD75,0xCD75,0xCD75,0xCD75,0xB4D4,0xAC73,0x6B30,0x5ACF,0x6B30,0x39EC,0x6B30,0xCD75,0xB4D4,0xAC73,0x6B30,0x422D,0x31AB,0x318B,0x39EC,0x422D,0x39EC,0x214A,0x214A,0x18C9,0x296A,
    0x18C6,0x39EC,0x318B,0x2108,0x39EC,0x6B30,0x4A6E,0x9412,0x9412,0x6B30,0x6B30,0x6B30,0x83B1,0x9412,0x6B30,0x4A6E,0x6B30,0xB4D4,0xB4D4,0xCD75,0xCD75,0xCD75,0xB4D4,0xB4D4,0xCD75,0xCD75,0xB4D4,0x6B30,0x4A6E,0x422D,0x4A6E,0x9412,0x5ACF,0x6B30,0x9412,0x83B1,0x6B30,0x6B30,0x5ACF,0x6B30,0x4A6E,0x39EC,0x318B,0x2108,0x296A,
    0x18C6,0x31AB,0x2108,0x2108,0x2108,0x318B,0x39EC,0x6B30,0x9412,0x9412,0x9412,0xAC73,0xB4D4,0xB4D4,0x9412,0x83B1,0x9412,0xAC73,0x9412,0x9412,0x9412,0xAC73,0x9412,0x9412,0xB4D4,0xB4D4,0xB4D4,0xB4D4,0x9412,0x83B1,0x83B1,0x9412,0x83B1,0x5ACF,0xB4D4,0xAC73,0x6B30,0x5ACF,0x4A6E,0x4A6E,0x6B30,0x4A6E,0x31AB,0x31AB,0x31AB,
    0x18C6,0x318B,0x214A,0x2108,0x18C8,0x2108,0x31AB,0x6B30,0x6B30,0xAC73,0xB4D4,0xB4D4,0x83B1,0x83B1,0xB4D4,0xCD75,0xCD75,0xCD75,0xCD75,0xB4D4,0x83B1,0x5ACF,0x6B30,0x6B30,0x6B30,0x9412,0xAC73,0x9412,0xAC73,0xAC73,0xB4D4,0xB4D4,0xAC73,0x6B30,0x83B1,0x9412,0x4A6E,0x5ACF,0x5ACF,0x318B,0x31AB,0x6B30,0x4A6E,0x39EC,0x39EC,
    0x18C6,0x318B,0x296A,0x318B,0x39EC,0x4A6E,0x6B30,0x9412,0x83B1,0x9412,0x9412,0x4A6E,0x39EC,0x83B1,0x83B1,0xAC73,0xB4D4,0xB4D4,0xB4D4,0xB4D4,0x83B1,0x6B30,0x83B1,0x83B1,0x6B30,0x5ACF,0xAC73,0xCD75,0xCD75,0xCD75,0xAC73,0x83B1,0x4A6E,0x31AB,0x6B30,0x5ACF,0x6B30,0x6B30,0x31AB,0x214A,0x2108,0x4A6E,0x5ACF,0x5ACF,0x422D,
    0x18C6,0x39EC,0x39EC,0x422D,0x6B30,0x6B30,0x6B30,0x5ACF,0x5ACF,0x4A6E,0x5ACF,0x31AB,0x318B,0x4A6E,0x4A6E,0x5ACF,0x9412,0xB4D4,0xB4D4,0xB4D4,0xB4D4,0x9412,0x9412,0x9412,0x9412,0xAC73,0xB4D4,0xB4D4,0xB4D4,0xAC73,0x83B1,0x9412,0xAC73,0x9412,0x5ACF,0x39EC,0x422D,0x318B,0x2108,0x214A,0x18C8,0x296A,0x318B,0x39EC,0x422D,
    0x18C6,0x39EC,0x4A6E,0x5ACF,0x6B30,0x4A6E,0x39EC,0x5ACF,0x6B30,0x83B1,0x9412,0x6B30,0x39EC,0x318B,0x39EC,0x6B30,0x9412,0x83B1,0xAC73,0xB4D4,0xAC73,0xB4D4,0xB4D4,0xCD75,0xB4D4,0xAC73,0xAC73,0xAC73,0x83B1,0x83B1,0x5ACF,0x4A6E,0x83B1,0x9412,0x6B30,0x39EC,0x214A,0x2108,0x18C8,0x18C6,0x2108,0x296A,0x296A,0x31AB,0x39EC,
    0x18C6,0x318B,0x318B,0x5ACF,0x422D,0x318B,0x5ACF,0x5ACF,0x422D,0x6B30,0xAC73,0xAC73,0x83B1,0x6B30,0x9412,0x9412,0x9412,0x83B1,0x83B1,0x9412,0xAC73,0xB4D4,0xAC73,0xAC73,0xAC73,0x9412,0x9412,0x83B1,0x83B1,0x4A6E,0x5ACF,0x5ACF,0x422D,0x83B1,0x83B1,0x83B1,0x4A6E,0x214A,0x2108,0x296A,0x318B,0x31AB,0x318B,0x296A,0x318B,
    0x18C6,0x318B,0x31AB,0x422D,0x2108,0x296A,0x39EC,0x6B30,0x4A6E,0x5ACF,0x83B1,0x9412,0xAC73,0x9412,0xAC73,0xB4D4,0xAC73,0xAC73,0x83B1,0x6B30,0x83B1,0x83B1,0x83B1,0x83B1,0xB4D4,0xAC73,0xB4D4,0xAC73,0x83B1,0x318B,0x39EC,0x31AB,0x214A,0x4A6E,0x5ACF,0x83B1,0x9412,0x5ACF,0x422D,0x39EC,0x4A6E,0x422D,0x318B,0x318B,0x318B,
    0x18C6,0x31AB,0x31AB,0x296A,0x18C6,0x2108,0x214A,0x31AB,0x39EC,0x39EC,0x5ACF,0x6B30,0x83B1,0x83B1,0x9412,0x9412,0x9412,0x5ACF,0x4A6E,0x4A6E,0x83B1,0x83B1,0x83B1,0x83B1,0xAC73,0x9412,0x9412,0xB4D4,0xAC73,0x5ACF,0x31AB,0x39EC,0x39EC,0x5ACF,0x6B30,0x6B30,0x6B30,0x6B30,0x5ACF,0x4A6E,0x31AB,0x31AB,0x422D,0x31AB,0x318B,
    0x18C6,0x318B,0x318B,0x2108,0x18C8,0x18C8,0x2108,0x2108,0x214A,0x422D,0x5ACF,0x5ACF,0x4A6E,0x5ACF,0x5ACF,0x6B30,0x83B1,0x6B30,0x6B30,0x83B1,0x9412,0x9412,0x83B1,0x83B1,0x6B30,0x422D,0x422D,0x83B1,0x83B1,0x83B1,0x83B1,0x6B30,0x6B30,0x6B30,0x6B30,0x422D,0x39EC,0x422D,0x4A6E,0x422D,0x214A,0x2108,0x318B,0x214A,0x296A,
    0x18C6,0x296A,0x31AB,0x318B,0x214A,0x214A,0x214A,0x31AB,0x422D,0x5ACF,0x5ACF,0x39EC,0x4A6E,0x4A6E,0x422D,0x4A6E,0x5ACF,0x83B1,0x9412,0x9412,0x9412,0x6B30,0x5ACF,0x422D,0x39EC,0x422D,0x39EC,0x422D,0x5ACF,0x4A6E,0x6B30,0x6B30,0x5ACF,0x4A6E,0x39EC,0x422D,0x39EC,0x31AB,0x39EC,0x422D,0x4A6E,0x31AB,0x318B,0x296A,0x318B,
    0x18C6,0x214A,0x214A,0x318B,0x318B,0x31AB,0x422D,0x5ACF,0x5ACF,0x4A6E,0x31AB,0x2108,0x4A6E,0x83B1,0x4A6E,0x422D,0x5ACF,0x5ACF,0x6B30,0x83B1,0x83B1,0x9412,0x6B30,0x4A6E,0x31AB,0x318B,0x31AB,0x422D,0x5ACF,0x5ACF,0x4A6E,0x6B30,0x5ACF,0x31AB,0x422D,0x5ACF,0x31AB,0x296A,0x2108,0x39EC,0x39EC,0x39EC,0x422D,0x318B,0x296A,
    0x18C6,0x296A,0x214A,0x214A,0x214A,0x39EC,0x422D,0x39EC,0x39EC,0x31AB,0x18C8,0x2108,0x296A,0x39EC,0x4A6E,0x318B,0x4A6E,0x5ACF,0x5ACF,0x4A6E,0x6B30,0x9412,0x83B1,0x6B30,0x6B30,0x5ACF,0x6B30,0x83B1,0x6B30,0x4A6E,0x39EC,0x4A6E,0x422D,0x39EC,0x422D,0x296A,0x18C8,0x18C8,0x18C8,0x2108,0x31AB,0x31AB,0x318B,0x214A,0x296A,
    0x18C6,0x296A,0x318B,0x296A,0x2108,0x214A,0x318B,0x31AB,0x318B,0x296A,0x18C8,0x18C6,0x2108,0x214A,0x2108,0x2108,0x318B,0x296A,0x422D,0x5ACF,0x5ACF,0x6B30,0x5ACF,0x6B30,0x83B1,0x6B30,0x6B30,0x5ACF,0x422D,0x422D,0x31AB,0x39EC,0x296A,0x296A,0x31AB,0x2108,0x18C6,0x18C8,0x18C8,0x18C8,0x318B,0x31AB,0x214A,0x214A,0x318B,
    0x18C6,0x296A,0x318B,0x318B,0x18C8,0x318B,0x296A,0x296A,0x39EC,0x318B,0x214A,0x2108,0x18C8,0x2108,0x214A,0x296A,0x31AB,0x39EC,0x31AB,0x422D,0x4A6E,0x39EC,0x4A6E,0x4A6E,0x4A6E,0x4A6E,0x39EC,0x39EC,0x4A6E,0x39EC,0x422D,0x39EC,0x2108,0x18C8,0x2108,0x18C8,0x18C8,0x18C8,0x18C8,0x2108,0x214A,0x214A,0x296A,0x2108,0x296A,
    0x18C6,0x2108,0x2108,0x2108,0x18C8,0x318B,0x4A6E,0x2108,0x318B,0x39EC,0x31AB,0x318B,0x296A,0x318B,0x422D,0x5ACF,0x6B30,0x6B30,0x4A6E,0x39EC,0x422D,0x31AB,0x422D,0x31AB,0x39EC,0x422D,0x296A,0x5ACF,0x5ACF,0x214A,0x318B,0x422D,0x39EC,0x214A,0x18C8,0x18C8,0x18C6,0x18C6,0x2108,0x214A,0x2108,0x18C8,0x2108,0x18C8,0x2108,
    0x18C6,0x2108,0x18C8,0x18C8,0x18C6,0x18C6,0x296A,0x18C8,0x2108,0x31AB,0x31AB,0x39EC,0x39EC,0x422D,0x422D,0x422D,0x4A6E,0x39EC,0x214A,0x31AB,0x39EC,0x31AB,0x31AB,0x39EC,0x31AB,0x318B,0x2108,0x318B,0x296A,0x18C8,0x2108,0x296A,0x39EC,0x31AB,0x318B,0x2108,0x2108,0x2108,0x214A,0x2108,0x18C6,0x296A,0x296A,0x18C8,0x296A,
    0x18C6,0x2108,0x18C8,0x18C8,0x18C6,0x18C6,0x18C6,0x18C6,0x2108,0x214A,0x318B,0x31AB,0x39EC,0x4A6E,0x318B,0x318B,0x318B,0x214A,0x18C8,0x296A,0x31AB,0x31AB,0x422D,0x422D,0x31AB,0x318B,0x214A,0x2108,0x214A,0x2108,0x2108,0x296A,0x296A,0x296A,0x31AB,0x31AB,0x318B,0x2108,0x18C6,0x18C8,0x18C6,0x2108,0x2108,0x18C8,0x296A,
    0x18C6,0x2108,0x18C8,0x18C6,0x18C6,0x18C8,0x18C8,0x2108,0x296A,0x318B,0x318B,0x318B,0x214A,0x318B,0x31AB,0x318B,0x318B,0x296A,0x296A,0x318B,0x31AB,0x31AB,0x39EC,0x39EC,0x296A,0x214A,0x31AB,0x318B,0x214A,0x214A,0x214A,0x214A,0x2108,0x2108,0x318B,0x31AB,0x296A,0x214A,0x2108,0x18C6,0x18C8,0x18C8,0x18C8,0x18C8,0x296A,
    0x18C6,0x2108,0x18C8,0x18C8,0x18C8,0x18C8,0x18C8,0x2108,0x2108,0x214A,0x214A,0x318B,0x296A,0x296A,0x318B,0x31AB,0x318B,0x318B,0x318B,0x318B,0x318B,0x31AB,0x31AB,0x31AB,0x214A,0x214A,0x318B,0x296A,0x296A,0x296A,0x214A,0x2108,0x214A,0x214A,0x214A,0x214A,0x214A,0x2108,0x2108,0x18C8,0x18C8,0x2108,0x2108,0x2108,0x2108,
    0x0847,0x18C6,0x2108,0x2108,0x2108,0x2108,0x2108,0x2108,0x2108,0x2108,0x2108,0x2108,0x2108,0x2108,0x2108,0x2108,0x2108,0x2108,0x2108,0x2108,0x2108,0x2108,0x296A,0x296A,0x2108,0x296A,0x2108,0x2108,0x2108,0x2108,0x2108,0x2108,0x2108,0x2108,0x2108,0x2108,0x2108,0x2108,0x2108,0x2108,0x2108,0x2108,0x2108,0x2108,0x18C6,
  },
};
static const uint16_t PREMIUM_SLOT_SYMBOLS[6][168] PROGMEM = {
  {
    0x08A5,0x08A5,0x08A5,0x0885,0x0885,0x08A5,0x08A5,0x0885,0x08A5,0x08A5,0x08A5,0x0885,0x0885,0x10C5,
    0x08A5,0x0885,0x08A5,0x08A5,0x0885,0x5943,0x30A3,0x08E4,0x5444,0x8E65,0x2AC3,0x0885,0x08A5,0x10C5,
    0x08A5,0x0885,0x0885,0x08A5,0x08A5,0x18A4,0x5984,0x10C3,0xA665,0xAE86,0x2243,0x6D64,0x0885,0x10C5,
    0x0885,0x08A5,0x08A5,0x08A5,0x08A5,0xC3A7,0x08A4,0xCC68,0x19E2,0x9604,0xA646,0x4C23,0x3164,0x10C5,
    0x08A5,0x0885,0x0885,0x08A5,0x1883,0x10A4,0x0885,0x3925,0x0862,0x2167,0x5B42,0x5383,0x4AA2,0x10C5,
    0x08A5,0x08A5,0x18A4,0xC1A5,0x9286,0x0884,0x08A5,0x0885,0xAAE6,0x30A4,0x10A4,0x08C5,0x08A5,0x10C5,
    0x0885,0xD1E5,0xFF18,0xE246,0xCAA7,0xB124,0x08A5,0xD164,0x30E3,0x48C3,0xD984,0x88C3,0x08A5,0x10C5,
    0x08A5,0xDA06,0xD123,0xE206,0xE1C5,0xA904,0x7903,0xE183,0xD943,0xE1C5,0xE1C5,0xA0E4,0x10A4,0x10C5,
    0x08A5,0xA8C3,0xE1E6,0xE206,0xB124,0xA0C4,0x7103,0xE1C5,0xE206,0xE1E6,0xB944,0x90C3,0x18A3,0x10C5,
    0x08A5,0x7801,0xA903,0xB924,0x98C3,0x9083,0x10A4,0xA0A3,0xD9A5,0xB124,0xB944,0xC985,0x0885,0x10C5,
    0x08A5,0x08A5,0x0885,0x5021,0x3821,0x08A5,0x0885,0x10A4,0xEA05,0x90E4,0x7863,0x08A5,0x08A5,0x10C5,
    0x0885,0x08A5,0x08A5,0x08A5,0x08A5,0x0885,0x0885,0x0885,0x08A5,0x08A5,0x08A5,0x08A5,0x08A5,0x10C5,
  },
  {
    0x10C5,0x0885,0x0885,0x0885,0x08A5,0x0885,0x08A5,0x08A5,0x0885,0x0885,0x0885,0x0885,0x0885,0x10C5,
    0x10C5,0x0885,0x08A5,0x0885,0x08A5,0x08A5,0x18C6,0x3125,0x2106,0x08A5,0x08A4,0xCEA9,0x0885,0x10C5,
    0x10C5,0x0885,0x0885,0x08A5,0x0885,0xFEE9,0xFE8B,0xFEA7,0xFE88,0xFD83,0x8384,0x20E4,0x08A5,0x10C5,
    0x10C5,0x0885,0x08A5,0x08C6,0xF6F0,0xFE25,0xFF78,0xFF77,0xFEA7,0xFE87,0xFDA4,0x2AC2,0x2125,0x10C5,
    0x10C5,0x0885,0x08A5,0x92A3,0xFE88,0xFECC,0xFF74,0xFE24,0xFE87,0xFEA7,0xE4E3,0x9E65,0x64A3,0x10C5,
    0x10C5,0x08A5,0x10C5,0xF583,0xFEA8,0xFE86,0xFEEC,0xFE87,0xFE87,0xF563,0xF544,0x9646,0x6CE4,0x10C5,
    0x10C5,0x08A5,0x10A4,0xED02,0xFE87,0xFE88,0xFEA8,0xFEC8,0xFE25,0xFD63,0xD402,0x19A4,0x4BE4,0x10C5,
    0x10C5,0x0885,0x18C4,0xF523,0xFEA8,0xFEA7,0xFE88,0xFE87,0xFD84,0xDC03,0xFDC5,0x08A5,0x1922,0x10C5,
    0x10C5,0x08A5,0x0885,0xFE04,0xF503,0xFDA3,0xFDA4,0xFDA4,0xDC22,0xDC42,0x28E4,0x0886,0x08A5,0x10C5,
    0x10C5,0x08A5,0x18C4,0xFDE6,0xDC41,0xE462,0xD422,0xE463,0xF544,0x10A5,0x0885,0x0885,0x0885,0x10C5,
    0x10C5,0x08A5,0x08A5,0x3944,0x5143,0x3965,0x3104,0x3125,0x08A5,0x0885,0x08A5,0x0885,0x0885,0x10C5,
    0x10C5,0x08A5,0x0885,0x0885,0x08A5,0x08A5,0x0885,0x08A5,0x0885,0x0885,0x08A5,0x0885,0x08A5,0x10C5,
  },
  {
    0x10C5,0x08A5,0x08A5,0x0885,0x0885,0x0885,0x0885,0x0885,0x08A5,0x0885,0x0885,0x0885,0x10C5,0x10C5,
    0x10C5,0x08A5,0x0885,0x0885,0x0885,0x08A5,0x08A5,0x08A6,0x2083,0x10A5,0x0885,0x0885,0x10C5,0x10C5,
    0x10C5,0x0885,0x08A5,0x0885,0x08A5,0x10C5,0xF543,0xED43,0x8A22,0xFD63,0x08A5,0x0885,0x10C5,0x10C5,
    0x10C5,0x08A5,0x0885,0x08A5,0x1085,0xFE28,0xFF9B,0xFE67,0xFE88,0xE4A2,0x08A5,0x0885,0x10C5,0x10C5,
    0x10C5,0x0885,0x08A5,0x0885,0xFDC5,0xFFFC,0xFF2F,0xFE88,0xFE88,0xCBE3,0x2903,0x0885,0x10C5,0x10C5,
    0x10C5,0x0885,0x08A5,0x48E1,0xF585,0xFF54,0xFE67,0xFE67,0xECE3,0xD3A3,0xAB84,0x0885,0x10C5,0x10C5,
    0x10C5,0x08A5,0xFEAB,0xFF13,0xFF59,0xFEAA,0xFE69,0xECC3,0xF503,0xDBC2,0x8A62,0x08A5,0x10C5,0x10C5,
    0x10C5,0x3165,0x6961,0x5101,0x69C2,0xCBE3,0xED65,0xFDE5,0xF566,0xC342,0x30E3,0x08A5,0x10C5,0x10C5,
    0x10C5,0x08A5,0xECE4,0x9221,0x9264,0x5982,0x9241,0x8A84,0xECC4,0xDC43,0x08A4,0x0885,0x10C5,0x10C5,
    0x10C5,0x08A5,0x08A5,0xC361,0x9A62,0xFF2A,0xFDA5,0xBB63,0x6182,0xEC82,0x81E1,0x0885,0x10C5,0x10C5,
    0x10C5,0x08A5,0x08A5,0x08A6,0x08A5,0x2925,0xE402,0x9263,0x79C1,0xDCA6,0x40C0,0x0885,0x10C5,0x10C5,
    0x10C5,0x08A5,0x08A5,0x08A6,0x08A5,0x08A5,0x08A5,0x08A5,0x08A5,0x08A5,0x08A5,0x0885,0x10C5,0x10C5,
  },
  {
    0x10C5,0x08A5,0x0885,0x08A5,0x08A5,0x0885,0x08A5,0x0885,0x0885,0x0885,0x0885,0x0885,0x10C5,0x10C5,
    0x10C5,0x0885,0x0885,0x08A5,0x08A6,0x08A5,0x0885,0x08A5,0x08A6,0x08A5,0x0885,0x08A5,0x10C5,0x10C5,
    0x10C5,0x08A5,0x0885,0x08A6,0x18C6,0xFEA9,0xFE8C,0xFE6D,0xFF31,0x10E7,0x08A6,0x0885,0x10C5,0x10C5,
    0x10C5,0x0885,0x08A6,0xFFDA,0x91E1,0xFD44,0xFE28,0xFDE6,0xECC2,0xFECE,0xD4A6,0x08A5,0x10C5,0x10C5,
    0x10C5,0x08A5,0xF626,0xFD43,0xFEAB,0xECA3,0xFFD8,0xCC04,0xF523,0xFD84,0xFF51,0x0865,0x10C5,0x10C5,
    0x10C5,0x08A5,0xFFFE,0xB322,0xF563,0xDC64,0xFECA,0xD404,0xF544,0xF544,0xD381,0x3061,0x10C5,0x10C5,
    0x10C5,0x08A5,0xFFFD,0xF4C3,0xFDA5,0xFD64,0xFE85,0xCC03,0xF544,0xF524,0xD320,0x30A1,0x10C5,0x10C5,
    0x10C5,0x08A5,0xFECD,0xDC03,0xFD64,0xFD85,0xFEA8,0xC3C3,0xF524,0xF523,0xF5ED,0x40C2,0x10C5,0x10C5,
    0x10C5,0x08A5,0xF505,0xFFB6,0xFD85,0xF585,0xF564,0xC3A2,0xF523,0xECA3,0xFDC6,0x10A4,0x10C5,0x10C5,
    0x10C5,0x08A5,0x10C5,0xEC62,0xFFFC,0xCB80,0xFD44,0xFEEF,0xDC02,0xF5E7,0xBAA0,0x08A5,0x10C5,0x10C5,
    0x10C5,0x0885,0x08A5,0x0885,0xAAE0,0xF583,0xF646,0xFE28,0xC321,0x71A1,0x08A5,0x0885,0x10C5,0x10C5,
    0x10C5,0x08A5,0x0885,0x08A5,0x08A5,0x28E3,0x20C4,0x18A3,0x08A5,0x08A5,0x0885,0x0885,0x10C5,0x10C5,
  },
  {
    0x10C5,0x0885,0x0885,0x0885,0x0885,0x0885,0x0885,0x0885,0x0885,0x0885,0x0885,0x0885,0x10C5,0x10C5,
    0x10C5,0x0885,0x08A5,0x0885,0x0885,0x08A5,0x08A5,0x0885,0x0885,0x08A5,0x08A5,0x0885,0x10C5,0x10C5,
    0x10C5,0x3105,0xCB07,0x5142,0xFFFF,0x80A2,0x9082,0xFF2B,0x68E3,0xC449,0xD52C,0x2862,0x10C5,0x10C5,
    0x10C5,0x3104,0xF6F8,0xDA25,0xF2A7,0xD984,0xE226,0xE267,0xFC0A,0xF368,0xE287,0x2882,0x10C5,0x10C5,
    0x10C5,0x3924,0xF287,0xDA26,0x8882,0x90A2,0xA903,0xD9C5,0xDA46,0xDA06,0xA0E3,0x38A2,0x10C5,0x10C5,
    0x10C5,0x3104,0xDA06,0xFF13,0x6121,0x4922,0x9AC1,0xFDAA,0xC9A4,0xC9E6,0xCBC4,0x0884,0x10C5,0x10C5,
    0x10C5,0x3903,0xA222,0xAA61,0x08A6,0x0885,0xEE2E,0xDA26,0xD9E6,0xFE28,0x3103,0x08A5,0x10C5,0x10C5,
    0x10C5,0x08A5,0x08A5,0x08A5,0x10C6,0xFF98,0xEBAB,0xD9E5,0xA904,0x9281,0x0885,0x0885,0x10C5,0x10C5,
    0x10C5,0x08A5,0x0885,0x08A5,0xF6F2,0xE247,0xD9C5,0xDA06,0x6002,0x18C6,0x0885,0x0885,0x10C5,0x10C5,
    0x10C5,0x0885,0x0885,0x10A5,0xE406,0xD9E5,0xDA05,0xC144,0xFF0D,0x08A5,0x08A5,0x0885,0x10C5,0x10C5,
    0x10C5,0x08A5,0x08A5,0x10C4,0x6801,0x7041,0x7841,0x6841,0xFECE,0x08A5,0x08A5,0x0885,0x10C5,0x10C5,
    0x10C5,0x08A5,0x08A6,0x08A5,0x30E2,0x3902,0x3102,0x38C2,0x38E2,0x08A5,0x0885,0x0885,0x10C5,0x10C5,
  },
  {
    0x10C5,0x0885,0x0885,0x08A5,0x0885,0x0885,0x08A5,0x08A5,0x08A5,0x08A5,0x0885,0x0885,0x0885,0x10C5,
    0x10C5,0x0885,0x0885,0x08A5,0x08A5,0x08A6,0x08A5,0x08A5,0x08A5,0x08A5,0x0885,0x0885,0x0885,0x10C5,
    0x10C5,0x0885,0x08A5,0x21A8,0xFFFF,0x6E3F,0x6E5F,0x6E3F,0x6E5F,0x21AC,0x0885,0x0885,0x0885,0x10C5,
    0x10C5,0x08A5,0x2147,0x6E3F,0xEFBE,0x6E3F,0x7E7F,0x6E3F,0xCF9F,0x1294,0x19EE,0x08A5,0x0885,0x10C5,
    0x10C5,0x0864,0x6E3F,0xCF5F,0xF7DF,0xFFFF,0x5E3F,0xFFFF,0x09F3,0x2379,0x1294,0x41C7,0x08A5,0x10C5,
    0x10C5,0x28E4,0x553C,0xDFBE,0x9EFF,0x6E7F,0x6E5F,0x6E5F,0x0990,0x1B16,0x54DC,0x1358,0x0885,0x10C5,
    0x10C5,0x08A5,0x1A12,0x2C5B,0x4D1D,0x1C5C,0x44DC,0x2C3B,0x1AB5,0x1252,0x4D1B,0x08A5,0x0885,0x10C5,
    0x10C5,0x08A5,0x08A5,0x2B37,0x2C7C,0x1C7D,0x2C9D,0x23FB,0x1AB5,0x7E9E,0x0885,0x08A5,0x0885,0x10C5,
    0x10C5,0x08A5,0x08A5,0x08A5,0xB75F,0x763F,0x2C9D,0x4D7E,0x2317,0x08A5,0x0885,0x0885,0x08A5,0x10C5,
    0x10C5,0x0885,0x08A5,0x08A5,0x08A5,0xCF7E,0x2CBE,0x1A52,0x08A5,0x08A5,0x08A5,0x08A5,0x08A5,0x10C5,
    0x10C5,0x0885,0x0885,0x08A5,0x08A5,0x08A5,0xB6BC,0x0884,0x0885,0x08A5,0x0885,0x08A5,0x08A5,0x10C5,
    0x10C5,0x08A5,0x0885,0x0885,0x0885,0x08A5,0x08A5,0x08A5,0x08A5,0x08A5,0x0885,0x08A5,0x0885,0x10C5,
  },
};
static const uint16_t PREMIUM_ITEM_ICONS[7][256] PROGMEM = {
  {
    0x10C5,0x10C5,0x10C5,0x10C5,0x10C5,0x10C5,0x10C5,0x10C5,0x10C5,0x10C5,0x10C5,0x10C5,0x10C5,0x10C5,0x10C5,0x10C5,
    0x10C5,0x10C5,0x10C5,0x10C5,0x10C5,0x10C5,0x10C5,0x10C5,0x10C5,0x10C5,0x10C5,0x10C5,0x10C5,0x10C5,0x10C5,0x10C5,
    0x10C5,0x10C5,0x10C5,0x10C5,0x10C5,0x10C5,0x10C5,0x10C5,0x10C5,0x10C5,0x10C5,0x10C5,0x10C5,0x10C5,0x10C5,0x10C5,
    0x0885,0x0885,0x0885,0x0885,0x08A5,0x0885,0x2906,0x2863,0xFCAE,0xEA28,0xBB83,0x50E2,0xA903,0xFDF4,0x2946,0x10A5,
    0x0885,0x08A5,0x08A5,0x08A5,0x08A5,0x2041,0xA925,0x60A2,0xB365,0x8A03,0x9243,0x79E3,0xA2E5,0x7162,0x79A4,0xFCAF,
    0x08A5,0x0885,0x0885,0x08A5,0x08A5,0xFDB4,0x38C2,0x8A44,0xAB05,0x6983,0x92A5,0x6982,0x5142,0x9264,0x7203,0x5904,
    0x0885,0x0885,0x0885,0x0885,0x38E4,0xC985,0xE40C,0x4860,0x7183,0x8203,0x5942,0x4902,0xA284,0x3040,0x2882,0xFDD3,
    0x0885,0x0885,0x08A5,0x08A5,0x5082,0xC985,0xEA26,0xFC8D,0xDA47,0xDAC9,0xDAE9,0xDAE9,0xD268,0xD266,0xA904,0x9905,
    0x0885,0x08A5,0x08A5,0x08A5,0xC103,0xE206,0xF48F,0xF287,0xE247,0xB923,0xCB4A,0xF75C,0xC9A5,0xC185,0xC984,0x88E4,
    0x0885,0x0885,0x08A5,0x28C3,0xA0C2,0xD9C5,0xF4F0,0xEA26,0xC30B,0xECD0,0xC144,0xC924,0xF6D8,0xB945,0xD9E6,0x9105,
    0x0885,0x0885,0x08A5,0x08A5,0xA0E3,0xCA27,0xC9A4,0xE206,0xD9C5,0xD1C6,0xFF58,0xFF18,0xB124,0xC9C6,0xB985,0x8905,
    0x08A5,0x08A5,0x08A5,0x08A5,0x10C5,0x7862,0xD1C5,0xD266,0xC184,0xBAE9,0xEE56,0xE5F4,0x7882,0xC9C6,0xD247,0x88E3,
    0x0885,0x0885,0x0885,0x08A5,0x0885,0x08A5,0x0885,0x0884,0x6041,0x7062,0x7882,0x7082,0x7082,0x6082,0x1084,0x08A5,
    0x0885,0x08A5,0x08A5,0x0885,0x08A5,0x08A5,0x08A5,0x08A5,0x08A5,0x08A5,0x0885,0x0885,0x08A5,0x08A5,0x08A5,0x08A5,
    0x08A5,0x0885,0x0885,0x0885,0x08A5,0x08A5,0x08A5,0x08A5,0x0885,0x0885,0x0885,0x0885,0x0885,0x0885,0x0885,0x08A5,
    0x0885,0x0885,0x0885,0x0885,0x0885,0x08A5,0x08A6,0x0885,0x0885,0x0885,0x0885,0x08A5,0x0885,0x0885,0x0885,0x08A5,
  },
  {
    0x10C5,0x10C5,0x10C5,0x10C5,0x10C5,0x10C5,0x10C5,0x10C5,0x10C5,0x10C5,0x10C5,0x10C5,0x10C5,0x10C5,0x10C5,0x10C5,
    0x10C5,0x10C5,0x10C5,0x10C5,0x10C5,0x10C5,0x10C5,0x10C5,0x10C5,0x10C5,0x10C5,0x10C5,0x10C5,0x10C5,0x10C5,0x10C5,
    0x08A5,0x0885,0x08A5,0x08A5,0x08A5,0x08A5,0x3124,0x3144,0x3966,0x08A5,0x0885,0x08A5,0x08A5,0x08A5,0x0885,0x0885,
    0x0885,0x08A5,0x08A5,0x08A5,0x10A4,0x663E,0xEFDF,0xDFBF,0xCF5F,0x3459,0x08A5,0x08A5,0x0885,0x0885,0x08A5,0x0885,
    0x0885,0x0885,0x08A5,0x3924,0xD79F,0xAEDF,0xD7DF,0x7DFD,0x75BC,0x557D,0x5D5D,0x10A4,0x08A5,0x0885,0x08A6,0x08A5,
    0x0885,0x0885,0x2925,0xA65E,0x4B51,0xEFFF,0xAEFF,0x3439,0x4CDB,0x965D,0x65BD,0x3C5A,0x0863,0x08A5,0x28C4,0x08A5,
    0x0885,0x08A5,0x865D,0x965E,0xCF5F,0xCF5F,0x8E3E,0x3418,0x3C39,0x54FC,0x3C3A,0x653B,0x0883,0x5CDB,0x1399,0x08A6,
    0x08A5,0x08A5,0x1084,0x12D5,0x7DFE,0x6DDE,0x8E7E,0x3C17,0x3419,0x5D5D,0x2BD8,0x1B15,0x2377,0x33F9,0x0884,0x0885,
    0x0885,0x08A5,0x08A5,0x4AEE,0x765F,0x7E5F,0x1A30,0x447B,0x2BB8,0x449A,0x2356,0x2335,0x3354,0x34BB,0x00A8,0x08A5,
    0x08A5,0x08A5,0x08A5,0x08A5,0x2104,0x2BB7,0x1B97,0x2376,0x12D4,0x2335,0x2105,0x08C6,0x10C5,0x3459,0x0AF5,0x08A5,
    0x0885,0x08A5,0x08A5,0x08A6,0x0885,0x08A5,0x08A5,0x0843,0x1B57,0x3166,0x08A6,0x08A6,0x08A5,0x08A5,0x08A5,0x08A5,
    0x0885,0x0885,0x0885,0x08A5,0x08A5,0x0885,0x08A5,0x08A5,0x08A5,0x08A5,0x08A5,0x08A6,0x08A5,0x08A5,0x08A5,0x0885,
    0x0885,0x0885,0x08A5,0x0885,0x0885,0x08A5,0x0885,0x08A5,0x08A5,0x0885,0x0885,0x08A5,0x08A5,0x08A5,0x08A5,0x0885,
    0x08A5,0x08A5,0x0885,0x0885,0x08A5,0x0885,0x08A5,0x08A5,0x08A5,0x08A5,0x08A5,0x08A5,0x0885,0x08A5,0x0885,0x0885,
    0x0885,0x0885,0x08A5,0x0885,0x0885,0x0885,0x0885,0x08A5,0x08A5,0x08A5,0x0885,0x0885,0x0885,0x0885,0x0885,0x0885,
    0x0885,0x0885,0x0885,0x0885,0x0885,0x0885,0x08A5,0x0885,0x0885,0x0885,0x0885,0x0885,0x08A5,0x0885,0x0885,0x0885,
  },
  {
    0x10C5,0x10C5,0x10C5,0x10C5,0x10C5,0x10C5,0x10C5,0x10C5,0x10C5,0x10C5,0x10C5,0x10C5,0x10C5,0x10C5,0x10C5,0x10C5,
    0x0885,0x08A5,0x0885,0x0885,0x0885,0x08A5,0x20C7,0x1825,0xB297,0xAA55,0xA275,0x1845,0x08A5,0x08A5,0x08A5,0x0885,
    0x0885,0x0885,0x08A5,0x0885,0x08A5,0x0824,0x91B3,0xD3FA,0xB2B6,0x9193,0x7151,0x89F3,0x58EC,0x08A5,0x08A5,0x08A5,
    0x08A5,0x08A5,0x08A5,0x0885,0x20E7,0xCBBA,0xECFC,0xA254,0xDC1B,0xAA96,0xCBF9,0xCBB9,0x592E,0x61CE,0x08A5,0x0885,
    0x0885,0x0885,0x08A5,0x08A5,0xAAB7,0x7971,0xD3FA,0xCBB9,0xB295,0xB2D6,0xCB19,0x612F,0x9A76,0x6970,0x0884,0x08A5,
    0x0885,0x08A5,0x08A5,0x10C5,0x7170,0xC318,0x7151,0x8A14,0xC277,0xC359,0x58EE,0xAAF6,0x81D2,0x614F,0x28A5,0x0885,
    0x0885,0x08A5,0x08A5,0x08A5,0x9254,0x91D3,0x89D3,0xECFD,0xA215,0xA295,0xC3B8,0x81B3,0x9274,0x58EE,0x28A5,0x0885,
    0x0885,0x08A5,0x08A5,0x08A5,0x594E,0xA255,0xFE5E,0x7191,0xC358,0x48CB,0xAB16,0xAB36,0x512D,0x6970,0x28A5,0x08A5,
    0x0885,0x0885,0x08A5,0x08A5,0x8A71,0x8A33,0xCBDA,0x590E,0x48EC,0xAAD6,0x40EB,0x9AB5,0x514D,0x71D1,0x08A5,0x08A5,
    0x0885,0x08A5,0x08A5,0x08A5,0x0863,0x592E,0x594E,0x6990,0x696F,0x594E,0x7992,0x594E,0x618F,0x410A,0x08A4,0x0865,
    0x0885,0x08A5,0x08A5,0x1884,0x1846,0x18A5,0x20A6,0x8A14,0x69CF,0x40EB,0x7A12,0x590C,0x10A5,0x1026,0x9B16,0x8212,
    0x0885,0x08A5,0x08A5,0x10A5,0xBB37,0xB337,0x50AB,0x20A6,0x20A5,0x1884,0x20A5,0x0885,0x08A6,0x08A5,0x08A4,0x08A6,
    0x0885,0x08A5,0x0885,0x08A5,0x08A5,0x08A5,0x0885,0x0885,0x0885,0x08A5,0x08A5,0x0885,0x08A5,0x0885,0x08A5,0x08A5,
    0x0885,0x08A5,0x0885,0x0885,0x08A5,0x0885,0x08A5,0x0885,0x0885,0x0885,0x08A5,0x08A5,0x08A5,0x0885,0x08A5,0x08A5,
    0x0885,0x0885,0x0885,0x08A5,0x08A5,0x08A5,0x08A5,0x0885,0x0885,0x0885,0x08A5,0x0885,0x0885,0x08A5,0x0885,0x0885,
    0x0885,0x08A5,0x0885,0x08A5,0x08A5,0x08A5,0x08A5,0x0885,0x0885,0x0885,0x0885,0x0885,0x0885,0x0885,0x08A5,0x08A5,
  },
  {
    0x10C5,0x08A5,0x08A5,0x08A5,0x08A5,0x0885,0x08A5,0x6C12,0x2AF1,0x3353,0x3A4B,0x08A6,0x08A5,0x08A5,0x08A5,0x10C5,
    0x10C5,0x08A5,0x08A5,0x08A5,0x08A5,0x08A5,0x0884,0x1B79,0x653B,0x2B98,0x22F5,0x08A5,0x0885,0x0885,0x0885,0x10C5,
    0x10C5,0x08A5,0x08A5,0x08A5,0x0885,0x0885,0x08A5,0xBD73,0x092B,0x118B,0xDE35,0x08A5,0x08A5,0x08A5,0x0885,0x10C5,
    0x10C5,0x08A5,0x0885,0x08A5,0x08A5,0x08A5,0x18E5,0xCDF6,0xC5F7,0xBDF7,0xAD55,0x0884,0x08A5,0x08A5,0x0885,0x10C5,
    0x10C5,0x0885,0x08A5,0x0885,0x08A5,0x08A5,0x4208,0xFFBC,0xFF79,0xFF7A,0xEEB5,0x18E4,0x08A5,0x0885,0x0885,0x10C5,
    0x10C5,0x0885,0x0885,0x08A5,0x08A5,0x08A5,0xE634,0xFFDD,0xFFFF,0xFFDD,0xFF7A,0xC593,0x08A5,0x08A5,0x0885,0x10C5,
    0x10C5,0x0885,0x08A5,0x0885,0x08A5,0x08A5,0xE654,0xFF9B,0xFF79,0xFF79,0xEE95,0xBD73,0x08A5,0x08A5,0x0885,0x10C5,
    0x10C5,0x0885,0x08A5,0x08A5,0x0885,0x08A5,0xE654,0xFF9B,0xFF79,0xFF7A,0xEE95,0xBD31,0x08A5,0x08A5,0x08A5,0x10C5,
    0x10C5,0x08A5,0x08A5,0x08A5,0x0885,0x0884,0xE674,0xFF9B,0xFF79,0xFF79,0xEE95,0xBD52,0x08A5,0x08A5,0x0885,0x10C5,
    0x10C5,0x0885,0x08A5,0x08A5,0x0885,0x0884,0xE654,0xFF9A,0xFF79,0xFF59,0xEE74,0xC593,0x08A5,0x08A5,0x08A5,0x10C5,
    0x10C5,0x0885,0x0885,0x08A5,0x0885,0x08A5,0xB4F1,0xFF79,0xFF79,0xFFBA,0xD5F3,0x9C6F,0x08A5,0x08A5,0x08A5,0x10C5,
    0x10C5,0x0885,0x08A5,0x08A5,0x08A5,0x08A5,0x20E4,0xBD72,0xB532,0xB554,0xAD33,0x0085,0x08A6,0x08A5,0x08A5,0x10C5,
    0x10C5,0x0885,0x0885,0x08A5,0x08A5,0x0885,0x08A5,0x0885,0x0885,0x08A5,0x0885,0x08A5,0x08A5,0x08A5,0x0885,0x10C5,
    0x10C5,0x0885,0x08A5,0x08A5,0x0885,0x0885,0x0885,0x08A5,0x0885,0x0885,0x08A5,0x0885,0x08A5,0x0885,0x0885,0x10C5,
    0x10C5,0x0885,0x08A5,0x08A5,0x0885,0x0885,0x0885,0x0885,0x08A5,0x0885,0x08A5,0x0885,0x0885,0x0885,0x0885,0x10C5,
    0x10C5,0x0885,0x0885,0x0885,0x0885,0x0885,0x0885,0x0885,0x0885,0x08A5,0x0885,0x0885,0x0885,0x0885,0x0885,0x10C5,
  },
  {
    0x10C5,0x10C5,0x10C5,0x10C5,0x10C5,0x10C5,0x10C5,0x10C5,0x10C5,0x10C5,0x10C5,0x10C5,0x10C5,0x10C5,0x10C5,0x10C5,
    0x0885,0x08A5,0x0885,0x08A5,0x08A5,0x0885,0x08A5,0x08A5,0x08A5,0x08A5,0x08A5,0x0885,0x08A5,0x0885,0x0885,0x08A5,
    0x0885,0x0885,0x08A5,0x08A5,0x0885,0x0885,0x08A5,0x0885,0x08A5,0x08A5,0x08A5,0x08A6,0x0885,0x08A5,0x08A5,0x08A5,
    0x0885,0x0885,0x0885,0x08A5,0x08A5,0x08A5,0x08A5,0x2966,0x7D23,0xAEC8,0x64C3,0x1125,0x2106,0x08A5,0x08A5,0x08A5,
    0x08A5,0x0885,0x0885,0x0885,0x0885,0x10C5,0x9584,0x9DE6,0x8DE6,0xA687,0xA626,0x85A6,0x64E5,0x6D86,0x08A6,0x08A5,
    0x0885,0x0885,0x0885,0x0885,0x0886,0xBF06,0x4B64,0xB6E7,0x7D66,0x4C45,0x1AC2,0x8585,0x7546,0x21E3,0x0886,0x0885,
    0x08A5,0x0885,0x0885,0x08A5,0x18E1,0xAEC7,0x7545,0xA666,0x2AE1,0x5CC4,0x4C44,0x8DE6,0x4C04,0x2103,0x08A5,0x0885,
    0x0885,0x08A5,0x08A5,0x08A5,0x74E5,0x5444,0x6CC5,0x7546,0xA687,0xA646,0x95E5,0x8586,0x3B22,0x0885,0x08A5,0x0885,
    0x08A5,0x0885,0x0885,0x08A5,0x6CC5,0x7DA6,0x9E65,0xBF08,0xAEC7,0x5C85,0x7566,0x3B42,0x08A5,0x0885,0x0885,0x0885,
    0x0885,0x0885,0x08A5,0x0885,0x42E4,0x85A6,0x5C83,0x9606,0x6D24,0x85A6,0x5464,0x0885,0x08A5,0x08A5,0x08A5,0x0885,
    0x0885,0x0885,0x08A5,0x0882,0x5BC4,0x18E4,0x5BE6,0x43A4,0x4BA4,0x1925,0x08A6,0x08A5,0x0885,0x0885,0x0885,0x0885,
    0x0885,0x08A5,0x08A5,0x5364,0x18E3,0x08A5,0x08A6,0x08A5,0x08A6,0x08A5,0x08A5,0x08A5,0x08A5,0x08A5,0x0885,0x0885,
    0x08A5,0x0885,0x08A5,0x08A5,0x08A5,0x08A5,0x08A5,0x08A6,0x08A6,0x0885,0x08A5,0x08A5,0x08A5,0x08A5,0x0885,0x0885,
    0x08A5,0x0885,0x08A5,0x0885,0x08A5,0x08A5,0x08A5,0x08A5,0x08A5,0x08A5,0x08A5,0x0885,0x0885,0x08A5,0x08A5,0x0885,
    0x0885,0x0885,0x0885,0x0885,0x0885,0x0885,0x0885,0x0885,0x0885,0x0885,0x0885,0x0885,0x0885,0x0885,0x0885,0x0885,
    0x0885,0x0885,0x0885,0x0885,0x0885,0x08A5,0x0885,0x0885,0x0885,0x0885,0x08A5,0x0885,0x0885,0x08A5,0x08A5,0x08A5,
  },
  {
    0x10C5,0x08A5,0x08A5,0x0885,0x0885,0x08A5,0x08A5,0x08A5,0x08A5,0x08A5,0x08A5,0x0885,0x0885,0x08A5,0x0885,0x10C5,
    0x10C5,0x08A5,0x08A5,0x08A5,0x0885,0x08A5,0x08A5,0x9AC2,0xFF10,0x48E0,0x08A5,0x0885,0x08A5,0x0885,0x0885,0x10C5,
    0x10C5,0x0885,0x08A5,0x08A5,0x08A5,0x08A5,0xAA20,0xF5C6,0xD341,0xF6F3,0xE484,0x08A5,0x0885,0x0885,0x08A5,0x10C5,
    0x10C5,0x0885,0x0885,0x08A5,0x0885,0x28E3,0xFEEB,0x18E5,0x08A5,0x30E3,0xED02,0x9AA2,0x08A5,0x0885,0x0885,0x10C5,
    0x10C5,0x08A5,0x08A5,0x08A5,0x08A5,0x28C3,0xFDC7,0x10A4,0x0885,0x08A5,0x10A5,0xED23,0x0884,0x0885,0x0885,0x10C5,
    0x10C5,0x0885,0x0885,0x0885,0x08A5,0x08C5,0xDBE2,0xFEEF,0x2903,0x08A6,0x20E5,0xC2C0,0x0864,0x0885,0x0885,0x10C5,
    0x10C5,0x0885,0x08A5,0x0885,0x0885,0x08A4,0xFFFF,0xC361,0xFEAB,0xFD85,0xFE69,0x4145,0x08A5,0x0885,0x0885,0x10C5,
    0x10C5,0x0885,0x0885,0x0885,0x1926,0xED28,0xED06,0x18E4,0xB2C1,0xB2A0,0x1083,0x0885,0x0885,0x0885,0x0885,0x10C5,
    0x10C5,0x0885,0x0885,0x10C5,0xE4E9,0xF525,0x3904,0x0885,0x0885,0x08A5,0x08A5,0x08A5,0x0885,0x08A5,0x0885,0x10C5,
    0x10C5,0x0885,0x2126,0xFF92,0xF482,0xED67,0x0084,0x0885,0x0885,0x0885,0x08A5,0x08A5,0x0885,0x0885,0x08A5,0x10C5,
    0x10C5,0x08A5,0xFE8B,0xE4A2,0xF629,0xEDAA,0xED65,0x0885,0x0885,0x08A5,0x0885,0x08A5,0x08A5,0x08A5,0x0885,0x10C5,
    0x10C5,0x08A5,0x10C4,0x28E4,0xFEC6,0xFEE7,0x08C6,0x0886,0x0885,0x0885,0x08A5,0x08A5,0x08A5,0x08A5,0x0885,0x10C5,
    0x10C5,0x0885,0x08A6,0x0885,0x0885,0x10A5,0x08A5,0x08A5,0x0885,0x08A5,0x08A5,0x08A5,0x08A5,0x0885,0x08A5,0x10C5,
    0x10C5,0x0885,0x0885,0x0885,0x08A5,0x08A5,0x0885,0x0885,0x08A5,0x0885,0x08A5,0x08A5,0x0885,0x0885,0x0885,0x10C5,
    0x10C5,0x08A5,0x0885,0x0885,0x08A5,0x0885,0x0885,0x08A5,0x08A5,0x08A5,0x0885,0x08A5,0x08A5,0x0885,0x0885,0x10C5,
    0x10C5,0x08A5,0x0885,0x0885,0x08A5,0x08A5,0x08A5,0x08A5,0x08A5,0x08A5,0x08A5,0x08A5,0x08A5,0x08A5,0x08A5,0x10C5,
  },
  {
    0x10C5,0x10C5,0x10C5,0x10C5,0x10C5,0x10C5,0x10C5,0x10C5,0x10C5,0x10C5,0x10C5,0x10C5,0x10C5,0x10C5,0x10C5,0x10C5,
    0x10C5,0x10C5,0x10C5,0x10C5,0x10C5,0x10C5,0x10C5,0x10C5,0x10C5,0x10C5,0x10C5,0x10C5,0x10C5,0x10C5,0x10C5,0x10C5,
    0x0885,0x0885,0x0885,0x0885,0x0885,0x0885,0x0885,0x0885,0x08A6,0x0885,0x0885,0x0885,0x08A5,0x0885,0x08A5,0x08A5,
    0x0885,0x08A5,0x08A5,0x3124,0x2904,0x2904,0x2904,0x2104,0x2925,0x1905,0x2946,0x2946,0x08A5,0x0885,0x0885,0x08A5,
    0x08A5,0x08A5,0xF649,0xB345,0xDC27,0xD407,0xD3E7,0xCBA6,0xBB26,0xE486,0xD423,0xB2E2,0x2105,0x08A5,0x08A5,0x08A5,
    0x08A5,0x28A2,0xC3A4,0xCBA5,0xD427,0xCBC6,0xCBE7,0xBB46,0x5963,0xFF31,0x5143,0x5163,0x9263,0x0885,0x08A5,0x08A5,
    0x08A5,0xFDA6,0x38E2,0xCBA6,0xB305,0xB325,0xC3A8,0xB326,0x8243,0xFF0C,0x69C3,0x6983,0x9263,0x0885,0x08A5,0x08A5,
    0x08A5,0xED25,0x4922,0x8A64,0xEE6B,0xF733,0x3080,0x8A24,0x7243,0xF524,0x5142,0x9A83,0xA282,0x08A5,0x0885,0x08A5,
    0x0885,0xDC21,0xE443,0xF4E4,0xF5E8,0x5CB8,0xC381,0xEC83,0xDC03,0xFDE8,0x9A62,0x4102,0x7203,0x0885,0x08A5,0x0885,
    0x08A5,0xD444,0x2881,0x4922,0xF5C7,0x116A,0xA2E3,0x5142,0x5961,0x9242,0x5942,0x6983,0x69C3,0x08A5,0x0885,0x0885,
    0x0885,0xF4E4,0x30A1,0xAAC5,0x9244,0x4923,0xC366,0x9AA4,0x8243,0xFE67,0x71C4,0x69E2,0x6181,0x0885,0x0885,0x0885,
    0x08A5,0xF5A7,0xAAE3,0x6183,0x5142,0x5123,0x5142,0x5962,0xCC45,0xFDA5,0xC302,0x20C3,0x08A5,0x0885,0x0885,0x0885,
    0x08A5,0x28A2,0x2840,0x2880,0x2881,0x2880,0x2880,0x2060,0x3081,0x3080,0x08A6,0x08A5,0x08A5,0x0885,0x0885,0x0885,
    0x0885,0x0885,0x08A5,0x0885,0x0885,0x08A5,0x0885,0x0885,0x0885,0x0885,0x0885,0x0885,0x08A5,0x08A5,0x0885,0x08A5,
    0x0885,0x08A5,0x0885,0x08A5,0x0885,0x0885,0x0885,0x0885,0x0885,0x0885,0x0885,0x08A5,0x0885,0x0885,0x0885,0x0885,
    0x0885,0x0885,0x08A5,0x08A5,0x0885,0x0885,0x0885,0x0885,0x0885,0x0885,0x0885,0x08A5,0x08A5,0x0885,0x0885,0x0885,
  },
};
